02:18:35.291 33728 explorer.exe  [WH] [local@context-menu-overhaul] [5697:Wh_ModUninit]: Context Menu Overhaul uninit
02:18:35.310 19196 explorer.exe  [WH] [local@context-menu-overhaul] [5697:Wh_ModUninit]: Context Menu Overhaul uninit
02:18:35.315 33728 explorer.exe  [WH] [local@context-menu-overhaul] [5635:Wh_ModInit]: Context Menu Overhaul init
02:18:35.329 33728 explorer.exe  [WH] [local@context-menu-overhaul] [5676:Wh_ModInit]: Population hook installed
02:18:35.330 33728 explorer.exe  [WH] [local@context-menu-overhaul] [799:LogShellNewProbe]: ShellNew probe .txt root=HKCR ext=1 shellnew=0 prog='txtfilelegacy' progShellNew=0
02:18:35.330 33728 explorer.exe  [WH] [local@context-menu-overhaul] [799:LogShellNewProbe]: ShellNew probe .txt root=HKCU ext=1 shellnew=0 prog='' progShellNew=0
02:18:35.330 33728 explorer.exe  [WH] [local@context-menu-overhaul] [799:LogShellNewProbe]: ShellNew probe .txt root=HKLM ext=1 shellnew=0 prog='txtfilelegacy' progShellNew=0
02:18:35.330 33728 explorer.exe  [WH] [local@context-menu-overhaul] [799:LogShellNewProbe]: ShellNew probe .txt root=HKLM ext=0 shellnew=0 prog='' progShellNew=0
02:18:35.331 33728 explorer.exe  [WH] [local@context-menu-overhaul] [799:LogShellNewProbe]: ShellNew probe .bmp root=HKCR ext=1 shellnew=0 prog='Photoshop.BMPFile.170' progShellNew=0
02:18:35.332 33728 explorer.exe  [WH] [local@context-menu-overhaul] [799:LogShellNewProbe]: ShellNew probe .bmp root=HKCU ext=1 shellnew=0 prog='Photoshop.BMPFile.170' progShellNew=0
02:18:35.332 33728 explorer.exe  [WH] [local@context-menu-overhaul] [799:LogShellNewProbe]: ShellNew probe .bmp root=HKLM ext=1 shellnew=0 prog='Paint.Picture' progShellNew=0
02:18:35.332 33728 explorer.exe  [WH] [local@context-menu-overhaul] [799:LogShellNewProbe]: ShellNew probe .bmp root=HKLM ext=0 shellnew=0 prog='' progShellNew=0
02:18:35.332 33728 explorer.exe  [WH] [local@context-menu-overhaul] [799:LogShellNewProbe]: ShellNew probe .rtf root=HKCR ext=1 shellnew=0 prog='' progShellNew=0
02:18:35.333 33728 explorer.exe  [WH] [local@context-menu-overhaul] [799:LogShellNewProbe]: ShellNew probe .rtf root=HKCU ext=1 shellnew=0 prog='' progShellNew=0
02:18:35.333 33728 explorer.exe  [WH] [local@context-menu-overhaul] [799:LogShellNewProbe]: ShellNew probe .rtf root=HKLM ext=1 shellnew=0 prog='' progShellNew=0
02:18:35.333 33728 explorer.exe  [WH] [local@context-menu-overhaul] [799:LogShellNewProbe]: ShellNew probe .rtf root=HKLM ext=0 shellnew=0 prog='' progShellNew=0
02:18:35.333 33728 explorer.exe  [WH] [local@context-menu-overhaul] [799:LogShellNewProbe]: ShellNew probe .pptx root=HKCR ext=1 shellnew=0 prog='PowerPoint.Show.12' progShellNew=0
02:18:35.333 33728 explorer.exe  [WH] [local@context-menu-overhaul] [799:LogShellNewProbe]: ShellNew probe .pptx root=HKCU ext=0 shellnew=0 prog='' progShellNew=0
02:18:35.333 33728 explorer.exe  [WH] [local@context-menu-overhaul] [799:LogShellNewProbe]: ShellNew probe .pptx root=HKLM ext=1 shellnew=0 prog='PowerPoint.Show.12' progShellNew=0
02:18:35.334 33728 explorer.exe  [WH] [local@context-menu-overhaul] [799:LogShellNewProbe]: ShellNew probe .pptx root=HKLM ext=0 shellnew=0 prog='' progShellNew=0
02:18:35.443 19196 explorer.exe  [WH] [local@context-menu-overhaul] [5635:Wh_ModInit]: Context Menu Overhaul init
02:18:35.459 19196 explorer.exe  [WH] [local@context-menu-overhaul] [799:LogShellNewProbe]: ShellNew probe .txt root=HKCR ext=1 shellnew=0 prog='txtfilelegacy' progShellNew=0
02:18:35.460 19196 explorer.exe  [WH] [local@context-menu-overhaul] [5676:Wh_ModInit]: Population hook installed
02:18:35.460 19196 explorer.exe  [WH] [local@context-menu-overhaul] [799:LogShellNewProbe]: ShellNew probe .txt root=HKCU ext=1 shellnew=0 prog='' progShellNew=0
02:18:35.460 19196 explorer.exe  [WH] [local@context-menu-overhaul] [799:LogShellNewProbe]: ShellNew probe .txt root=HKLM ext=1 shellnew=0 prog='txtfilelegacy' progShellNew=0
02:18:35.460 19196 explorer.exe  [WH] [local@context-menu-overhaul] [799:LogShellNewProbe]: ShellNew probe .txt root=HKLM ext=0 shellnew=0 prog='' progShellNew=0
02:18:35.461 19196 explorer.exe  [WH] [local@context-menu-overhaul] [799:LogShellNewProbe]: ShellNew probe .bmp root=HKCR ext=1 shellnew=0 prog='Photoshop.BMPFile.170' progShellNew=0
02:18:35.461 19196 explorer.exe  [WH] [local@context-menu-overhaul] [799:LogShellNewProbe]: ShellNew probe .bmp root=HKCU ext=1 shellnew=0 prog='Photoshop.BMPFile.170' progShellNew=0
02:18:35.461 19196 explorer.exe  [WH] [local@context-menu-overhaul] [799:LogShellNewProbe]: ShellNew probe .bmp root=HKLM ext=1 shellnew=0 prog='Paint.Picture' progShellNew=0
02:18:35.461 19196 explorer.exe  [WH] [local@context-menu-overhaul] [799:LogShellNewProbe]: ShellNew probe .bmp root=HKLM ext=0 shellnew=0 prog='' progShellNew=0
02:18:35.461 19196 explorer.exe  [WH] [local@context-menu-overhaul] [799:LogShellNewProbe]: ShellNew probe .rtf root=HKCR ext=1 shellnew=0 prog='' progShellNew=0
02:18:35.462 19196 explorer.exe  [WH] [local@context-menu-overhaul] [799:LogShellNewProbe]: ShellNew probe .rtf root=HKCU ext=1 shellnew=0 prog='' progShellNew=0
02:18:35.462 19196 explorer.exe  [WH] [local@context-menu-overhaul] [799:LogShellNewProbe]: ShellNew probe .rtf root=HKLM ext=1 shellnew=0 prog='' progShellNew=0
02:18:35.462 19196 explorer.exe  [WH] [local@context-menu-overhaul] [799:LogShellNewProbe]: ShellNew probe .rtf root=HKLM ext=0 shellnew=0 prog='' progShellNew=0
02:18:35.462 19196 explorer.exe  [WH] [local@context-menu-overhaul] [799:LogShellNewProbe]: ShellNew probe .pptx root=HKCR ext=1 shellnew=0 prog='PowerPoint.Show.12' progShellNew=0
02:18:35.462 19196 explorer.exe  [WH] [local@context-menu-overhaul] [799:LogShellNewProbe]: ShellNew probe .pptx root=HKCU ext=0 shellnew=0 prog='' progShellNew=0
02:18:35.462 19196 explorer.exe  [WH] [local@context-menu-overhaul] [799:LogShellNewProbe]: ShellNew probe .pptx root=HKLM ext=1 shellnew=0 prog='PowerPoint.Show.12' progShellNew=0
02:18:35.462 19196 explorer.exe  [WH] [local@context-menu-overhaul] [799:LogShellNewProbe]: ShellNew probe .pptx root=HKLM ext=0 shellnew=0 prog='' progShellNew=0
02:18:35.690 33728 explorer.exe  [WH] [local@context-menu-overhaul] [933:EnsureNewTemplates]: New template: ext='' name='Folder' kind=0
02:18:35.690 33728 explorer.exe  [WH] [local@context-menu-overhaul] [933:EnsureNewTemplates]: New template: ext='' name='Shortcut' kind=1
02:18:35.690 33728 explorer.exe  [WH] [local@context-menu-overhaul] [933:EnsureNewTemplates]: New template: ext='.bmp' name='Bitmap image' kind=2
02:18:35.690 33728 explorer.exe  [WH] [local@context-menu-overhaul] [933:EnsureNewTemplates]: New template: ext='.zip' name='Compressed (zipped) Folder' kind=3
02:18:35.691 33728 explorer.exe  [WH] [local@context-menu-overhaul] [933:EnsureNewTemplates]: New template: ext='.contact' name='Contact file' kind=5
02:18:35.691 33728 explorer.exe  [WH] [local@context-menu-overhaul] [933:EnsureNewTemplates]: New template: ext='.library-ms' name='Library' kind=2
02:18:35.691 33728 explorer.exe  [WH] [local@context-menu-overhaul] [933:EnsureNewTemplates]: New template: ext='.psd' name='PSD File' kind=2
02:18:35.691 33728 explorer.exe  [WH] [local@context-menu-overhaul] [933:EnsureNewTemplates]: New template: ext='.rtf' name='Rich Text Document' kind=3
02:18:35.691 33728 explorer.exe  [WH] [local@context-menu-overhaul] [933:EnsureNewTemplates]: New template: ext='.txt' name='Text Document' kind=2
02:18:35.825 19196 explorer.exe  [WH] [local@context-menu-overhaul] [933:EnsureNewTemplates]: New template: ext='' name='Folder' kind=0
02:18:35.825 19196 explorer.exe  [WH] [local@context-menu-overhaul] [933:EnsureNewTemplates]: New template: ext='' name='Shortcut' kind=1
02:18:35.825 19196 explorer.exe  [WH] [local@context-menu-overhaul] [933:EnsureNewTemplates]: New template: ext='.bmp' name='Bitmap image' kind=2
02:18:35.825 19196 explorer.exe  [WH] [local@context-menu-overhaul] [933:EnsureNewTemplates]: New template: ext='.zip' name='Compressed (zipped) Folder' kind=3
02:18:35.826 19196 explorer.exe  [WH] [local@context-menu-overhaul] [933:EnsureNewTemplates]: New template: ext='.contact' name='Contact file' kind=5
02:18:35.826 19196 explorer.exe  [WH] [local@context-menu-overhaul] [933:EnsureNewTemplates]: New template: ext='.library-ms' name='Library' kind=2
02:18:35.826 19196 explorer.exe  [WH] [local@context-menu-overhaul] [933:EnsureNewTemplates]: New template: ext='.psd' name='PSD File' kind=2
02:18:35.826 19196 explorer.exe  [WH] [local@context-menu-overhaul] [933:EnsureNewTemplates]: New template: ext='.rtf' name='Rich Text Document' kind=3
02:18:35.826 19196 explorer.exe  [WH] [local@context-menu-overhaul] [933:EnsureNewTemplates]: New template: ext='.txt' name='Text Document' kind=2
02:18:41.446 33728 explorer.exe  [WH] [local@context-menu-overhaul] [2648:LogHandlerCandidates]: Handler candidates for 'Open wit&h' (*): {C52B9871-E5E9-41FD-B84D-C5ACADBEC7AE}
02:18:41.447 33728 explorer.exe  [WH] [local@context-menu-overhaul] [2648:LogHandlerCandidates]: Handler candidates for 'Open wit&h' (*): 7-Zip, AccExt, Adobe.Acrobat.ContextMenu, ANotepad++64, EPP, IDriveMenu, Open With, Open With EncryptionMenu, Sharing, TortoiseSVN, WinRAR, WinRAR32
02:18:41.447 33728 explorer.exe  [WH] [local@context-menu-overhaul] [2648:LogHandlerCandidates]: Handler candidates for 'Open wit&h' (AllFilesystemObjects): ACShell, CopyAsPathMenu, DeleteFiles, MBAMShlExt, ModernSharing, SendTo, {474C98EE-CF3D-41f5-80E3-4AAB0AB04301}, {596AB062-B4D2-4215-9F74-E9109B0A8153}, {a2a9545d-a0c2-42b4-9708-a0b2badd77c8}
02:18:41.447 33728 explorer.exe  [WH] [local@context-menu-overhaul] [2691:ApplyRegistryIcons]: No registry icon for 'Open wit&h' (verb 'openas')
02:18:41.447 19196 explorer.exe  [WH] [local@context-menu-overhaul] [2648:LogHandlerCandidates]: Handler candidates for 'Open wit&h' (*): {C52B9871-E5E9-41FD-B84D-C5ACADBEC7AE}
02:18:41.448 19196 explorer.exe  [WH] [local@context-menu-overhaul] [2648:LogHandlerCandidates]: Handler candidates for 'Open wit&h' (*): 7-Zip, AccExt, Adobe.Acrobat.ContextMenu, ANotepad++64, EPP, IDriveMenu, Open With, Open With EncryptionMenu, Sharing, TortoiseSVN, WinRAR, WinRAR32
02:18:41.448 19196 explorer.exe  [WH] [local@context-menu-overhaul] [2648:LogHandlerCandidates]: Handler candidates for 'Open wit&h' (AllFilesystemObjects): ACShell, CopyAsPathMenu, DeleteFiles, MBAMShlExt, ModernSharing, SendTo, {474C98EE-CF3D-41f5-80E3-4AAB0AB04301}, {596AB062-B4D2-4215-9F74-E9109B0A8153}, {a2a9545d-a0c2-42b4-9708-a0b2badd77c8}
02:18:41.448 19196 explorer.exe  [WH] [local@context-menu-overhaul] [2691:ApplyRegistryIcons]: No registry icon for 'Open wit&h' (verb 'openas')
02:18:41.448 33728 explorer.exe  [WH] [local@context-menu-overhaul] [2648:LogHandlerCandidates]: Handler candidates for '' (*): {C52B9871-E5E9-41FD-B84D-C5ACADBEC7AE}
02:18:41.449 33728 explorer.exe  [WH] [local@context-menu-overhaul] [2648:LogHandlerCandidates]: Handler candidates for '' (*): 7-Zip, AccExt, Adobe.Acrobat.ContextMenu, ANotepad++64, EPP, IDriveMenu, Open With, Open With EncryptionMenu, Sharing, TortoiseSVN, WinRAR, WinRAR32
02:18:41.449 33728 explorer.exe  [WH] [local@context-menu-overhaul] [2648:LogHandlerCandidates]: Handler candidates for '' (AllFilesystemObjects): ACShell, CopyAsPathMenu, DeleteFiles, MBAMShlExt, ModernSharing, SendTo, {474C98EE-CF3D-41f5-80E3-4AAB0AB04301}, {596AB062-B4D2-4215-9F74-E9109B0A8153}, {a2a9545d-a0c2-42b4-9708-a0b2badd77c8}
02:18:41.449 33728 explorer.exe  [WH] [local@context-menu-overhaul] [2691:ApplyRegistryIcons]: No registry icon for '' (verb '')
02:18:41.450 19196 explorer.exe  [WH] [local@context-menu-overhaul] [2648:LogHandlerCandidates]: Handler candidates for '' (*): {C52B9871-E5E9-41FD-B84D-C5ACADBEC7AE}
02:18:41.450 19196 explorer.exe  [WH] [local@context-menu-overhaul] [2648:LogHandlerCandidates]: Handler candidates for '' (*): 7-Zip, AccExt, Adobe.Acrobat.ContextMenu, ANotepad++64, EPP, IDriveMenu, Open With, Open With EncryptionMenu, Sharing, TortoiseSVN, WinRAR, WinRAR32
02:18:41.450 19196 explorer.exe  [WH] [local@context-menu-overhaul] [2648:LogHandlerCandidates]: Handler candidates for '' (AllFilesystemObjects): ACShell, CopyAsPathMenu, DeleteFiles, MBAMShlExt, ModernSharing, SendTo, {474C98EE-CF3D-41f5-80E3-4AAB0AB04301}, {596AB062-B4D2-4215-9F74-E9109B0A8153}, {a2a9545d-a0c2-42b4-9708-a0b2badd77c8}
02:18:41.451 19196 explorer.exe  [WH] [local@context-menu-overhaul] [2691:ApplyRegistryIcons]: No registry icon for '' (verb '')
02:18:41.459 33728 explorer.exe  [WH] [local@context-menu-overhaul] [2648:LogHandlerCandidates]: Handler candidates for 'Add to &Favorites' (*): {C52B9871-E5E9-41FD-B84D-C5ACADBEC7AE}
02:18:41.459 33728 explorer.exe  [WH] [local@context-menu-overhaul] [2648:LogHandlerCandidates]: Handler candidates for 'Add to &Favorites' (*): 7-Zip, AccExt, Adobe.Acrobat.ContextMenu, ANotepad++64, EPP, IDriveMenu, Open With, Open With EncryptionMenu, Sharing, TortoiseSVN, WinRAR, WinRAR32
02:18:41.460 33728 explorer.exe  [WH] [local@context-menu-overhaul] [2648:LogHandlerCandidates]: Handler candidates for 'Add to &Favorites' (AllFilesystemObjects): ACShell, CopyAsPathMenu, DeleteFiles, MBAMShlExt, ModernSharing, SendTo, {474C98EE-CF3D-41f5-80E3-4AAB0AB04301}, {596AB062-B4D2-4215-9F74-E9109B0A8153}, {a2a9545d-a0c2-42b4-9708-a0b2badd77c8}
02:18:41.460 33728 explorer.exe  [WH] [local@context-menu-overhaul] [2691:ApplyRegistryIcons]: No registry icon for 'Add to &Favorites' (verb 'pintohomefile')
02:18:41.463 19196 explorer.exe  [WH] [local@context-menu-overhaul] [2648:LogHandlerCandidates]: Handler candidates for 'Add to &Favorites' (*): {C52B9871-E5E9-41FD-B84D-C5ACADBEC7AE}
02:18:41.463 19196 explorer.exe  [WH] [local@context-menu-overhaul] [2648:LogHandlerCandidates]: Handler candidates for 'Add to &Favorites' (*): 7-Zip, AccExt, Adobe.Acrobat.ContextMenu, ANotepad++64, EPP, IDriveMenu, Open With, Open With EncryptionMenu, Sharing, TortoiseSVN, WinRAR, WinRAR32
02:18:41.463 19196 explorer.exe  [WH] [local@context-menu-overhaul] [2648:LogHandlerCandidates]: Handler candidates for 'Add to &Favorites' (AllFilesystemObjects): ACShell, CopyAsPathMenu, DeleteFiles, MBAMShlExt, ModernSharing, SendTo, {474C98EE-CF3D-41f5-80E3-4AAB0AB04301}, {596AB062-B4D2-4215-9F74-E9109B0A8153}, {a2a9545d-a0c2-42b4-9708-a0b2badd77c8}
02:18:41.465 19196 explorer.exe  [WH] [local@context-menu-overhaul] [2691:ApplyRegistryIcons]: No registry icon for 'Add to &Favorites' (verb 'pintohomefile')
02:18:41.529 33728 explorer.exe  [WH] [local@context-menu-overhaul] [2648:LogHandlerCandidates]: Handler candidates for 'Copy &as path' (*): {C52B9871-E5E9-41FD-B84D-C5ACADBEC7AE}
02:18:41.529 33728 explorer.exe  [WH] [local@context-menu-overhaul] [2648:LogHandlerCandidates]: Handler candidates for 'Copy &as path' (*): 7-Zip, AccExt, Adobe.Acrobat.ContextMenu, ANotepad++64, EPP, IDriveMenu, Open With, Open With EncryptionMenu, Sharing, TortoiseSVN, WinRAR, WinRAR32
02:18:41.530 33728 explorer.exe  [WH] [local@context-menu-overhaul] [2648:LogHandlerCandidates]: Handler candidates for 'Copy &as path' (AllFilesystemObjects): ACShell, CopyAsPathMenu, DeleteFiles, MBAMShlExt, ModernSharing, SendTo, {474C98EE-CF3D-41f5-80E3-4AAB0AB04301}, {596AB062-B4D2-4215-9F74-E9109B0A8153}, {a2a9545d-a0c2-42b4-9708-a0b2badd77c8}
02:18:41.530 33728 explorer.exe  [WH] [local@context-menu-overhaul] [2691:ApplyRegistryIcons]: No registry icon for 'Copy &as path' (verb 'copyaspath')
02:18:41.558 33728 explorer.exe  [WH] [local@context-menu-overhaul] [2648:LogHandlerCandidates]: Handler candidates for 'Restore previous &versions' (*): {C52B9871-E5E9-41FD-B84D-C5ACADBEC7AE}
02:18:41.559 33728 explorer.exe  [WH] [local@context-menu-overhaul] [2648:LogHandlerCandidates]: Handler candidates for 'Restore previous &versions' (*): 7-Zip, AccExt, Adobe.Acrobat.ContextMenu, ANotepad++64, EPP, IDriveMenu, Open With, Open With EncryptionMenu, Sharing, TortoiseSVN, WinRAR, WinRAR32
02:18:41.559 33728 explorer.exe  [WH] [local@context-menu-overhaul] [2648:LogHandlerCandidates]: Handler candidates for 'Restore previous &versions' (AllFilesystemObjects): ACShell, CopyAsPathMenu, DeleteFiles, MBAMShlExt, ModernSharing, SendTo, {474C98EE-CF3D-41f5-80E3-4AAB0AB04301}, {596AB062-B4D2-4215-9F74-E9109B0A8153}, {a2a9545d-a0c2-42b4-9708-a0b2badd77c8}
02:18:41.560 33728 explorer.exe  [WH] [local@context-menu-overhaul] [2691:ApplyRegistryIcons]: No registry icon for 'Restore previous &versions' (verb 'PreviousVersions')
02:18:41.564 19196 explorer.exe  [WH] [local@context-menu-overhaul] [2648:LogHandlerCandidates]: Handler candidates for 'Copy &as path' (*): {C52B9871-E5E9-41FD-B84D-C5ACADBEC7AE}
02:18:41.564 19196 explorer.exe  [WH] [local@context-menu-overhaul] [2648:LogHandlerCandidates]: Handler candidates for 'Copy &as path' (*): 7-Zip, AccExt, Adobe.Acrobat.ContextMenu, ANotepad++64, EPP, IDriveMenu, Open With, Open With EncryptionMenu, Sharing, TortoiseSVN, WinRAR, WinRAR32
02:18:41.565 19196 explorer.exe  [WH] [local@context-menu-overhaul] [2648:LogHandlerCandidates]: Handler candidates for 'Copy &as path' (AllFilesystemObjects): ACShell, CopyAsPathMenu, DeleteFiles, MBAMShlExt, ModernSharing, SendTo, {474C98EE-CF3D-41f5-80E3-4AAB0AB04301}, {596AB062-B4D2-4215-9F74-E9109B0A8153}, {a2a9545d-a0c2-42b4-9708-a0b2badd77c8}
02:18:41.565 19196 explorer.exe  [WH] [local@context-menu-overhaul] [2691:ApplyRegistryIcons]: No registry icon for 'Copy &as path' (verb 'copyaspath')
02:18:41.592 19196 explorer.exe  [WH] [local@context-menu-overhaul] [2648:LogHandlerCandidates]: Handler candidates for 'Restore previous &versions' (*): {C52B9871-E5E9-41FD-B84D-C5ACADBEC7AE}
02:18:41.593 19196 explorer.exe  [WH] [local@context-menu-overhaul] [2648:LogHandlerCandidates]: Handler candidates for 'Restore previous &versions' (*): 7-Zip, AccExt, Adobe.Acrobat.ContextMenu, ANotepad++64, EPP, IDriveMenu, Open With, Open With EncryptionMenu, Sharing, TortoiseSVN, WinRAR, WinRAR32
02:18:41.593 19196 explorer.exe  [WH] [local@context-menu-overhaul] [2648:LogHandlerCandidates]: Handler candidates for 'Restore previous &versions' (AllFilesystemObjects): ACShell, CopyAsPathMenu, DeleteFiles, MBAMShlExt, ModernSharing, SendTo, {474C98EE-CF3D-41f5-80E3-4AAB0AB04301}, {596AB062-B4D2-4215-9F74-E9109B0A8153}, {a2a9545d-a0c2-42b4-9708-a0b2badd77c8}
02:18:41.593 19196 explorer.exe  [WH] [local@context-menu-overhaul] [2691:ApplyRegistryIcons]: No registry icon for 'Restore previous &versions' (verb 'PreviousVersions')
02:18:41.653 33728 explorer.exe  [WH] [local@context-menu-overhaul] [2648:LogHandlerCandidates]: Handler candidates for 'Cu&t' (*): {C52B9871-E5E9-41FD-B84D-C5ACADBEC7AE}
02:18:41.654 33728 explorer.exe  [WH] [local@context-menu-overhaul] [2648:LogHandlerCandidates]: Handler candidates for 'Cu&t' (*): 7-Zip, AccExt, Adobe.Acrobat.ContextMenu, ANotepad++64, EPP, IDriveMenu, Open With, Open With EncryptionMenu, Sharing, TortoiseSVN, WinRAR, WinRAR32
02:18:41.654 33728 explorer.exe  [WH] [local@context-menu-overhaul] [2648:LogHandlerCandidates]: Handler candidates for 'Cu&t' (AllFilesystemObjects): ACShell, CopyAsPathMenu, DeleteFiles, MBAMShlExt, ModernSharing, SendTo, {474C98EE-CF3D-41f5-80E3-4AAB0AB04301}, {596AB062-B4D2-4215-9F74-E9109B0A8153}, {a2a9545d-a0c2-42b4-9708-a0b2badd77c8}
02:18:41.654 33728 explorer.exe  [WH] [local@context-menu-overhaul] [2691:ApplyRegistryIcons]: No registry icon for 'Cu&t' (verb 'cut')
02:18:41.662 33728 explorer.exe  [WH] [local@context-menu-overhaul] [2648:LogHandlerCandidates]: Handler candidates for '&Copy' (*): {C52B9871-E5E9-41FD-B84D-C5ACADBEC7AE}
02:18:41.662 33728 explorer.exe  [WH] [local@context-menu-overhaul] [2648:LogHandlerCandidates]: Handler candidates for '&Copy' (*): 7-Zip, AccExt, Adobe.Acrobat.ContextMenu, ANotepad++64, EPP, IDriveMenu, Open With, Open With EncryptionMenu, Sharing, TortoiseSVN, WinRAR, WinRAR32
02:18:41.662 33728 explorer.exe  [WH] [local@context-menu-overhaul] [2648:LogHandlerCandidates]: Handler candidates for '&Copy' (AllFilesystemObjects): ACShell, CopyAsPathMenu, DeleteFiles, MBAMShlExt, ModernSharing, SendTo, {474C98EE-CF3D-41f5-80E3-4AAB0AB04301}, {596AB062-B4D2-4215-9F74-E9109B0A8153}, {a2a9545d-a0c2-42b4-9708-a0b2badd77c8}
02:18:41.663 33728 explorer.exe  [WH] [local@context-menu-overhaul] [2691:ApplyRegistryIcons]: No registry icon for '&Copy' (verb 'copy')
02:18:41.677 33728 explorer.exe  [WH] [local@context-menu-overhaul] [2648:LogHandlerCandidates]: Handler candidates for 'Create &shortcut' (*): {C52B9871-E5E9-41FD-B84D-C5ACADBEC7AE}
02:18:41.678 33728 explorer.exe  [WH] [local@context-menu-overhaul] [2648:LogHandlerCandidates]: Handler candidates for 'Create &shortcut' (*): 7-Zip, AccExt, Adobe.Acrobat.ContextMenu, ANotepad++64, EPP, IDriveMenu, Open With, Open With EncryptionMenu, Sharing, TortoiseSVN, WinRAR, WinRAR32
02:18:41.678 33728 explorer.exe  [WH] [local@context-menu-overhaul] [2648:LogHandlerCandidates]: Handler candidates for 'Create &shortcut' (AllFilesystemObjects): ACShell, CopyAsPathMenu, DeleteFiles, MBAMShlExt, ModernSharing, SendTo, {474C98EE-CF3D-41f5-80E3-4AAB0AB04301}, {596AB062-B4D2-4215-9F74-E9109B0A8153}, {a2a9545d-a0c2-42b4-9708-a0b2badd77c8}
02:18:41.679 33728 explorer.exe  [WH] [local@context-menu-overhaul] [2691:ApplyRegistryIcons]: No registry icon for 'Create &shortcut' (verb 'link')
02:18:41.688 33728 explorer.exe  [WH] [local@context-menu-overhaul] [2648:LogHandlerCandidates]: Handler candidates for '&Delete' (*): {C52B9871-E5E9-41FD-B84D-C5ACADBEC7AE}
02:18:41.689 33728 explorer.exe  [WH] [local@context-menu-overhaul] [2648:LogHandlerCandidates]: Handler candidates for '&Delete' (*): 7-Zip, AccExt, Adobe.Acrobat.ContextMenu, ANotepad++64, EPP, IDriveMenu, Open With, Open With EncryptionMenu, Sharing, TortoiseSVN, WinRAR, WinRAR32
02:18:41.689 33728 explorer.exe  [WH] [local@context-menu-overhaul] [2648:LogHandlerCandidates]: Handler candidates for '&Delete' (AllFilesystemObjects): ACShell, CopyAsPathMenu, DeleteFiles, MBAMShlExt, ModernSharing, SendTo, {474C98EE-CF3D-41f5-80E3-4AAB0AB04301}, {596AB062-B4D2-4215-9F74-E9109B0A8153}, {a2a9545d-a0c2-42b4-9708-a0b2badd77c8}
02:18:41.690 33728 explorer.exe  [WH] [local@context-menu-overhaul] [2691:ApplyRegistryIcons]: No registry icon for '&Delete' (verb 'delete')
02:18:41.701 33728 explorer.exe  [WH] [local@context-menu-overhaul] [2648:LogHandlerCandidates]: Handler candidates for 'P&roperties' (*): {C52B9871-E5E9-41FD-B84D-C5ACADBEC7AE}
02:18:41.701 33728 explorer.exe  [WH] [local@context-menu-overhaul] [2648:LogHandlerCandidates]: Handler candidates for 'P&roperties' (*): 7-Zip, AccExt, Adobe.Acrobat.ContextMenu, ANotepad++64, EPP, IDriveMenu, Open With, Open With EncryptionMenu, Sharing, TortoiseSVN, WinRAR, WinRAR32
02:18:41.702 33728 explorer.exe  [WH] [local@context-menu-overhaul] [2648:LogHandlerCandidates]: Handler candidates for 'P&roperties' (AllFilesystemObjects): ACShell, CopyAsPathMenu, DeleteFiles, MBAMShlExt, ModernSharing, SendTo, {474C98EE-CF3D-41f5-80E3-4AAB0AB04301}, {596AB062-B4D2-4215-9F74-E9109B0A8153}, {a2a9545d-a0c2-42b4-9708-a0b2badd77c8}
02:18:41.702 33728 explorer.exe  [WH] [local@context-menu-overhaul] [2691:ApplyRegistryIcons]: No registry icon for 'P&roperties' (verb 'properties')
02:18:41.718 19196 explorer.exe  [WH] [local@context-menu-overhaul] [2648:LogHandlerCandidates]: Handler candidates for 'Cu&t' (*): {C52B9871-E5E9-41FD-B84D-C5ACADBEC7AE}
02:18:41.718 19196 explorer.exe  [WH] [local@context-menu-overhaul] [2648:LogHandlerCandidates]: Handler candidates for 'Cu&t' (*): 7-Zip, AccExt, Adobe.Acrobat.ContextMenu, ANotepad++64, EPP, IDriveMenu, Open With, Open With EncryptionMenu, Sharing, TortoiseSVN, WinRAR, WinRAR32
02:18:41.719 19196 explorer.exe  [WH] [local@context-menu-overhaul] [2648:LogHandlerCandidates]: Handler candidates for 'Cu&t' (AllFilesystemObjects): ACShell, CopyAsPathMenu, DeleteFiles, MBAMShlExt, ModernSharing, SendTo, {474C98EE-CF3D-41f5-80E3-4AAB0AB04301}, {596AB062-B4D2-4215-9F74-E9109B0A8153}, {a2a9545d-a0c2-42b4-9708-a0b2badd77c8}
02:18:41.719 19196 explorer.exe  [WH] [local@context-menu-overhaul] [2691:ApplyRegistryIcons]: No registry icon for 'Cu&t' (verb 'cut')
02:18:41.727 19196 explorer.exe  [WH] [local@context-menu-overhaul] [2648:LogHandlerCandidates]: Handler candidates for '&Copy' (*): {C52B9871-E5E9-41FD-B84D-C5ACADBEC7AE}
02:18:41.727 19196 explorer.exe  [WH] [local@context-menu-overhaul] [2648:LogHandlerCandidates]: Handler candidates for '&Copy' (*): 7-Zip, AccExt, Adobe.Acrobat.ContextMenu, ANotepad++64, EPP, IDriveMenu, Open With, Open With EncryptionMenu, Sharing, TortoiseSVN, WinRAR, WinRAR32
02:18:41.727 19196 explorer.exe  [WH] [local@context-menu-overhaul] [2648:LogHandlerCandidates]: Handler candidates for '&Copy' (AllFilesystemObjects): ACShell, CopyAsPathMenu, DeleteFiles, MBAMShlExt, ModernSharing, SendTo, {474C98EE-CF3D-41f5-80E3-4AAB0AB04301}, {596AB062-B4D2-4215-9F74-E9109B0A8153}, {a2a9545d-a0c2-42b4-9708-a0b2badd77c8}
02:18:41.728 19196 explorer.exe  [WH] [local@context-menu-overhaul] [2691:ApplyRegistryIcons]: No registry icon for '&Copy' (verb 'copy')
02:18:41.743 19196 explorer.exe  [WH] [local@context-menu-overhaul] [2648:LogHandlerCandidates]: Handler candidates for 'Create &shortcut' (*): {C52B9871-E5E9-41FD-B84D-C5ACADBEC7AE}
02:18:41.743 19196 explorer.exe  [WH] [local@context-menu-overhaul] [2648:LogHandlerCandidates]: Handler candidates for 'Create &shortcut' (*): 7-Zip, AccExt, Adobe.Acrobat.ContextMenu, ANotepad++64, EPP, IDriveMenu, Open With, Open With EncryptionMenu, Sharing, TortoiseSVN, WinRAR, WinRAR32
02:18:41.743 19196 explorer.exe  [WH] [local@context-menu-overhaul] [2648:LogHandlerCandidates]: Handler candidates for 'Create &shortcut' (AllFilesystemObjects): ACShell, CopyAsPathMenu, DeleteFiles, MBAMShlExt, ModernSharing, SendTo, {474C98EE-CF3D-41f5-80E3-4AAB0AB04301}, {596AB062-B4D2-4215-9F74-E9109B0A8153}, {a2a9545d-a0c2-42b4-9708-a0b2badd77c8}
02:18:41.744 19196 explorer.exe  [WH] [local@context-menu-overhaul] [2691:ApplyRegistryIcons]: No registry icon for 'Create &shortcut' (verb 'link')
02:18:41.756 19196 explorer.exe  [WH] [local@context-menu-overhaul] [2648:LogHandlerCandidates]: Handler candidates for '&Delete' (*): {C52B9871-E5E9-41FD-B84D-C5ACADBEC7AE}
02:18:41.756 19196 explorer.exe  [WH] [local@context-menu-overhaul] [2648:LogHandlerCandidates]: Handler candidates for '&Delete' (*): 7-Zip, AccExt, Adobe.Acrobat.ContextMenu, ANotepad++64, EPP, IDriveMenu, Open With, Open With EncryptionMenu, Sharing, TortoiseSVN, WinRAR, WinRAR32
02:18:41.757 19196 explorer.exe  [WH] [local@context-menu-overhaul] [2648:LogHandlerCandidates]: Handler candidates for '&Delete' (AllFilesystemObjects): ACShell, CopyAsPathMenu, DeleteFiles, MBAMShlExt, ModernSharing, SendTo, {474C98EE-CF3D-41f5-80E3-4AAB0AB04301}, {596AB062-B4D2-4215-9F74-E9109B0A8153}, {a2a9545d-a0c2-42b4-9708-a0b2badd77c8}
02:18:41.757 19196 explorer.exe  [WH] [local@context-menu-overhaul] [2691:ApplyRegistryIcons]: No registry icon for '&Delete' (verb 'delete')
02:18:41.767 19196 explorer.exe  [WH] [local@context-menu-overhaul] [2648:LogHandlerCandidates]: Handler candidates for 'P&roperties' (*): {C52B9871-E5E9-41FD-B84D-C5ACADBEC7AE}
02:18:41.767 19196 explorer.exe  [WH] [local@context-menu-overhaul] [2648:LogHandlerCandidates]: Handler candidates for 'P&roperties' (*): 7-Zip, AccExt, Adobe.Acrobat.ContextMenu, ANotepad++64, EPP, IDriveMenu, Open With, Open With EncryptionMenu, Sharing, TortoiseSVN, WinRAR, WinRAR32
02:18:41.767 19196 explorer.exe  [WH] [local@context-menu-overhaul] [2648:LogHandlerCandidates]: Handler candidates for 'P&roperties' (AllFilesystemObjects): ACShell, CopyAsPathMenu, DeleteFiles, MBAMShlExt, ModernSharing, SendTo, {474C98EE-CF3D-41f5-80E3-4AAB0AB04301}, {596AB062-B4D2-4215-9F74-E9109B0A8153}, {a2a9545d-a0c2-42b4-9708-a0b2badd77c8}
02:18:41.768 19196 explorer.exe  [WH] [local@context-menu-overhaul] [2691:ApplyRegistryIcons]: No registry icon for 'P&roperties' (verb 'properties')
02:18:42.235 33728 explorer.exe  [WH] [local@context-menu-overhaul] [2648:LogHandlerCandidates]: Handler candidates for '&Open' (Directory): 7-Zip, EncryptionMenu, EPP, IDriveMenu, Offline Files, Sharing, TortoiseSVN, WorkFolders, {596AB062-B4D2-4215-9F74-E9109B0A8153}
02:18:42.235 33728 explorer.exe  [WH] [local@context-menu-overhaul] [2648:LogHandlerCandidates]: Handler candidates for '&Open' (Folder): 7-Zip, AccExt, Adobe.Acrobat.ContextMenu, Library Location, MBAMShlExt, Offline Files, PintoStartScreen, RUShellExt, StartMenuExt, TortoiseSVN, WinRAR, WinRAR32
02:18:42.236 33728 explorer.exe  [WH] [local@context-menu-overhaul] [2648:LogHandlerCandidates]: Handler candidates for '&Open' (AllFilesystemObjects): ACShell, CopyAsPathMenu, DeleteFiles, MBAMShlExt, ModernSharing, SendTo, {474C98EE-CF3D-41f5-80E3-4AAB0AB04301}, {596AB062-B4D2-4215-9F74-E9109B0A8153}, {a2a9545d-a0c2-42b4-9708-a0b2badd77c8}
02:18:42.237 33728 explorer.exe  [WH] [local@context-menu-overhaul] [2648:LogHandlerCandidates]: Handler candidates for '&Open' (*): {C52B9871-E5E9-41FD-B84D-C5ACADBEC7AE}
02:18:42.237 33728 explorer.exe  [WH] [local@context-menu-overhaul] [2648:LogHandlerCandidates]: Handler candidates for '&Open' (*): 7-Zip, AccExt, Adobe.Acrobat.ContextMenu, ANotepad++64, EPP, IDriveMenu, Open With, Open With EncryptionMenu, Sharing, TortoiseSVN, WinRAR, WinRAR32
02:18:42.237 33728 explorer.exe  [WH] [local@context-menu-overhaul] [2691:ApplyRegistryIcons]: No registry icon for '&Open' (verb 'open')
02:18:42.241 19196 explorer.exe  [WH] [local@context-menu-overhaul] [2648:LogHandlerCandidates]: Handler candidates for '&Open' (Directory): 7-Zip, EncryptionMenu, EPP, IDriveMenu, Offline Files, Sharing, TortoiseSVN, WorkFolders, {596AB062-B4D2-4215-9F74-E9109B0A8153}
02:18:42.241 19196 explorer.exe  [WH] [local@context-menu-overhaul] [2648:LogHandlerCandidates]: Handler candidates for '&Open' (Folder): 7-Zip, AccExt, Adobe.Acrobat.ContextMenu, Library Location, MBAMShlExt, Offline Files, PintoStartScreen, RUShellExt, StartMenuExt, TortoiseSVN, WinRAR, WinRAR32
02:18:42.242 19196 explorer.exe  [WH] [local@context-menu-overhaul] [2648:LogHandlerCandidates]: Handler candidates for '&Open' (AllFilesystemObjects): ACShell, CopyAsPathMenu, DeleteFiles, MBAMShlExt, ModernSharing, SendTo, {474C98EE-CF3D-41f5-80E3-4AAB0AB04301}, {596AB062-B4D2-4215-9F74-E9109B0A8153}, {a2a9545d-a0c2-42b4-9708-a0b2badd77c8}
02:18:42.242 19196 explorer.exe  [WH] [local@context-menu-overhaul] [2648:LogHandlerCandidates]: Handler candidates for '&Open' (*): {C52B9871-E5E9-41FD-B84D-C5ACADBEC7AE}
02:18:42.242 19196 explorer.exe  [WH] [local@context-menu-overhaul] [2648:LogHandlerCandidates]: Handler candidates for '&Open' (*): 7-Zip, AccExt, Adobe.Acrobat.ContextMenu, ANotepad++64, EPP, IDriveMenu, Open With, Open With EncryptionMenu, Sharing, TortoiseSVN, WinRAR, WinRAR32
02:18:42.242 19196 explorer.exe  [WH] [local@context-menu-overhaul] [2691:ApplyRegistryIcons]: No registry icon for '&Open' (verb 'open')
02:18:42.250 33728 explorer.exe  [WH] [local@context-menu-overhaul] [2648:LogHandlerCandidates]: Handler candidates for 'Pin to &Quick access' (Directory): 7-Zip, EncryptionMenu, EPP, IDriveMenu, Offline Files, Sharing, TortoiseSVN, WorkFolders, {596AB062-B4D2-4215-9F74-E9109B0A8153}
02:18:42.250 33728 explorer.exe  [WH] [local@context-menu-overhaul] [2648:LogHandlerCandidates]: Handler candidates for 'Pin to &Quick access' (Folder): 7-Zip, AccExt, Adobe.Acrobat.ContextMenu, Library Location, MBAMShlExt, Offline Files, PintoStartScreen, RUShellExt, StartMenuExt, TortoiseSVN, WinRAR, WinRAR32
02:18:42.250 33728 explorer.exe  [WH] [local@context-menu-overhaul] [2648:LogHandlerCandidates]: Handler candidates for 'Pin to &Quick access' (AllFilesystemObjects): ACShell, CopyAsPathMenu, DeleteFiles, MBAMShlExt, ModernSharing, SendTo, {474C98EE-CF3D-41f5-80E3-4AAB0AB04301}, {596AB062-B4D2-4215-9F74-E9109B0A8153}, {a2a9545d-a0c2-42b4-9708-a0b2badd77c8}
02:18:42.251 33728 explorer.exe  [WH] [local@context-menu-overhaul] [2648:LogHandlerCandidates]: Handler candidates for 'Pin to &Quick access' (*): {C52B9871-E5E9-41FD-B84D-C5ACADBEC7AE}
02:18:42.251 33728 explorer.exe  [WH] [local@context-menu-overhaul] [2648:LogHandlerCandidates]: Handler candidates for 'Pin to &Quick access' (*): 7-Zip, AccExt, Adobe.Acrobat.ContextMenu, ANotepad++64, EPP, IDriveMenu, Open With, Open With EncryptionMenu, Sharing, TortoiseSVN, WinRAR, WinRAR32
02:18:42.251 33728 explorer.exe  [WH] [local@context-menu-overhaul] [2691:ApplyRegistryIcons]: No registry icon for 'Pin to &Quick access' (verb 'pintohome')
02:18:42.259 19196 explorer.exe  [WH] [local@context-menu-overhaul] [2648:LogHandlerCandidates]: Handler candidates for 'Pin to &Quick access' (Directory): 7-Zip, EncryptionMenu, EPP, IDriveMenu, Offline Files, Sharing, TortoiseSVN, WorkFolders, {596AB062-B4D2-4215-9F74-E9109B0A8153}
02:18:42.259 19196 explorer.exe  [WH] [local@context-menu-overhaul] [2648:LogHandlerCandidates]: Handler candidates for 'Pin to &Quick access' (Folder): 7-Zip, AccExt, Adobe.Acrobat.ContextMenu, Library Location, MBAMShlExt, Offline Files, PintoStartScreen, RUShellExt, StartMenuExt, TortoiseSVN, WinRAR, WinRAR32
02:18:42.260 19196 explorer.exe  [WH] [local@context-menu-overhaul] [2648:LogHandlerCandidates]: Handler candidates for 'Pin to &Quick access' (AllFilesystemObjects): ACShell, CopyAsPathMenu, DeleteFiles, MBAMShlExt, ModernSharing, SendTo, {474C98EE-CF3D-41f5-80E3-4AAB0AB04301}, {596AB062-B4D2-4215-9F74-E9109B0A8153}, {a2a9545d-a0c2-42b4-9708-a0b2badd77c8}
02:18:42.260 19196 explorer.exe  [WH] [local@context-menu-overhaul] [2648:LogHandlerCandidates]: Handler candidates for 'Pin to &Quick access' (*): {C52B9871-E5E9-41FD-B84D-C5ACADBEC7AE}
02:18:42.260 19196 explorer.exe  [WH] [local@context-menu-overhaul] [2648:LogHandlerCandidates]: Handler candidates for 'Pin to &Quick access' (*): 7-Zip, AccExt, Adobe.Acrobat.ContextMenu, ANotepad++64, EPP, IDriveMenu, Open With, Open With EncryptionMenu, Sharing, TortoiseSVN, WinRAR, WinRAR32
02:18:42.261 19196 explorer.exe  [WH] [local@context-menu-overhaul] [2691:ApplyRegistryIcons]: No registry icon for 'Pin to &Quick access' (verb 'pintohome')
02:18:42.265 33728 explorer.exe  [WH] [local@context-menu-overhaul] [2648:LogHandlerCandidates]: Handler candidates for '' (Directory): 7-Zip, EncryptionMenu, EPP, IDriveMenu, Offline Files, Sharing, TortoiseSVN, WorkFolders, {596AB062-B4D2-4215-9F74-E9109B0A8153}
02:18:42.265 33728 explorer.exe  [WH] [local@context-menu-overhaul] [2648:LogHandlerCandidates]: Handler candidates for '' (Folder): 7-Zip, AccExt, Adobe.Acrobat.ContextMenu, Library Location, MBAMShlExt, Offline Files, PintoStartScreen, RUShellExt, StartMenuExt, TortoiseSVN, WinRAR, WinRAR32
02:18:42.265 33728 explorer.exe  [WH] [local@context-menu-overhaul] [2648:LogHandlerCandidates]: Handler candidates for '' (AllFilesystemObjects): ACShell, CopyAsPathMenu, DeleteFiles, MBAMShlExt, ModernSharing, SendTo, {474C98EE-CF3D-41f5-80E3-4AAB0AB04301}, {596AB062-B4D2-4215-9F74-E9109B0A8153}, {a2a9545d-a0c2-42b4-9708-a0b2badd77c8}
02:18:42.266 33728 explorer.exe  [WH] [local@context-menu-overhaul] [2648:LogHandlerCandidates]: Handler candidates for '' (*): {C52B9871-E5E9-41FD-B84D-C5ACADBEC7AE}
02:18:42.266 33728 explorer.exe  [WH] [local@context-menu-overhaul] [2648:LogHandlerCandidates]: Handler candidates for '' (*): 7-Zip, AccExt, Adobe.Acrobat.ContextMenu, ANotepad++64, EPP, IDriveMenu, Open With, Open With EncryptionMenu, Sharing, TortoiseSVN, WinRAR, WinRAR32
02:18:42.266 33728 explorer.exe  [WH] [local@context-menu-overhaul] [2691:ApplyRegistryIcons]: No registry icon for '' (verb '')
02:18:42.276 19196 explorer.exe  [WH] [local@context-menu-overhaul] [2648:LogHandlerCandidates]: Handler candidates for '' (Directory): 7-Zip, EncryptionMenu, EPP, IDriveMenu, Offline Files, Sharing, TortoiseSVN, WorkFolders, {596AB062-B4D2-4215-9F74-E9109B0A8153}
02:18:42.277 19196 explorer.exe  [WH] [local@context-menu-overhaul] [2648:LogHandlerCandidates]: Handler candidates for '' (Folder): 7-Zip, AccExt, Adobe.Acrobat.ContextMenu, Library Location, MBAMShlExt, Offline Files, PintoStartScreen, RUShellExt, StartMenuExt, TortoiseSVN, WinRAR, WinRAR32
02:18:42.277 19196 explorer.exe  [WH] [local@context-menu-overhaul] [2648:LogHandlerCandidates]: Handler candidates for '' (AllFilesystemObjects): ACShell, CopyAsPathMenu, DeleteFiles, MBAMShlExt, ModernSharing, SendTo, {474C98EE-CF3D-41f5-80E3-4AAB0AB04301}, {596AB062-B4D2-4215-9F74-E9109B0A8153}, {a2a9545d-a0c2-42b4-9708-a0b2badd77c8}
02:18:42.277 19196 explorer.exe  [WH] [local@context-menu-overhaul] [2648:LogHandlerCandidates]: Handler candidates for '' (*): {C52B9871-E5E9-41FD-B84D-C5ACADBEC7AE}
02:18:42.277 19196 explorer.exe  [WH] [local@context-menu-overhaul] [2648:LogHandlerCandidates]: Handler candidates for '' (*): 7-Zip, AccExt, Adobe.Acrobat.ContextMenu, ANotepad++64, EPP, IDriveMenu, Open With, Open With EncryptionMenu, Sharing, TortoiseSVN, WinRAR, WinRAR32
02:18:42.278 19196 explorer.exe  [WH] [local@context-menu-overhaul] [2691:ApplyRegistryIcons]: No registry icon for '' (verb '')
02:18:42.428 33728 explorer.exe  [WH] [local@context-menu-overhaul] [2648:LogHandlerCandidates]: Handler candidates for 'Restore previous &versions' (Directory): 7-Zip, EncryptionMenu, EPP, IDriveMenu, Offline Files, Sharing, TortoiseSVN, WorkFolders, {596AB062-B4D2-4215-9F74-E9109B0A8153}
02:18:42.428 33728 explorer.exe  [WH] [local@context-menu-overhaul] [2648:LogHandlerCandidates]: Handler candidates for 'Restore previous &versions' (Folder): 7-Zip, AccExt, Adobe.Acrobat.ContextMenu, Library Location, MBAMShlExt, Offline Files, PintoStartScreen, RUShellExt, StartMenuExt, TortoiseSVN, WinRAR, WinRAR32
02:18:42.429 33728 explorer.exe  [WH] [local@context-menu-overhaul] [2648:LogHandlerCandidates]: Handler candidates for 'Restore previous &versions' (AllFilesystemObjects): ACShell, CopyAsPathMenu, DeleteFiles, MBAMShlExt, ModernSharing, SendTo, {474C98EE-CF3D-41f5-80E3-4AAB0AB04301}, {596AB062-B4D2-4215-9F74-E9109B0A8153}, {a2a9545d-a0c2-42b4-9708-a0b2badd77c8}
02:18:42.429 33728 explorer.exe  [WH] [local@context-menu-overhaul] [2648:LogHandlerCandidates]: Handler candidates for 'Restore previous &versions' (*): {C52B9871-E5E9-41FD-B84D-C5ACADBEC7AE}
02:18:42.429 33728 explorer.exe  [WH] [local@context-menu-overhaul] [2648:LogHandlerCandidates]: Handler candidates for 'Restore previous &versions' (*): 7-Zip, AccExt, Adobe.Acrobat.ContextMenu, ANotepad++64, EPP, IDriveMenu, Open With, Open With EncryptionMenu, Sharing, TortoiseSVN, WinRAR, WinRAR32
02:18:42.429 33728 explorer.exe  [WH] [local@context-menu-overhaul] [2691:ApplyRegistryIcons]: No registry icon for 'Restore previous &versions' (verb 'PreviousVersions')
02:18:42.483 19196 explorer.exe  [WH] [local@context-menu-overhaul] [2648:LogHandlerCandidates]: Handler candidates for 'Restore previous &versions' (Directory): 7-Zip, EncryptionMenu, EPP, IDriveMenu, Offline Files, Sharing, TortoiseSVN, WorkFolders, {596AB062-B4D2-4215-9F74-E9109B0A8153}
02:18:42.483 19196 explorer.exe  [WH] [local@context-menu-overhaul] [2648:LogHandlerCandidates]: Handler candidates for 'Restore previous &versions' (Folder): 7-Zip, AccExt, Adobe.Acrobat.ContextMenu, Library Location, MBAMShlExt, Offline Files, PintoStartScreen, RUShellExt, StartMenuExt, TortoiseSVN, WinRAR, WinRAR32
02:18:42.484 19196 explorer.exe  [WH] [local@context-menu-overhaul] [2648:LogHandlerCandidates]: Handler candidates for 'Restore previous &versions' (AllFilesystemObjects): ACShell, CopyAsPathMenu, DeleteFiles, MBAMShlExt, ModernSharing, SendTo, {474C98EE-CF3D-41f5-80E3-4AAB0AB04301}, {596AB062-B4D2-4215-9F74-E9109B0A8153}, {a2a9545d-a0c2-42b4-9708-a0b2badd77c8}
02:18:42.484 19196 explorer.exe  [WH] [local@context-menu-overhaul] [2648:LogHandlerCandidates]: Handler candidates for 'Restore previous &versions' (*): {C52B9871-E5E9-41FD-B84D-C5ACADBEC7AE}
02:18:42.485 19196 explorer.exe  [WH] [local@context-menu-overhaul] [2648:LogHandlerCandidates]: Handler candidates for 'Restore previous &versions' (*): 7-Zip, AccExt, Adobe.Acrobat.ContextMenu, ANotepad++64, EPP, IDriveMenu, Open With, Open With EncryptionMenu, Sharing, TortoiseSVN, WinRAR, WinRAR32
02:18:42.485 19196 explorer.exe  [WH] [local@context-menu-overhaul] [2691:ApplyRegistryIcons]: No registry icon for 'Restore previous &versions' (verb 'PreviousVersions')
02:18:42.571 33728 explorer.exe  [WH] [local@context-menu-overhaul] [2687:ApplyRegistryIcons]: Registry icon for '&Pin to Start' (verb 'PinToStartScreen'): C:\WINDOWS\System32\StartMenuHelper64.dll,0
02:18:42.606 33728 explorer.exe  [WH] [local@context-menu-overhaul] [2648:LogHandlerCandidates]: Handler candidates for 'Copy &as path' (Directory): 7-Zip, EncryptionMenu, EPP, IDriveMenu, Offline Files, Sharing, TortoiseSVN, WorkFolders, {596AB062-B4D2-4215-9F74-E9109B0A8153}
02:18:42.606 33728 explorer.exe  [WH] [local@context-menu-overhaul] [2648:LogHandlerCandidates]: Handler candidates for 'Copy &as path' (Folder): 7-Zip, AccExt, Adobe.Acrobat.ContextMenu, Library Location, MBAMShlExt, Offline Files, PintoStartScreen, RUShellExt, StartMenuExt, TortoiseSVN, WinRAR, WinRAR32
02:18:42.607 33728 explorer.exe  [WH] [local@context-menu-overhaul] [2648:LogHandlerCandidates]: Handler candidates for 'Copy &as path' (AllFilesystemObjects): ACShell, CopyAsPathMenu, DeleteFiles, MBAMShlExt, ModernSharing, SendTo, {474C98EE-CF3D-41f5-80E3-4AAB0AB04301}, {596AB062-B4D2-4215-9F74-E9109B0A8153}, {a2a9545d-a0c2-42b4-9708-a0b2badd77c8}
02:18:42.607 33728 explorer.exe  [WH] [local@context-menu-overhaul] [2648:LogHandlerCandidates]: Handler candidates for 'Copy &as path' (*): {C52B9871-E5E9-41FD-B84D-C5ACADBEC7AE}
02:18:42.608 33728 explorer.exe  [WH] [local@context-menu-overhaul] [2648:LogHandlerCandidates]: Handler candidates for 'Copy &as path' (*): 7-Zip, AccExt, Adobe.Acrobat.ContextMenu, ANotepad++64, EPP, IDriveMenu, Open With, Open With EncryptionMenu, Sharing, TortoiseSVN, WinRAR, WinRAR32
02:18:42.608 33728 explorer.exe  [WH] [local@context-menu-overhaul] [2691:ApplyRegistryIcons]: No registry icon for 'Copy &as path' (verb 'copyaspath')
02:18:42.669 19196 explorer.exe  [WH] [local@context-menu-overhaul] [2687:ApplyRegistryIcons]: Registry icon for '&Pin to Start' (verb 'PinToStartScreen'): C:\WINDOWS\System32\StartMenuHelper64.dll,0
02:18:42.721 19196 explorer.exe  [WH] [local@context-menu-overhaul] [2648:LogHandlerCandidates]: Handler candidates for 'Copy &as path' (Directory): 7-Zip, EncryptionMenu, EPP, IDriveMenu, Offline Files, Sharing, TortoiseSVN, WorkFolders, {596AB062-B4D2-4215-9F74-E9109B0A8153}
02:18:42.723 19196 explorer.exe  [WH] [local@context-menu-overhaul] [2648:LogHandlerCandidates]: Handler candidates for 'Copy &as path' (Folder): 7-Zip, AccExt, Adobe.Acrobat.ContextMenu, Library Location, MBAMShlExt, Offline Files, PintoStartScreen, RUShellExt, StartMenuExt, TortoiseSVN, WinRAR, WinRAR32
02:18:42.724 19196 explorer.exe  [WH] [local@context-menu-overhaul] [2648:LogHandlerCandidates]: Handler candidates for 'Copy &as path' (AllFilesystemObjects): ACShell, CopyAsPathMenu, DeleteFiles, MBAMShlExt, ModernSharing, SendTo, {474C98EE-CF3D-41f5-80E3-4AAB0AB04301}, {596AB062-B4D2-4215-9F74-E9109B0A8153}, {a2a9545d-a0c2-42b4-9708-a0b2badd77c8}
02:18:42.725 19196 explorer.exe  [WH] [local@context-menu-overhaul] [2648:LogHandlerCandidates]: Handler candidates for 'Copy &as path' (*): {C52B9871-E5E9-41FD-B84D-C5ACADBEC7AE}
02:18:42.726 19196 explorer.exe  [WH] [local@context-menu-overhaul] [2648:LogHandlerCandidates]: Handler candidates for 'Copy &as path' (*): 7-Zip, AccExt, Adobe.Acrobat.ContextMenu, ANotepad++64, EPP, IDriveMenu, Open With, Open With EncryptionMenu, Sharing, TortoiseSVN, WinRAR, WinRAR32
02:18:42.729 19196 explorer.exe  [WH] [local@context-menu-overhaul] [2691:ApplyRegistryIcons]: No registry icon for 'Copy &as path' (verb 'copyaspath')
02:18:42.799 33728 explorer.exe  [WH] [local@context-menu-overhaul] [2648:LogHandlerCandidates]: Handler candidates for 'Cu&t' (Directory): 7-Zip, EncryptionMenu, EPP, IDriveMenu, Offline Files, Sharing, TortoiseSVN, WorkFolders, {596AB062-B4D2-4215-9F74-E9109B0A8153}
02:18:42.799 33728 explorer.exe  [WH] [local@context-menu-overhaul] [2648:LogHandlerCandidates]: Handler candidates for 'Cu&t' (Folder): 7-Zip, AccExt, Adobe.Acrobat.ContextMenu, Library Location, MBAMShlExt, Offline Files, PintoStartScreen, RUShellExt, StartMenuExt, TortoiseSVN, WinRAR, WinRAR32
02:18:42.799 33728 explorer.exe  [WH] [local@context-menu-overhaul] [2648:LogHandlerCandidates]: Handler candidates for 'Cu&t' (AllFilesystemObjects): ACShell, CopyAsPathMenu, DeleteFiles, MBAMShlExt, ModernSharing, SendTo, {474C98EE-CF3D-41f5-80E3-4AAB0AB04301}, {596AB062-B4D2-4215-9F74-E9109B0A8153}, {a2a9545d-a0c2-42b4-9708-a0b2badd77c8}
02:18:42.799 33728 explorer.exe  [WH] [local@context-menu-overhaul] [2648:LogHandlerCandidates]: Handler candidates for 'Cu&t' (*): {C52B9871-E5E9-41FD-B84D-C5ACADBEC7AE}
02:18:42.801 33728 explorer.exe  [WH] [local@context-menu-overhaul] [2648:LogHandlerCandidates]: Handler candidates for 'Cu&t' (*): 7-Zip, AccExt, Adobe.Acrobat.ContextMenu, ANotepad++64, EPP, IDriveMenu, Open With, Open With EncryptionMenu, Sharing, TortoiseSVN, WinRAR, WinRAR32
02:18:42.801 33728 explorer.exe  [WH] [local@context-menu-overhaul] [2691:ApplyRegistryIcons]: No registry icon for 'Cu&t' (verb 'cut')
02:18:42.817 33728 explorer.exe  [WH] [local@context-menu-overhaul] [2648:LogHandlerCandidates]: Handler candidates for '&Copy' (Directory): 7-Zip, EncryptionMenu, EPP, IDriveMenu, Offline Files, Sharing, TortoiseSVN, WorkFolders, {596AB062-B4D2-4215-9F74-E9109B0A8153}
02:18:42.817 33728 explorer.exe  [WH] [local@context-menu-overhaul] [2648:LogHandlerCandidates]: Handler candidates for '&Copy' (Folder): 7-Zip, AccExt, Adobe.Acrobat.ContextMenu, Library Location, MBAMShlExt, Offline Files, PintoStartScreen, RUShellExt, StartMenuExt, TortoiseSVN, WinRAR, WinRAR32
02:18:42.817 33728 explorer.exe  [WH] [local@context-menu-overhaul] [2648:LogHandlerCandidates]: Handler candidates for '&Copy' (AllFilesystemObjects): ACShell, CopyAsPathMenu, DeleteFiles, MBAMShlExt, ModernSharing, SendTo, {474C98EE-CF3D-41f5-80E3-4AAB0AB04301}, {596AB062-B4D2-4215-9F74-E9109B0A8153}, {a2a9545d-a0c2-42b4-9708-a0b2badd77c8}
02:18:42.818 33728 explorer.exe  [WH] [local@context-menu-overhaul] [2648:LogHandlerCandidates]: Handler candidates for '&Copy' (*): {C52B9871-E5E9-41FD-B84D-C5ACADBEC7AE}
02:18:42.818 33728 explorer.exe  [WH] [local@context-menu-overhaul] [2648:LogHandlerCandidates]: Handler candidates for '&Copy' (*): 7-Zip, AccExt, Adobe.Acrobat.ContextMenu, ANotepad++64, EPP, IDriveMenu, Open With, Open With EncryptionMenu, Sharing, TortoiseSVN, WinRAR, WinRAR32
02:18:42.818 33728 explorer.exe  [WH] [local@context-menu-overhaul] [2691:ApplyRegistryIcons]: No registry icon for '&Copy' (verb 'copy')
02:18:42.833 33728 explorer.exe  [WH] [local@context-menu-overhaul] [2648:LogHandlerCandidates]: Handler candidates for 'Create &shortcut' (Directory): 7-Zip, EncryptionMenu, EPP, IDriveMenu, Offline Files, Sharing, TortoiseSVN, WorkFolders, {596AB062-B4D2-4215-9F74-E9109B0A8153}
02:18:42.833 33728 explorer.exe  [WH] [local@context-menu-overhaul] [2648:LogHandlerCandidates]: Handler candidates for 'Create &shortcut' (Folder): 7-Zip, AccExt, Adobe.Acrobat.ContextMenu, Library Location, MBAMShlExt, Offline Files, PintoStartScreen, RUShellExt, StartMenuExt, TortoiseSVN, WinRAR, WinRAR32
02:18:42.833 33728 explorer.exe  [WH] [local@context-menu-overhaul] [2648:LogHandlerCandidates]: Handler candidates for 'Create &shortcut' (AllFilesystemObjects): ACShell, CopyAsPathMenu, DeleteFiles, MBAMShlExt, ModernSharing, SendTo, {474C98EE-CF3D-41f5-80E3-4AAB0AB04301}, {596AB062-B4D2-4215-9F74-E9109B0A8153}, {a2a9545d-a0c2-42b4-9708-a0b2badd77c8}
02:18:42.833 33728 explorer.exe  [WH] [local@context-menu-overhaul] [2648:LogHandlerCandidates]: Handler candidates for 'Create &shortcut' (*): {C52B9871-E5E9-41FD-B84D-C5ACADBEC7AE}
02:18:42.834 33728 explorer.exe  [WH] [local@context-menu-overhaul] [2648:LogHandlerCandidates]: Handler candidates for 'Create &shortcut' (*): 7-Zip, AccExt, Adobe.Acrobat.ContextMenu, ANotepad++64, EPP, IDriveMenu, Open With, Open With EncryptionMenu, Sharing, TortoiseSVN, WinRAR, WinRAR32
02:18:42.834 33728 explorer.exe  [WH] [local@context-menu-overhaul] [2691:ApplyRegistryIcons]: No registry icon for 'Create &shortcut' (verb 'link')
02:18:42.848 33728 explorer.exe  [WH] [local@context-menu-overhaul] [2648:LogHandlerCandidates]: Handler candidates for '&Delete' (Directory): 7-Zip, EncryptionMenu, EPP, IDriveMenu, Offline Files, Sharing, TortoiseSVN, WorkFolders, {596AB062-B4D2-4215-9F74-E9109B0A8153}
02:18:42.848 33728 explorer.exe  [WH] [local@context-menu-overhaul] [2648:LogHandlerCandidates]: Handler candidates for '&Delete' (Folder): 7-Zip, AccExt, Adobe.Acrobat.ContextMenu, Library Location, MBAMShlExt, Offline Files, PintoStartScreen, RUShellExt, StartMenuExt, TortoiseSVN, WinRAR, WinRAR32
02:18:42.849 33728 explorer.exe  [WH] [local@context-menu-overhaul] [2648:LogHandlerCandidates]: Handler candidates for '&Delete' (AllFilesystemObjects): ACShell, CopyAsPathMenu, DeleteFiles, MBAMShlExt, ModernSharing, SendTo, {474C98EE-CF3D-41f5-80E3-4AAB0AB04301}, {596AB062-B4D2-4215-9F74-E9109B0A8153}, {a2a9545d-a0c2-42b4-9708-a0b2badd77c8}
02:18:42.849 33728 explorer.exe  [WH] [local@context-menu-overhaul] [2648:LogHandlerCandidates]: Handler candidates for '&Delete' (*): {C52B9871-E5E9-41FD-B84D-C5ACADBEC7AE}
02:18:42.849 33728 explorer.exe  [WH] [local@context-menu-overhaul] [2648:LogHandlerCandidates]: Handler candidates for '&Delete' (*): 7-Zip, AccExt, Adobe.Acrobat.ContextMenu, ANotepad++64, EPP, IDriveMenu, Open With, Open With EncryptionMenu, Sharing, TortoiseSVN, WinRAR, WinRAR32
02:18:42.850 33728 explorer.exe  [WH] [local@context-menu-overhaul] [2691:ApplyRegistryIcons]: No registry icon for '&Delete' (verb 'delete')
02:18:42.867 33728 explorer.exe  [WH] [local@context-menu-overhaul] [2648:LogHandlerCandidates]: Handler candidates for 'P&roperties' (Directory): 7-Zip, EncryptionMenu, EPP, IDriveMenu, Offline Files, Sharing, TortoiseSVN, WorkFolders, {596AB062-B4D2-4215-9F74-E9109B0A8153}
02:18:42.869 33728 explorer.exe  [WH] [local@context-menu-overhaul] [2648:LogHandlerCandidates]: Handler candidates for 'P&roperties' (Folder): 7-Zip, AccExt, Adobe.Acrobat.ContextMenu, Library Location, MBAMShlExt, Offline Files, PintoStartScreen, RUShellExt, StartMenuExt, TortoiseSVN, WinRAR, WinRAR32
02:18:42.869 33728 explorer.exe  [WH] [local@context-menu-overhaul] [2648:LogHandlerCandidates]: Handler candidates for 'P&roperties' (AllFilesystemObjects): ACShell, CopyAsPathMenu, DeleteFiles, MBAMShlExt, ModernSharing, SendTo, {474C98EE-CF3D-41f5-80E3-4AAB0AB04301}, {596AB062-B4D2-4215-9F74-E9109B0A8153}, {a2a9545d-a0c2-42b4-9708-a0b2badd77c8}
02:18:42.870 33728 explorer.exe  [WH] [local@context-menu-overhaul] [2648:LogHandlerCandidates]: Handler candidates for 'P&roperties' (*): {C52B9871-E5E9-41FD-B84D-C5ACADBEC7AE}
02:18:42.871 33728 explorer.exe  [WH] [local@context-menu-overhaul] [2648:LogHandlerCandidates]: Handler candidates for 'P&roperties' (*): 7-Zip, AccExt, Adobe.Acrobat.ContextMenu, ANotepad++64, EPP, IDriveMenu, Open With, Open With EncryptionMenu, Sharing, TortoiseSVN, WinRAR, WinRAR32
02:18:42.872 33728 explorer.exe  [WH] [local@context-menu-overhaul] [2691:ApplyRegistryIcons]: No registry icon for 'P&roperties' (verb 'properties')
02:18:42.959 19196 explorer.exe  [WH] [local@context-menu-overhaul] [2648:LogHandlerCandidates]: Handler candidates for 'Cu&t' (Directory): 7-Zip, EncryptionMenu, EPP, IDriveMenu, Offline Files, Sharing, TortoiseSVN, WorkFolders, {596AB062-B4D2-4215-9F74-E9109B0A8153}
02:18:42.959 19196 explorer.exe  [WH] [local@context-menu-overhaul] [2648:LogHandlerCandidates]: Handler candidates for 'Cu&t' (Folder): 7-Zip, AccExt, Adobe.Acrobat.ContextMenu, Library Location, MBAMShlExt, Offline Files, PintoStartScreen, RUShellExt, StartMenuExt, TortoiseSVN, WinRAR, WinRAR32
02:18:42.960 19196 explorer.exe  [WH] [local@context-menu-overhaul] [2648:LogHandlerCandidates]: Handler candidates for 'Cu&t' (AllFilesystemObjects): ACShell, CopyAsPathMenu, DeleteFiles, MBAMShlExt, ModernSharing, SendTo, {474C98EE-CF3D-41f5-80E3-4AAB0AB04301}, {596AB062-B4D2-4215-9F74-E9109B0A8153}, {a2a9545d-a0c2-42b4-9708-a0b2badd77c8}
02:18:42.960 19196 explorer.exe  [WH] [local@context-menu-overhaul] [2648:LogHandlerCandidates]: Handler candidates for 'Cu&t' (*): {C52B9871-E5E9-41FD-B84D-C5ACADBEC7AE}
02:18:42.960 19196 explorer.exe  [WH] [local@context-menu-overhaul] [2648:LogHandlerCandidates]: Handler candidates for 'Cu&t' (*): 7-Zip, AccExt, Adobe.Acrobat.ContextMenu, ANotepad++64, EPP, IDriveMenu, Open With, Open With EncryptionMenu, Sharing, TortoiseSVN, WinRAR, WinRAR32
02:18:42.960 19196 explorer.exe  [WH] [local@context-menu-overhaul] [2691:ApplyRegistryIcons]: No registry icon for 'Cu&t' (verb 'cut')
02:18:42.979 19196 explorer.exe  [WH] [local@context-menu-overhaul] [2648:LogHandlerCandidates]: Handler candidates for '&Copy' (Directory): 7-Zip, EncryptionMenu, EPP, IDriveMenu, Offline Files, Sharing, TortoiseSVN, WorkFolders, {596AB062-B4D2-4215-9F74-E9109B0A8153}
02:18:42.980 19196 explorer.exe  [WH] [local@context-menu-overhaul] [2648:LogHandlerCandidates]: Handler candidates for '&Copy' (Folder): 7-Zip, AccExt, Adobe.Acrobat.ContextMenu, Library Location, MBAMShlExt, Offline Files, PintoStartScreen, RUShellExt, StartMenuExt, TortoiseSVN, WinRAR, WinRAR32
02:18:42.981 19196 explorer.exe  [WH] [local@context-menu-overhaul] [2648:LogHandlerCandidates]: Handler candidates for '&Copy' (AllFilesystemObjects): ACShell, CopyAsPathMenu, DeleteFiles, MBAMShlExt, ModernSharing, SendTo, {474C98EE-CF3D-41f5-80E3-4AAB0AB04301}, {596AB062-B4D2-4215-9F74-E9109B0A8153}, {a2a9545d-a0c2-42b4-9708-a0b2badd77c8}
02:18:42.981 19196 explorer.exe  [WH] [local@context-menu-overhaul] [2648:LogHandlerCandidates]: Handler candidates for '&Copy' (*): {C52B9871-E5E9-41FD-B84D-C5ACADBEC7AE}
02:18:42.981 19196 explorer.exe  [WH] [local@context-menu-overhaul] [2648:LogHandlerCandidates]: Handler candidates for '&Copy' (*): 7-Zip, AccExt, Adobe.Acrobat.ContextMenu, ANotepad++64, EPP, IDriveMenu, Open With, Open With EncryptionMenu, Sharing, TortoiseSVN, WinRAR, WinRAR32
02:18:42.982 19196 explorer.exe  [WH] [local@context-menu-overhaul] [2691:ApplyRegistryIcons]: No registry icon for '&Copy' (verb 'copy')
02:18:43.004 19196 explorer.exe  [WH] [local@context-menu-overhaul] [2648:LogHandlerCandidates]: Handler candidates for 'Create &shortcut' (Directory): 7-Zip, EncryptionMenu, EPP, IDriveMenu, Offline Files, Sharing, TortoiseSVN, WorkFolders, {596AB062-B4D2-4215-9F74-E9109B0A8153}
02:18:43.004 19196 explorer.exe  [WH] [local@context-menu-overhaul] [2648:LogHandlerCandidates]: Handler candidates for 'Create &shortcut' (Folder): 7-Zip, AccExt, Adobe.Acrobat.ContextMenu, Library Location, MBAMShlExt, Offline Files, PintoStartScreen, RUShellExt, StartMenuExt, TortoiseSVN, WinRAR, WinRAR32
02:18:43.004 19196 explorer.exe  [WH] [local@context-menu-overhaul] [2648:LogHandlerCandidates]: Handler candidates for 'Create &shortcut' (AllFilesystemObjects): ACShell, CopyAsPathMenu, DeleteFiles, MBAMShlExt, ModernSharing, SendTo, {474C98EE-CF3D-41f5-80E3-4AAB0AB04301}, {596AB062-B4D2-4215-9F74-E9109B0A8153}, {a2a9545d-a0c2-42b4-9708-a0b2badd77c8}
02:18:43.005 19196 explorer.exe  [WH] [local@context-menu-overhaul] [2648:LogHandlerCandidates]: Handler candidates for 'Create &shortcut' (*): {C52B9871-E5E9-41FD-B84D-C5ACADBEC7AE}
02:18:43.005 19196 explorer.exe  [WH] [local@context-menu-overhaul] [2648:LogHandlerCandidates]: Handler candidates for 'Create &shortcut' (*): 7-Zip, AccExt, Adobe.Acrobat.ContextMenu, ANotepad++64, EPP, IDriveMenu, Open With, Open With EncryptionMenu, Sharing, TortoiseSVN, WinRAR, WinRAR32
02:18:43.005 19196 explorer.exe  [WH] [local@context-menu-overhaul] [2691:ApplyRegistryIcons]: No registry icon for 'Create &shortcut' (verb 'link')
02:18:43.021 19196 explorer.exe  [WH] [local@context-menu-overhaul] [2648:LogHandlerCandidates]: Handler candidates for '&Delete' (Directory): 7-Zip, EncryptionMenu, EPP, IDriveMenu, Offline Files, Sharing, TortoiseSVN, WorkFolders, {596AB062-B4D2-4215-9F74-E9109B0A8153}
02:18:43.022 19196 explorer.exe  [WH] [local@context-menu-overhaul] [2648:LogHandlerCandidates]: Handler candidates for '&Delete' (Folder): 7-Zip, AccExt, Adobe.Acrobat.ContextMenu, Library Location, MBAMShlExt, Offline Files, PintoStartScreen, RUShellExt, StartMenuExt, TortoiseSVN, WinRAR, WinRAR32
02:18:43.022 19196 explorer.exe  [WH] [local@context-menu-overhaul] [2648:LogHandlerCandidates]: Handler candidates for '&Delete' (AllFilesystemObjects): ACShell, CopyAsPathMenu, DeleteFiles, MBAMShlExt, ModernSharing, SendTo, {474C98EE-CF3D-41f5-80E3-4AAB0AB04301}, {596AB062-B4D2-4215-9F74-E9109B0A8153}, {a2a9545d-a0c2-42b4-9708-a0b2badd77c8}
02:18:43.022 19196 explorer.exe  [WH] [local@context-menu-overhaul] [2648:LogHandlerCandidates]: Handler candidates for '&Delete' (*): {C52B9871-E5E9-41FD-B84D-C5ACADBEC7AE}
02:18:43.022 19196 explorer.exe  [WH] [local@context-menu-overhaul] [2648:LogHandlerCandidates]: Handler candidates for '&Delete' (*): 7-Zip, AccExt, Adobe.Acrobat.ContextMenu, ANotepad++64, EPP, IDriveMenu, Open With, Open With EncryptionMenu, Sharing, TortoiseSVN, WinRAR, WinRAR32
02:18:43.023 19196 explorer.exe  [WH] [local@context-menu-overhaul] [2691:ApplyRegistryIcons]: No registry icon for '&Delete' (verb 'delete')
02:18:43.040 19196 explorer.exe  [WH] [local@context-menu-overhaul] [2648:LogHandlerCandidates]: Handler candidates for 'P&roperties' (Directory): 7-Zip, EncryptionMenu, EPP, IDriveMenu, Offline Files, Sharing, TortoiseSVN, WorkFolders, {596AB062-B4D2-4215-9F74-E9109B0A8153}
02:18:43.040 19196 explorer.exe  [WH] [local@context-menu-overhaul] [2648:LogHandlerCandidates]: Handler candidates for 'P&roperties' (Folder): 7-Zip, AccExt, Adobe.Acrobat.ContextMenu, Library Location, MBAMShlExt, Offline Files, PintoStartScreen, RUShellExt, StartMenuExt, TortoiseSVN, WinRAR, WinRAR32
02:18:43.041 19196 explorer.exe  [WH] [local@context-menu-overhaul] [2648:LogHandlerCandidates]: Handler candidates for 'P&roperties' (AllFilesystemObjects): ACShell, CopyAsPathMenu, DeleteFiles, MBAMShlExt, ModernSharing, SendTo, {474C98EE-CF3D-41f5-80E3-4AAB0AB04301}, {596AB062-B4D2-4215-9F74-E9109B0A8153}, {a2a9545d-a0c2-42b4-9708-a0b2badd77c8}
02:18:43.041 19196 explorer.exe  [WH] [local@context-menu-overhaul] [2648:LogHandlerCandidates]: Handler candidates for 'P&roperties' (*): {C52B9871-E5E9-41FD-B84D-C5ACADBEC7AE}
02:18:43.041 19196 explorer.exe  [WH] [local@context-menu-overhaul] [2648:LogHandlerCandidates]: Handler candidates for 'P&roperties' (*): 7-Zip, AccExt, Adobe.Acrobat.ContextMenu, ANotepad++64, EPP, IDriveMenu, Open With, Open With EncryptionMenu, Sharing, TortoiseSVN, WinRAR, WinRAR32
02:18:43.042 19196 explorer.exe  [WH] [local@context-menu-overhaul] [2691:ApplyRegistryIcons]: No registry icon for 'P&roperties' (verb 'properties')
02:18:43.248 33728 explorer.exe  [WH] [local@context-menu-overhaul] [2648:LogHandlerCandidates]: Handler candidates for '&Open' (Directory\Background): New, NvAppDesktopContext, NvCplDesktopContext, Sharing, TortoiseSVN, WorkFolders
02:18:43.248 33728 explorer.exe  [WH] [local@context-menu-overhaul] [2648:LogHandlerCandidates]: Handler candidates for '&Open' (DesktopBackground): DesktopSlideshow
02:18:43.248 33728 explorer.exe  [WH] [local@context-menu-overhaul] [2691:ApplyRegistryIcons]: No registry icon for '&Open' (verb 'open')
02:18:43.251 33728 explorer.exe  [WH] [local@context-menu-overhaul] [2648:LogHandlerCandidates]: Handler candidates for 'Pin to &Quick access' (Directory\Background): New, NvAppDesktopContext, NvCplDesktopContext, Sharing, TortoiseSVN, WorkFolders
02:18:43.251 33728 explorer.exe  [WH] [local@context-menu-overhaul] [2648:LogHandlerCandidates]: Handler candidates for 'Pin to &Quick access' (DesktopBackground): DesktopSlideshow
02:18:43.251 33728 explorer.exe  [WH] [local@context-menu-overhaul] [2691:ApplyRegistryIcons]: No registry icon for 'Pin to &Quick access' (verb 'pintohome')
02:18:43.253 33728 explorer.exe  [WH] [local@context-menu-overhaul] [2648:LogHandlerCandidates]: Handler candidates for '' (Directory\Background): New, NvAppDesktopContext, NvCplDesktopContext, Sharing, TortoiseSVN, WorkFolders
02:18:43.254 33728 explorer.exe  [WH] [local@context-menu-overhaul] [2648:LogHandlerCandidates]: Handler candidates for '' (DesktopBackground): DesktopSlideshow
02:18:43.254 33728 explorer.exe  [WH] [local@context-menu-overhaul] [2691:ApplyRegistryIcons]: No registry icon for '' (verb '')
02:18:43.304 33728 explorer.exe  [WH] [local@context-menu-overhaul] [2648:LogHandlerCandidates]: Handler candidates for 'Restore previous &versions' (Directory\Background): New, NvAppDesktopContext, NvCplDesktopContext, Sharing, TortoiseSVN, WorkFolders
02:18:43.304 33728 explorer.exe  [WH] [local@context-menu-overhaul] [2648:LogHandlerCandidates]: Handler candidates for 'Restore previous &versions' (DesktopBackground): DesktopSlideshow
02:18:43.304 33728 explorer.exe  [WH] [local@context-menu-overhaul] [2691:ApplyRegistryIcons]: No registry icon for 'Restore previous &versions' (verb 'PreviousVersions')
02:18:43.349 33728 explorer.exe  [WH] [local@context-menu-overhaul] [2648:LogHandlerCandidates]: Handler candidates for '&Pin to Start' (Directory\Background): New, NvAppDesktopContext, NvCplDesktopContext, Sharing, TortoiseSVN, WorkFolders
02:18:43.349 33728 explorer.exe  [WH] [local@context-menu-overhaul] [2648:LogHandlerCandidates]: Handler candidates for '&Pin to Start' (DesktopBackground): DesktopSlideshow
02:18:43.349 33728 explorer.exe  [WH] [local@context-menu-overhaul] [2691:ApplyRegistryIcons]: No registry icon for '&Pin to Start' (verb 'PinToStartScreen')
02:18:43.355 33728 explorer.exe  [WH] [local@context-menu-overhaul] [2648:LogHandlerCandidates]: Handler candidates for 'Copy &as path' (Directory\Background): New, NvAppDesktopContext, NvCplDesktopContext, Sharing, TortoiseSVN, WorkFolders
02:18:43.356 33728 explorer.exe  [WH] [local@context-menu-overhaul] [2648:LogHandlerCandidates]: Handler candidates for 'Copy &as path' (DesktopBackground): DesktopSlideshow
02:18:43.356 33728 explorer.exe  [WH] [local@context-menu-overhaul] [2691:ApplyRegistryIcons]: No registry icon for 'Copy &as path' (verb 'copyaspath')
02:18:43.378 33728 explorer.exe  [WH] [local@context-menu-overhaul] [2648:LogHandlerCandidates]: Handler candidates for '&Copy' (Directory\Background): New, NvAppDesktopContext, NvCplDesktopContext, Sharing, TortoiseSVN, WorkFolders
02:18:43.379 33728 explorer.exe  [WH] [local@context-menu-overhaul] [2648:LogHandlerCandidates]: Handler candidates for '&Copy' (DesktopBackground): DesktopSlideshow
02:18:43.379 33728 explorer.exe  [WH] [local@context-menu-overhaul] [2691:ApplyRegistryIcons]: No registry icon for '&Copy' (verb 'copy')
02:18:43.382 33728 explorer.exe  [WH] [local@context-menu-overhaul] [2648:LogHandlerCandidates]: Handler candidates for 'Create &shortcut' (Directory\Background): New, NvAppDesktopContext, NvCplDesktopContext, Sharing, TortoiseSVN, WorkFolders
02:18:43.382 33728 explorer.exe  [WH] [local@context-menu-overhaul] [2648:LogHandlerCandidates]: Handler candidates for 'Create &shortcut' (DesktopBackground): DesktopSlideshow
02:18:43.382 33728 explorer.exe  [WH] [local@context-menu-overhaul] [2691:ApplyRegistryIcons]: No registry icon for 'Create &shortcut' (verb 'link')
02:18:43.385 33728 explorer.exe  [WH] [local@context-menu-overhaul] [2648:LogHandlerCandidates]: Handler candidates for 'P&roperties' (Directory\Background): New, NvAppDesktopContext, NvCplDesktopContext, Sharing, TortoiseSVN, WorkFolders
02:18:43.385 33728 explorer.exe  [WH] [local@context-menu-overhaul] [2648:LogHandlerCandidates]: Handler candidates for 'P&roperties' (DesktopBackground): DesktopSlideshow
02:18:43.385 33728 explorer.exe  [WH] [local@context-menu-overhaul] [2691:ApplyRegistryIcons]: No registry icon for 'P&roperties' (verb 'properties')
02:18:43.472 19196 explorer.exe  [WH] [local@context-menu-overhaul] [2648:LogHandlerCandidates]: Handler candidates for '&Open' (Directory\Background): New, NvAppDesktopContext, NvCplDesktopContext, Sharing, TortoiseSVN, WorkFolders
02:18:43.472 19196 explorer.exe  [WH] [local@context-menu-overhaul] [2648:LogHandlerCandidates]: Handler candidates for '&Open' (DesktopBackground): DesktopSlideshow
02:18:43.473 19196 explorer.exe  [WH] [local@context-menu-overhaul] [2691:ApplyRegistryIcons]: No registry icon for '&Open' (verb 'open')
02:18:43.477 19196 explorer.exe  [WH] [local@context-menu-overhaul] [2648:LogHandlerCandidates]: Handler candidates for 'Pin to &Quick access' (Directory\Background): New, NvAppDesktopContext, NvCplDesktopContext, Sharing, TortoiseSVN, WorkFolders
02:18:43.477 19196 explorer.exe  [WH] [local@context-menu-overhaul] [2648:LogHandlerCandidates]: Handler candidates for 'Pin to &Quick access' (DesktopBackground): DesktopSlideshow
02:18:43.477 19196 explorer.exe  [WH] [local@context-menu-overhaul] [2691:ApplyRegistryIcons]: No registry icon for 'Pin to &Quick access' (verb 'pintohome')
02:18:43.480 19196 explorer.exe  [WH] [local@context-menu-overhaul] [2648:LogHandlerCandidates]: Handler candidates for '' (Directory\Background): New, NvAppDesktopContext, NvCplDesktopContext, Sharing, TortoiseSVN, WorkFolders
02:18:43.480 19196 explorer.exe  [WH] [local@context-menu-overhaul] [2648:LogHandlerCandidates]: Handler candidates for '' (DesktopBackground): DesktopSlideshow
02:18:43.480 19196 explorer.exe  [WH] [local@context-menu-overhaul] [2691:ApplyRegistryIcons]: No registry icon for '' (verb '')
02:18:43.531 19196 explorer.exe  [WH] [local@context-menu-overhaul] [2648:LogHandlerCandidates]: Handler candidates for 'Restore previous &versions' (Directory\Background): New, NvAppDesktopContext, NvCplDesktopContext, Sharing, TortoiseSVN, WorkFolders
02:18:43.531 19196 explorer.exe  [WH] [local@context-menu-overhaul] [2648:LogHandlerCandidates]: Handler candidates for 'Restore previous &versions' (DesktopBackground): DesktopSlideshow
02:18:43.531 19196 explorer.exe  [WH] [local@context-menu-overhaul] [2691:ApplyRegistryIcons]: No registry icon for 'Restore previous &versions' (verb 'PreviousVersions')
02:18:43.568 19196 explorer.exe  [WH] [local@context-menu-overhaul] [2648:LogHandlerCandidates]: Handler candidates for '&Pin to Start' (Directory\Background): New, NvAppDesktopContext, NvCplDesktopContext, Sharing, TortoiseSVN, WorkFolders
02:18:43.568 19196 explorer.exe  [WH] [local@context-menu-overhaul] [2648:LogHandlerCandidates]: Handler candidates for '&Pin to Start' (DesktopBackground): DesktopSlideshow
02:18:43.568 19196 explorer.exe  [WH] [local@context-menu-overhaul] [2691:ApplyRegistryIcons]: No registry icon for '&Pin to Start' (verb 'PinToStartScreen')
02:18:43.578 19196 explorer.exe  [WH] [local@context-menu-overhaul] [2648:LogHandlerCandidates]: Handler candidates for 'Copy &as path' (Directory\Background): New, NvAppDesktopContext, NvCplDesktopContext, Sharing, TortoiseSVN, WorkFolders
02:18:43.578 19196 explorer.exe  [WH] [local@context-menu-overhaul] [2648:LogHandlerCandidates]: Handler candidates for 'Copy &as path' (DesktopBackground): DesktopSlideshow
02:18:43.578 19196 explorer.exe  [WH] [local@context-menu-overhaul] [2691:ApplyRegistryIcons]: No registry icon for 'Copy &as path' (verb 'copyaspath')
02:18:43.583 33728 explorer.exe  [WH] [local@context-menu-overhaul] [2648:LogHandlerCandidates]: Handler candidates for '&Open' (Directory): 7-Zip, EncryptionMenu, EPP, IDriveMenu, Offline Files, Sharing, TortoiseSVN, WorkFolders, {596AB062-B4D2-4215-9F74-E9109B0A8153}
02:18:43.584 33728 explorer.exe  [WH] [local@context-menu-overhaul] [2648:LogHandlerCandidates]: Handler candidates for '&Open' (Folder): 7-Zip, AccExt, Adobe.Acrobat.ContextMenu, Library Location, MBAMShlExt, Offline Files, PintoStartScreen, RUShellExt, StartMenuExt, TortoiseSVN, WinRAR, WinRAR32
02:18:43.584 33728 explorer.exe  [WH] [local@context-menu-overhaul] [2648:LogHandlerCandidates]: Handler candidates for '&Open' (AllFilesystemObjects): ACShell, CopyAsPathMenu, DeleteFiles, MBAMShlExt, ModernSharing, SendTo, {474C98EE-CF3D-41f5-80E3-4AAB0AB04301}, {596AB062-B4D2-4215-9F74-E9109B0A8153}, {a2a9545d-a0c2-42b4-9708-a0b2badd77c8}
02:18:43.585 33728 explorer.exe  [WH] [local@context-menu-overhaul] [2648:LogHandlerCandidates]: Handler candidates for '&Open' (*): {C52B9871-E5E9-41FD-B84D-C5ACADBEC7AE}
02:18:43.585 33728 explorer.exe  [WH] [local@context-menu-overhaul] [2648:LogHandlerCandidates]: Handler candidates for '&Open' (*): 7-Zip, AccExt, Adobe.Acrobat.ContextMenu, ANotepad++64, EPP, IDriveMenu, Open With, Open With EncryptionMenu, Sharing, TortoiseSVN, WinRAR, WinRAR32
02:18:43.585 33728 explorer.exe  [WH] [local@context-menu-overhaul] [2691:ApplyRegistryIcons]: No registry icon for '&Open' (verb 'open')
02:18:43.600 33728 explorer.exe  [WH] [local@context-menu-overhaul] [2648:LogHandlerCandidates]: Handler candidates for 'Pin to &Quick access' (Directory): 7-Zip, EncryptionMenu, EPP, IDriveMenu, Offline Files, Sharing, TortoiseSVN, WorkFolders, {596AB062-B4D2-4215-9F74-E9109B0A8153}
02:18:43.600 33728 explorer.exe  [WH] [local@context-menu-overhaul] [2648:LogHandlerCandidates]: Handler candidates for 'Pin to &Quick access' (Folder): 7-Zip, AccExt, Adobe.Acrobat.ContextMenu, Library Location, MBAMShlExt, Offline Files, PintoStartScreen, RUShellExt, StartMenuExt, TortoiseSVN, WinRAR, WinRAR32
02:18:43.600 33728 explorer.exe  [WH] [local@context-menu-overhaul] [2648:LogHandlerCandidates]: Handler candidates for 'Pin to &Quick access' (AllFilesystemObjects): ACShell, CopyAsPathMenu, DeleteFiles, MBAMShlExt, ModernSharing, SendTo, {474C98EE-CF3D-41f5-80E3-4AAB0AB04301}, {596AB062-B4D2-4215-9F74-E9109B0A8153}, {a2a9545d-a0c2-42b4-9708-a0b2badd77c8}
02:18:43.601 33728 explorer.exe  [WH] [local@context-menu-overhaul] [2648:LogHandlerCandidates]: Handler candidates for 'Pin to &Quick access' (*): {C52B9871-E5E9-41FD-B84D-C5ACADBEC7AE}
02:18:43.601 33728 explorer.exe  [WH] [local@context-menu-overhaul] [2648:LogHandlerCandidates]: Handler candidates for 'Pin to &Quick access' (*): 7-Zip, AccExt, Adobe.Acrobat.ContextMenu, ANotepad++64, EPP, IDriveMenu, Open With, Open With EncryptionMenu, Sharing, TortoiseSVN, WinRAR, WinRAR32
02:18:43.601 33728 explorer.exe  [WH] [local@context-menu-overhaul] [2691:ApplyRegistryIcons]: No registry icon for 'Pin to &Quick access' (verb 'pintohome')
02:18:43.609 19196 explorer.exe  [WH] [local@context-menu-overhaul] [2648:LogHandlerCandidates]: Handler candidates for '&Copy' (Directory\Background): New, NvAppDesktopContext, NvCplDesktopContext, Sharing, TortoiseSVN, WorkFolders
02:18:43.609 19196 explorer.exe  [WH] [local@context-menu-overhaul] [2648:LogHandlerCandidates]: Handler candidates for '&Copy' (DesktopBackground): DesktopSlideshow
02:18:43.609 19196 explorer.exe  [WH] [local@context-menu-overhaul] [2691:ApplyRegistryIcons]: No registry icon for '&Copy' (verb 'copy')
02:18:43.614 19196 explorer.exe  [WH] [local@context-menu-overhaul] [2648:LogHandlerCandidates]: Handler candidates for 'Create &shortcut' (Directory\Background): New, NvAppDesktopContext, NvCplDesktopContext, Sharing, TortoiseSVN, WorkFolders
02:18:43.615 19196 explorer.exe  [WH] [local@context-menu-overhaul] [2648:LogHandlerCandidates]: Handler candidates for 'Create &shortcut' (DesktopBackground): DesktopSlideshow
02:18:43.617 19196 explorer.exe  [WH] [local@context-menu-overhaul] [2691:ApplyRegistryIcons]: No registry icon for 'Create &shortcut' (verb 'link')
02:18:43.623 19196 explorer.exe  [WH] [local@context-menu-overhaul] [2648:LogHandlerCandidates]: Handler candidates for 'P&roperties' (Directory\Background): New, NvAppDesktopContext, NvCplDesktopContext, Sharing, TortoiseSVN, WorkFolders
02:18:43.623 19196 explorer.exe  [WH] [local@context-menu-overhaul] [2648:LogHandlerCandidates]: Handler candidates for 'P&roperties' (DesktopBackground): DesktopSlideshow
02:18:43.624 19196 explorer.exe  [WH] [local@context-menu-overhaul] [2691:ApplyRegistryIcons]: No registry icon for 'P&roperties' (verb 'properties')
02:18:43.638 33728 explorer.exe  [WH] [local@context-menu-overhaul] [2648:LogHandlerCandidates]: Handler candidates for '' (Directory): 7-Zip, EncryptionMenu, EPP, IDriveMenu, Offline Files, Sharing, TortoiseSVN, WorkFolders, {596AB062-B4D2-4215-9F74-E9109B0A8153}
02:18:43.638 33728 explorer.exe  [WH] [local@context-menu-overhaul] [2648:LogHandlerCandidates]: Handler candidates for '' (Folder): 7-Zip, AccExt, Adobe.Acrobat.ContextMenu, Library Location, MBAMShlExt, Offline Files, PintoStartScreen, RUShellExt, StartMenuExt, TortoiseSVN, WinRAR, WinRAR32
02:18:43.639 33728 explorer.exe  [WH] [local@context-menu-overhaul] [2648:LogHandlerCandidates]: Handler candidates for '' (AllFilesystemObjects): ACShell, CopyAsPathMenu, DeleteFiles, MBAMShlExt, ModernSharing, SendTo, {474C98EE-CF3D-41f5-80E3-4AAB0AB04301}, {596AB062-B4D2-4215-9F74-E9109B0A8153}, {a2a9545d-a0c2-42b4-9708-a0b2badd77c8}
02:18:43.639 33728 explorer.exe  [WH] [local@context-menu-overhaul] [2648:LogHandlerCandidates]: Handler candidates for '' (*): {C52B9871-E5E9-41FD-B84D-C5ACADBEC7AE}
02:18:43.639 33728 explorer.exe  [WH] [local@context-menu-overhaul] [2648:LogHandlerCandidates]: Handler candidates for '' (*): 7-Zip, AccExt, Adobe.Acrobat.ContextMenu, ANotepad++64, EPP, IDriveMenu, Open With, Open With EncryptionMenu, Sharing, TortoiseSVN, WinRAR, WinRAR32
02:18:43.640 33728 explorer.exe  [WH] [local@context-menu-overhaul] [2691:ApplyRegistryIcons]: No registry icon for '' (verb '')
02:18:43.799 33728 explorer.exe  [WH] [local@context-menu-overhaul] [2648:LogHandlerCandidates]: Handler candidates for 'Restore previous &versions' (Directory): 7-Zip, EncryptionMenu, EPP, IDriveMenu, Offline Files, Sharing, TortoiseSVN, WorkFolders, {596AB062-B4D2-4215-9F74-E9109B0A8153}
02:18:43.800 33728 explorer.exe  [WH] [local@context-menu-overhaul] [2648:LogHandlerCandidates]: Handler candidates for 'Restore previous &versions' (Folder): 7-Zip, AccExt, Adobe.Acrobat.ContextMenu, Library Location, MBAMShlExt, Offline Files, PintoStartScreen, RUShellExt, StartMenuExt, TortoiseSVN, WinRAR, WinRAR32
02:18:43.800 33728 explorer.exe  [WH] [local@context-menu-overhaul] [2648:LogHandlerCandidates]: Handler candidates for 'Restore previous &versions' (AllFilesystemObjects): ACShell, CopyAsPathMenu, DeleteFiles, MBAMShlExt, ModernSharing, SendTo, {474C98EE-CF3D-41f5-80E3-4AAB0AB04301}, {596AB062-B4D2-4215-9F74-E9109B0A8153}, {a2a9545d-a0c2-42b4-9708-a0b2badd77c8}
02:18:43.800 33728 explorer.exe  [WH] [local@context-menu-overhaul] [2648:LogHandlerCandidates]: Handler candidates for 'Restore previous &versions' (*): {C52B9871-E5E9-41FD-B84D-C5ACADBEC7AE}
02:18:43.800 33728 explorer.exe  [WH] [local@context-menu-overhaul] [2648:LogHandlerCandidates]: Handler candidates for 'Restore previous &versions' (*): 7-Zip, AccExt, Adobe.Acrobat.ContextMenu, ANotepad++64, EPP, IDriveMenu, Open With, Open With EncryptionMenu, Sharing, TortoiseSVN, WinRAR, WinRAR32
02:18:43.801 33728 explorer.exe  [WH] [local@context-menu-overhaul] [2691:ApplyRegistryIcons]: No registry icon for 'Restore previous &versions' (verb 'PreviousVersions')
02:18:43.809 19196 explorer.exe  [WH] [local@context-menu-overhaul] [2648:LogHandlerCandidates]: Handler candidates for '&Open' (Directory): 7-Zip, EncryptionMenu, EPP, IDriveMenu, Offline Files, Sharing, TortoiseSVN, WorkFolders, {596AB062-B4D2-4215-9F74-E9109B0A8153}
02:18:43.809 19196 explorer.exe  [WH] [local@context-menu-overhaul] [2648:LogHandlerCandidates]: Handler candidates for '&Open' (Folder): 7-Zip, AccExt, Adobe.Acrobat.ContextMenu, Library Location, MBAMShlExt, Offline Files, PintoStartScreen, RUShellExt, StartMenuExt, TortoiseSVN, WinRAR, WinRAR32
02:18:43.809 19196 explorer.exe  [WH] [local@context-menu-overhaul] [2648:LogHandlerCandidates]: Handler candidates for '&Open' (AllFilesystemObjects): ACShell, CopyAsPathMenu, DeleteFiles, MBAMShlExt, ModernSharing, SendTo, {474C98EE-CF3D-41f5-80E3-4AAB0AB04301}, {596AB062-B4D2-4215-9F74-E9109B0A8153}, {a2a9545d-a0c2-42b4-9708-a0b2badd77c8}
02:18:43.810 19196 explorer.exe  [WH] [local@context-menu-overhaul] [2648:LogHandlerCandidates]: Handler candidates for '&Open' (*): {C52B9871-E5E9-41FD-B84D-C5ACADBEC7AE}
02:18:43.810 19196 explorer.exe  [WH] [local@context-menu-overhaul] [2648:LogHandlerCandidates]: Handler candidates for '&Open' (*): 7-Zip, AccExt, Adobe.Acrobat.ContextMenu, ANotepad++64, EPP, IDriveMenu, Open With, Open With EncryptionMenu, Sharing, TortoiseSVN, WinRAR, WinRAR32
02:18:43.810 19196 explorer.exe  [WH] [local@context-menu-overhaul] [2691:ApplyRegistryIcons]: No registry icon for '&Open' (verb 'open')
02:18:43.816 33728 explorer.exe  [WH] [local@context-menu-overhaul] [2687:ApplyRegistryIcons]: Registry icon for '&Pin to Start' (verb 'PinToStartScreen'): C:\WINDOWS\System32\StartMenuHelper64.dll,0
02:18:43.828 19196 explorer.exe  [WH] [local@context-menu-overhaul] [2648:LogHandlerCandidates]: Handler candidates for 'Pin to &Quick access' (Directory): 7-Zip, EncryptionMenu, EPP, IDriveMenu, Offline Files, Sharing, TortoiseSVN, WorkFolders, {596AB062-B4D2-4215-9F74-E9109B0A8153}
02:18:43.828 19196 explorer.exe  [WH] [local@context-menu-overhaul] [2648:LogHandlerCandidates]: Handler candidates for 'Pin to &Quick access' (Folder): 7-Zip, AccExt, Adobe.Acrobat.ContextMenu, Library Location, MBAMShlExt, Offline Files, PintoStartScreen, RUShellExt, StartMenuExt, TortoiseSVN, WinRAR, WinRAR32
02:18:43.828 19196 explorer.exe  [WH] [local@context-menu-overhaul] [2648:LogHandlerCandidates]: Handler candidates for 'Pin to &Quick access' (AllFilesystemObjects): ACShell, CopyAsPathMenu, DeleteFiles, MBAMShlExt, ModernSharing, SendTo, {474C98EE-CF3D-41f5-80E3-4AAB0AB04301}, {596AB062-B4D2-4215-9F74-E9109B0A8153}, {a2a9545d-a0c2-42b4-9708-a0b2badd77c8}
02:18:43.830 19196 explorer.exe  [WH] [local@context-menu-overhaul] [2648:LogHandlerCandidates]: Handler candidates for 'Pin to &Quick access' (*): {C52B9871-E5E9-41FD-B84D-C5ACADBEC7AE}
02:18:43.830 19196 explorer.exe  [WH] [local@context-menu-overhaul] [2648:LogHandlerCandidates]: Handler candidates for 'Pin to &Quick access' (*): 7-Zip, AccExt, Adobe.Acrobat.ContextMenu, ANotepad++64, EPP, IDriveMenu, Open With, Open With EncryptionMenu, Sharing, TortoiseSVN, WinRAR, WinRAR32
02:18:43.830 19196 explorer.exe  [WH] [local@context-menu-overhaul] [2691:ApplyRegistryIcons]: No registry icon for 'Pin to &Quick access' (verb 'pintohome')
02:18:43.847 33728 explorer.exe  [WH] [local@context-menu-overhaul] [2648:LogHandlerCandidates]: Handler candidates for 'Form&at...' (Directory): 7-Zip, EncryptionMenu, EPP, IDriveMenu, Offline Files, Sharing, TortoiseSVN, WorkFolders, {596AB062-B4D2-4215-9F74-E9109B0A8153}
02:18:43.847 33728 explorer.exe  [WH] [local@context-menu-overhaul] [2648:LogHandlerCandidates]: Handler candidates for 'Form&at...' (Folder): 7-Zip, AccExt, Adobe.Acrobat.ContextMenu, Library Location, MBAMShlExt, Offline Files, PintoStartScreen, RUShellExt, StartMenuExt, TortoiseSVN, WinRAR, WinRAR32
02:18:43.848 33728 explorer.exe  [WH] [local@context-menu-overhaul] [2648:LogHandlerCandidates]: Handler candidates for 'Form&at...' (AllFilesystemObjects): ACShell, CopyAsPathMenu, DeleteFiles, MBAMShlExt, ModernSharing, SendTo, {474C98EE-CF3D-41f5-80E3-4AAB0AB04301}, {596AB062-B4D2-4215-9F74-E9109B0A8153}, {a2a9545d-a0c2-42b4-9708-a0b2badd77c8}
02:18:43.848 33728 explorer.exe  [WH] [local@context-menu-overhaul] [2648:LogHandlerCandidates]: Handler candidates for 'Form&at...' (*): {C52B9871-E5E9-41FD-B84D-C5ACADBEC7AE}
02:18:43.848 33728 explorer.exe  [WH] [local@context-menu-overhaul] [2648:LogHandlerCandidates]: Handler candidates for 'Form&at...' (*): 7-Zip, AccExt, Adobe.Acrobat.ContextMenu, ANotepad++64, EPP, IDriveMenu, Open With, Open With EncryptionMenu, Sharing, TortoiseSVN, WinRAR, WinRAR32
02:18:43.848 33728 explorer.exe  [WH] [local@context-menu-overhaul] [2691:ApplyRegistryIcons]: No registry icon for 'Form&at...' (verb 'format')
02:18:43.861 19196 explorer.exe  [WH] [local@context-menu-overhaul] [2648:LogHandlerCandidates]: Handler candidates for '' (Directory): 7-Zip, EncryptionMenu, EPP, IDriveMenu, Offline Files, Sharing, TortoiseSVN, WorkFolders, {596AB062-B4D2-4215-9F74-E9109B0A8153}
02:18:43.861 19196 explorer.exe  [WH] [local@context-menu-overhaul] [2648:LogHandlerCandidates]: Handler candidates for '' (Folder): 7-Zip, AccExt, Adobe.Acrobat.ContextMenu, Library Location, MBAMShlExt, Offline Files, PintoStartScreen, RUShellExt, StartMenuExt, TortoiseSVN, WinRAR, WinRAR32
02:18:43.861 19196 explorer.exe  [WH] [local@context-menu-overhaul] [2648:LogHandlerCandidates]: Handler candidates for '' (AllFilesystemObjects): ACShell, CopyAsPathMenu, DeleteFiles, MBAMShlExt, ModernSharing, SendTo, {474C98EE-CF3D-41f5-80E3-4AAB0AB04301}, {596AB062-B4D2-4215-9F74-E9109B0A8153}, {a2a9545d-a0c2-42b4-9708-a0b2badd77c8}
02:18:43.862 19196 explorer.exe  [WH] [local@context-menu-overhaul] [2648:LogHandlerCandidates]: Handler candidates for '' (*): {C52B9871-E5E9-41FD-B84D-C5ACADBEC7AE}
02:18:43.862 33728 explorer.exe  [WH] [local@context-menu-overhaul] [2648:LogHandlerCandidates]: Handler candidates for '&Copy' (Directory): 7-Zip, EncryptionMenu, EPP, IDriveMenu, Offline Files, Sharing, TortoiseSVN, WorkFolders, {596AB062-B4D2-4215-9F74-E9109B0A8153}
02:18:43.862 19196 explorer.exe  [WH] [local@context-menu-overhaul] [2648:LogHandlerCandidates]: Handler candidates for '' (*): 7-Zip, AccExt, Adobe.Acrobat.ContextMenu, ANotepad++64, EPP, IDriveMenu, Open With, Open With EncryptionMenu, Sharing, TortoiseSVN, WinRAR, WinRAR32
02:18:43.863 33728 explorer.exe  [WH] [local@context-menu-overhaul] [2648:LogHandlerCandidates]: Handler candidates for '&Copy' (Folder): 7-Zip, AccExt, Adobe.Acrobat.ContextMenu, Library Location, MBAMShlExt, Offline Files, PintoStartScreen, RUShellExt, StartMenuExt, TortoiseSVN, WinRAR, WinRAR32
02:18:43.863 19196 explorer.exe  [WH] [local@context-menu-overhaul] [2691:ApplyRegistryIcons]: No registry icon for '' (verb '')
02:18:43.863 33728 explorer.exe  [WH] [local@context-menu-overhaul] [2648:LogHandlerCandidates]: Handler candidates for '&Copy' (AllFilesystemObjects): ACShell, CopyAsPathMenu, DeleteFiles, MBAMShlExt, ModernSharing, SendTo, {474C98EE-CF3D-41f5-80E3-4AAB0AB04301}, {596AB062-B4D2-4215-9F74-E9109B0A8153}, {a2a9545d-a0c2-42b4-9708-a0b2badd77c8}
02:18:43.863 33728 explorer.exe  [WH] [local@context-menu-overhaul] [2648:LogHandlerCandidates]: Handler candidates for '&Copy' (*): {C52B9871-E5E9-41FD-B84D-C5ACADBEC7AE}
02:18:43.863 33728 explorer.exe  [WH] [local@context-menu-overhaul] [2648:LogHandlerCandidates]: Handler candidates for '&Copy' (*): 7-Zip, AccExt, Adobe.Acrobat.ContextMenu, ANotepad++64, EPP, IDriveMenu, Open With, Open With EncryptionMenu, Sharing, TortoiseSVN, WinRAR, WinRAR32
02:18:43.864 33728 explorer.exe  [WH] [local@context-menu-overhaul] [2691:ApplyRegistryIcons]: No registry icon for '&Copy' (verb 'copy')
02:18:43.879 33728 explorer.exe  [WH] [local@context-menu-overhaul] [2648:LogHandlerCandidates]: Handler candidates for 'Create &shortcut' (Directory): 7-Zip, EncryptionMenu, EPP, IDriveMenu, Offline Files, Sharing, TortoiseSVN, WorkFolders, {596AB062-B4D2-4215-9F74-E9109B0A8153}
02:18:43.879 33728 explorer.exe  [WH] [local@context-menu-overhaul] [2648:LogHandlerCandidates]: Handler candidates for 'Create &shortcut' (Folder): 7-Zip, AccExt, Adobe.Acrobat.ContextMenu, Library Location, MBAMShlExt, Offline Files, PintoStartScreen, RUShellExt, StartMenuExt, TortoiseSVN, WinRAR, WinRAR32
02:18:43.879 33728 explorer.exe  [WH] [local@context-menu-overhaul] [2648:LogHandlerCandidates]: Handler candidates for 'Create &shortcut' (AllFilesystemObjects): ACShell, CopyAsPathMenu, DeleteFiles, MBAMShlExt, ModernSharing, SendTo, {474C98EE-CF3D-41f5-80E3-4AAB0AB04301}, {596AB062-B4D2-4215-9F74-E9109B0A8153}, {a2a9545d-a0c2-42b4-9708-a0b2badd77c8}
02:18:43.880 33728 explorer.exe  [WH] [local@context-menu-overhaul] [2648:LogHandlerCandidates]: Handler candidates for 'Create &shortcut' (*): {C52B9871-E5E9-41FD-B84D-C5ACADBEC7AE}
02:18:43.880 33728 explorer.exe  [WH] [local@context-menu-overhaul] [2648:LogHandlerCandidates]: Handler candidates for 'Create &shortcut' (*): 7-Zip, AccExt, Adobe.Acrobat.ContextMenu, ANotepad++64, EPP, IDriveMenu, Open With, Open With EncryptionMenu, Sharing, TortoiseSVN, WinRAR, WinRAR32
02:18:43.880 33728 explorer.exe  [WH] [local@context-menu-overhaul] [2691:ApplyRegistryIcons]: No registry icon for 'Create &shortcut' (verb 'link')
02:18:43.894 33728 explorer.exe  [WH] [local@context-menu-overhaul] [2648:LogHandlerCandidates]: Handler candidates for 'P&roperties' (Directory): 7-Zip, EncryptionMenu, EPP, IDriveMenu, Offline Files, Sharing, TortoiseSVN, WorkFolders, {596AB062-B4D2-4215-9F74-E9109B0A8153}
02:18:43.895 33728 explorer.exe  [WH] [local@context-menu-overhaul] [2648:LogHandlerCandidates]: Handler candidates for 'P&roperties' (Folder): 7-Zip, AccExt, Adobe.Acrobat.ContextMenu, Library Location, MBAMShlExt, Offline Files, PintoStartScreen, RUShellExt, StartMenuExt, TortoiseSVN, WinRAR, WinRAR32
02:18:43.895 33728 explorer.exe  [WH] [local@context-menu-overhaul] [2648:LogHandlerCandidates]: Handler candidates for 'P&roperties' (AllFilesystemObjects): ACShell, CopyAsPathMenu, DeleteFiles, MBAMShlExt, ModernSharing, SendTo, {474C98EE-CF3D-41f5-80E3-4AAB0AB04301}, {596AB062-B4D2-4215-9F74-E9109B0A8153}, {a2a9545d-a0c2-42b4-9708-a0b2badd77c8}
02:18:43.895 33728 explorer.exe  [WH] [local@context-menu-overhaul] [2648:LogHandlerCandidates]: Handler candidates for 'P&roperties' (*): {C52B9871-E5E9-41FD-B84D-C5ACADBEC7AE}
02:18:43.896 33728 explorer.exe  [WH] [local@context-menu-overhaul] [2648:LogHandlerCandidates]: Handler candidates for 'P&roperties' (*): 7-Zip, AccExt, Adobe.Acrobat.ContextMenu, ANotepad++64, EPP, IDriveMenu, Open With, Open With EncryptionMenu, Sharing, TortoiseSVN, WinRAR, WinRAR32
02:18:43.896 33728 explorer.exe  [WH] [local@context-menu-overhaul] [2691:ApplyRegistryIcons]: No registry icon for 'P&roperties' (verb 'properties')
02:18:44.033 19196 explorer.exe  [WH] [local@context-menu-overhaul] [2648:LogHandlerCandidates]: Handler candidates for 'Restore previous &versions' (Directory): 7-Zip, EncryptionMenu, EPP, IDriveMenu, Offline Files, Sharing, TortoiseSVN, WorkFolders, {596AB062-B4D2-4215-9F74-E9109B0A8153}
02:18:44.033 19196 explorer.exe  [WH] [local@context-menu-overhaul] [2648:LogHandlerCandidates]: Handler candidates for 'Restore previous &versions' (Folder): 7-Zip, AccExt, Adobe.Acrobat.ContextMenu, Library Location, MBAMShlExt, Offline Files, PintoStartScreen, RUShellExt, StartMenuExt, TortoiseSVN, WinRAR, WinRAR32
02:18:44.033 19196 explorer.exe  [WH] [local@context-menu-overhaul] [2648:LogHandlerCandidates]: Handler candidates for 'Restore previous &versions' (AllFilesystemObjects): ACShell, CopyAsPathMenu, DeleteFiles, MBAMShlExt, ModernSharing, SendTo, {474C98EE-CF3D-41f5-80E3-4AAB0AB04301}, {596AB062-B4D2-4215-9F74-E9109B0A8153}, {a2a9545d-a0c2-42b4-9708-a0b2badd77c8}
02:18:44.034 19196 explorer.exe  [WH] [local@context-menu-overhaul] [2648:LogHandlerCandidates]: Handler candidates for 'Restore previous &versions' (*): {C52B9871-E5E9-41FD-B84D-C5ACADBEC7AE}
02:18:44.034 19196 explorer.exe  [WH] [local@context-menu-overhaul] [2648:LogHandlerCandidates]: Handler candidates for 'Restore previous &versions' (*): 7-Zip, AccExt, Adobe.Acrobat.ContextMenu, ANotepad++64, EPP, IDriveMenu, Open With, Open With EncryptionMenu, Sharing, TortoiseSVN, WinRAR, WinRAR32
02:18:44.034 19196 explorer.exe  [WH] [local@context-menu-overhaul] [2691:ApplyRegistryIcons]: No registry icon for 'Restore previous &versions' (verb 'PreviousVersions')
02:18:44.048 33728 explorer.exe  [WH] [local@context-menu-overhaul] [2648:LogHandlerCandidates]: Handler candidates for '&Open' (*): {C52B9871-E5E9-41FD-B84D-C5ACADBEC7AE}
02:18:44.048 33728 explorer.exe  [WH] [local@context-menu-overhaul] [2648:LogHandlerCandidates]: Handler candidates for '&Open' (*): 7-Zip, AccExt, Adobe.Acrobat.ContextMenu, ANotepad++64, EPP, IDriveMenu, Open With, Open With EncryptionMenu, Sharing, TortoiseSVN, WinRAR, WinRAR32
02:18:44.049 33728 explorer.exe  [WH] [local@context-menu-overhaul] [2648:LogHandlerCandidates]: Handler candidates for '&Open' (AllFilesystemObjects): ACShell, CopyAsPathMenu, DeleteFiles, MBAMShlExt, ModernSharing, SendTo, {474C98EE-CF3D-41f5-80E3-4AAB0AB04301}, {596AB062-B4D2-4215-9F74-E9109B0A8153}, {a2a9545d-a0c2-42b4-9708-a0b2badd77c8}
02:18:44.049 33728 explorer.exe  [WH] [local@context-menu-overhaul] [2691:ApplyRegistryIcons]: No registry icon for '&Open' (verb 'open')
02:18:44.058 33728 explorer.exe  [WH] [local@context-menu-overhaul] [2648:LogHandlerCandidates]: Handler candidates for 'Edit' (*): {C52B9871-E5E9-41FD-B84D-C5ACADBEC7AE}
02:18:44.058 33728 explorer.exe  [WH] [local@context-menu-overhaul] [2648:LogHandlerCandidates]: Handler candidates for 'Edit' (*): 7-Zip, AccExt, Adobe.Acrobat.ContextMenu, ANotepad++64, EPP, IDriveMenu, Open With, Open With EncryptionMenu, Sharing, TortoiseSVN, WinRAR, WinRAR32
02:18:44.058 33728 explorer.exe  [WH] [local@context-menu-overhaul] [2648:LogHandlerCandidates]: Handler candidates for 'Edit' (AllFilesystemObjects): ACShell, CopyAsPathMenu, DeleteFiles, MBAMShlExt, ModernSharing, SendTo, {474C98EE-CF3D-41f5-80E3-4AAB0AB04301}, {596AB062-B4D2-4215-9F74-E9109B0A8153}, {a2a9545d-a0c2-42b4-9708-a0b2badd77c8}
02:18:44.059 33728 explorer.exe  [WH] [local@context-menu-overhaul] [2691:ApplyRegistryIcons]: No registry icon for 'Edit' (verb 'Edit')
02:18:44.061 19196 explorer.exe  [WH] [local@context-menu-overhaul] [2687:ApplyRegistryIcons]: Registry icon for '&Pin to Start' (verb 'PinToStartScreen'): C:\WINDOWS\System32\StartMenuHelper64.dll,0
02:18:44.067 33728 explorer.exe  [WH] [local@context-menu-overhaul] [2648:LogHandlerCandidates]: Handler candidates for 'Print' (*): {C52B9871-E5E9-41FD-B84D-C5ACADBEC7AE}
02:18:44.068 33728 explorer.exe  [WH] [local@context-menu-overhaul] [2648:LogHandlerCandidates]: Handler candidates for 'Print' (*): 7-Zip, AccExt, Adobe.Acrobat.ContextMenu, ANotepad++64, EPP, IDriveMenu, Open With, Open With EncryptionMenu, Sharing, TortoiseSVN, WinRAR, WinRAR32
02:18:44.068 33728 explorer.exe  [WH] [local@context-menu-overhaul] [2648:LogHandlerCandidates]: Handler candidates for 'Print' (AllFilesystemObjects): ACShell, CopyAsPathMenu, DeleteFiles, MBAMShlExt, ModernSharing, SendTo, {474C98EE-CF3D-41f5-80E3-4AAB0AB04301}, {596AB062-B4D2-4215-9F74-E9109B0A8153}, {a2a9545d-a0c2-42b4-9708-a0b2badd77c8}
02:18:44.068 33728 explorer.exe  [WH] [local@context-menu-overhaul] [2691:ApplyRegistryIcons]: No registry icon for 'Print' (verb 'Print')
02:18:44.070 33728 explorer.exe  [WH] [local@context-menu-overhaul] [2648:LogHandlerCandidates]: Handler candidates for '' (*): {C52B9871-E5E9-41FD-B84D-C5ACADBEC7AE}
02:18:44.070 33728 explorer.exe  [WH] [local@context-menu-overhaul] [2648:LogHandlerCandidates]: Handler candidates for '' (*): 7-Zip, AccExt, Adobe.Acrobat.ContextMenu, ANotepad++64, EPP, IDriveMenu, Open With, Open With EncryptionMenu, Sharing, TortoiseSVN, WinRAR, WinRAR32
02:18:44.070 33728 explorer.exe  [WH] [local@context-menu-overhaul] [2648:LogHandlerCandidates]: Handler candidates for '' (AllFilesystemObjects): ACShell, CopyAsPathMenu, DeleteFiles, MBAMShlExt, ModernSharing, SendTo, {474C98EE-CF3D-41f5-80E3-4AAB0AB04301}, {596AB062-B4D2-4215-9F74-E9109B0A8153}, {a2a9545d-a0c2-42b4-9708-a0b2badd77c8}
02:18:44.070 33728 explorer.exe  [WH] [local@context-menu-overhaul] [2691:ApplyRegistryIcons]: No registry icon for '' (verb '')
02:18:44.082 33728 explorer.exe  [WH] [local@context-menu-overhaul] [2648:LogHandlerCandidates]: Handler candidates for 'Add to &Favorites' (*): {C52B9871-E5E9-41FD-B84D-C5ACADBEC7AE}
02:18:44.082 33728 explorer.exe  [WH] [local@context-menu-overhaul] [2648:LogHandlerCandidates]: Handler candidates for 'Add to &Favorites' (*): 7-Zip, AccExt, Adobe.Acrobat.ContextMenu, ANotepad++64, EPP, IDriveMenu, Open With, Open With EncryptionMenu, Sharing, TortoiseSVN, WinRAR, WinRAR32
02:18:44.082 33728 explorer.exe  [WH] [local@context-menu-overhaul] [2648:LogHandlerCandidates]: Handler candidates for 'Add to &Favorites' (AllFilesystemObjects): ACShell, CopyAsPathMenu, DeleteFiles, MBAMShlExt, ModernSharing, SendTo, {474C98EE-CF3D-41f5-80E3-4AAB0AB04301}, {596AB062-B4D2-4215-9F74-E9109B0A8153}, {a2a9545d-a0c2-42b4-9708-a0b2badd77c8}
02:18:44.082 33728 explorer.exe  [WH] [local@context-menu-overhaul] [2691:ApplyRegistryIcons]: No registry icon for 'Add to &Favorites' (verb 'pintohomefile')
02:18:44.100 19196 explorer.exe  [WH] [local@context-menu-overhaul] [2648:LogHandlerCandidates]: Handler candidates for 'Form&at...' (Directory): 7-Zip, EncryptionMenu, EPP, IDriveMenu, Offline Files, Sharing, TortoiseSVN, WorkFolders, {596AB062-B4D2-4215-9F74-E9109B0A8153}
02:18:44.100 19196 explorer.exe  [WH] [local@context-menu-overhaul] [2648:LogHandlerCandidates]: Handler candidates for 'Form&at...' (Folder): 7-Zip, AccExt, Adobe.Acrobat.ContextMenu, Library Location, MBAMShlExt, Offline Files, PintoStartScreen, RUShellExt, StartMenuExt, TortoiseSVN, WinRAR, WinRAR32
02:18:44.100 19196 explorer.exe  [WH] [local@context-menu-overhaul] [2648:LogHandlerCandidates]: Handler candidates for 'Form&at...' (AllFilesystemObjects): ACShell, CopyAsPathMenu, DeleteFiles, MBAMShlExt, ModernSharing, SendTo, {474C98EE-CF3D-41f5-80E3-4AAB0AB04301}, {596AB062-B4D2-4215-9F74-E9109B0A8153}, {a2a9545d-a0c2-42b4-9708-a0b2badd77c8}
02:18:44.101 19196 explorer.exe  [WH] [local@context-menu-overhaul] [2648:LogHandlerCandidates]: Handler candidates for 'Form&at...' (*): {C52B9871-E5E9-41FD-B84D-C5ACADBEC7AE}
02:18:44.101 19196 explorer.exe  [WH] [local@context-menu-overhaul] [2648:LogHandlerCandidates]: Handler candidates for 'Form&at...' (*): 7-Zip, AccExt, Adobe.Acrobat.ContextMenu, ANotepad++64, EPP, IDriveMenu, Open With, Open With EncryptionMenu, Sharing, TortoiseSVN, WinRAR, WinRAR32
02:18:44.101 19196 explorer.exe  [WH] [local@context-menu-overhaul] [2691:ApplyRegistryIcons]: No registry icon for 'Form&at...' (verb 'format')
02:18:44.114 33728 explorer.exe  [WH] [local@context-menu-overhaul] [2648:LogHandlerCandidates]: Handler candidates for 'Open wit&h' (*): {C52B9871-E5E9-41FD-B84D-C5ACADBEC7AE}
02:18:44.114 33728 explorer.exe  [WH] [local@context-menu-overhaul] [2648:LogHandlerCandidates]: Handler candidates for 'Open wit&h' (*): 7-Zip, AccExt, Adobe.Acrobat.ContextMenu, ANotepad++64, EPP, IDriveMenu, Open With, Open With EncryptionMenu, Sharing, TortoiseSVN, WinRAR, WinRAR32
02:18:44.114 33728 explorer.exe  [WH] [local@context-menu-overhaul] [2648:LogHandlerCandidates]: Handler candidates for 'Open wit&h' (AllFilesystemObjects): ACShell, CopyAsPathMenu, DeleteFiles, MBAMShlExt, ModernSharing, SendTo, {474C98EE-CF3D-41f5-80E3-4AAB0AB04301}, {596AB062-B4D2-4215-9F74-E9109B0A8153}, {a2a9545d-a0c2-42b4-9708-a0b2badd77c8}
02:18:44.114 33728 explorer.exe  [WH] [local@context-menu-overhaul] [2691:ApplyRegistryIcons]: No registry icon for 'Open wit&h' (verb '')
02:18:44.120 19196 explorer.exe  [WH] [local@context-menu-overhaul] [2648:LogHandlerCandidates]: Handler candidates for '&Copy' (Directory): 7-Zip, EncryptionMenu, EPP, IDriveMenu, Offline Files, Sharing, TortoiseSVN, WorkFolders, {596AB062-B4D2-4215-9F74-E9109B0A8153}
02:18:44.120 19196 explorer.exe  [WH] [local@context-menu-overhaul] [2648:LogHandlerCandidates]: Handler candidates for '&Copy' (Folder): 7-Zip, AccExt, Adobe.Acrobat.ContextMenu, Library Location, MBAMShlExt, Offline Files, PintoStartScreen, RUShellExt, StartMenuExt, TortoiseSVN, WinRAR, WinRAR32
02:18:44.120 19196 explorer.exe  [WH] [local@context-menu-overhaul] [2648:LogHandlerCandidates]: Handler candidates for '&Copy' (AllFilesystemObjects): ACShell, CopyAsPathMenu, DeleteFiles, MBAMShlExt, ModernSharing, SendTo, {474C98EE-CF3D-41f5-80E3-4AAB0AB04301}, {596AB062-B4D2-4215-9F74-E9109B0A8153}, {a2a9545d-a0c2-42b4-9708-a0b2badd77c8}
02:18:44.121 19196 explorer.exe  [WH] [local@context-menu-overhaul] [2648:LogHandlerCandidates]: Handler candidates for '&Copy' (*): {C52B9871-E5E9-41FD-B84D-C5ACADBEC7AE}
02:18:44.121 19196 explorer.exe  [WH] [local@context-menu-overhaul] [2648:LogHandlerCandidates]: Handler candidates for '&Copy' (*): 7-Zip, AccExt, Adobe.Acrobat.ContextMenu, ANotepad++64, EPP, IDriveMenu, Open With, Open With EncryptionMenu, Sharing, TortoiseSVN, WinRAR, WinRAR32
02:18:44.121 19196 explorer.exe  [WH] [local@context-menu-overhaul] [2691:ApplyRegistryIcons]: No registry icon for '&Copy' (verb 'copy')
02:18:44.139 19196 explorer.exe  [WH] [local@context-menu-overhaul] [2648:LogHandlerCandidates]: Handler candidates for 'Create &shortcut' (Directory): 7-Zip, EncryptionMenu, EPP, IDriveMenu, Offline Files, Sharing, TortoiseSVN, WorkFolders, {596AB062-B4D2-4215-9F74-E9109B0A8153}
02:18:44.139 19196 explorer.exe  [WH] [local@context-menu-overhaul] [2648:LogHandlerCandidates]: Handler candidates for 'Create &shortcut' (Folder): 7-Zip, AccExt, Adobe.Acrobat.ContextMenu, Library Location, MBAMShlExt, Offline Files, PintoStartScreen, RUShellExt, StartMenuExt, TortoiseSVN, WinRAR, WinRAR32
02:18:44.140 19196 explorer.exe  [WH] [local@context-menu-overhaul] [2648:LogHandlerCandidates]: Handler candidates for 'Create &shortcut' (AllFilesystemObjects): ACShell, CopyAsPathMenu, DeleteFiles, MBAMShlExt, ModernSharing, SendTo, {474C98EE-CF3D-41f5-80E3-4AAB0AB04301}, {596AB062-B4D2-4215-9F74-E9109B0A8153}, {a2a9545d-a0c2-42b4-9708-a0b2badd77c8}
02:18:44.140 19196 explorer.exe  [WH] [local@context-menu-overhaul] [2648:LogHandlerCandidates]: Handler candidates for 'Create &shortcut' (*): {C52B9871-E5E9-41FD-B84D-C5ACADBEC7AE}
02:18:44.140 19196 explorer.exe  [WH] [local@context-menu-overhaul] [2648:LogHandlerCandidates]: Handler candidates for 'Create &shortcut' (*): 7-Zip, AccExt, Adobe.Acrobat.ContextMenu, ANotepad++64, EPP, IDriveMenu, Open With, Open With EncryptionMenu, Sharing, TortoiseSVN, WinRAR, WinRAR32
02:18:44.140 19196 explorer.exe  [WH] [local@context-menu-overhaul] [2691:ApplyRegistryIcons]: No registry icon for 'Create &shortcut' (verb 'link')
02:18:44.163 19196 explorer.exe  [WH] [local@context-menu-overhaul] [2648:LogHandlerCandidates]: Handler candidates for 'P&roperties' (Directory): 7-Zip, EncryptionMenu, EPP, IDriveMenu, Offline Files, Sharing, TortoiseSVN, WorkFolders, {596AB062-B4D2-4215-9F74-E9109B0A8153}
02:18:44.164 19196 explorer.exe  [WH] [local@context-menu-overhaul] [2648:LogHandlerCandidates]: Handler candidates for 'P&roperties' (Folder): 7-Zip, AccExt, Adobe.Acrobat.ContextMenu, Library Location, MBAMShlExt, Offline Files, PintoStartScreen, RUShellExt, StartMenuExt, TortoiseSVN, WinRAR, WinRAR32
02:18:44.164 19196 explorer.exe  [WH] [local@context-menu-overhaul] [2648:LogHandlerCandidates]: Handler candidates for 'P&roperties' (AllFilesystemObjects): ACShell, CopyAsPathMenu, DeleteFiles, MBAMShlExt, ModernSharing, SendTo, {474C98EE-CF3D-41f5-80E3-4AAB0AB04301}, {596AB062-B4D2-4215-9F74-E9109B0A8153}, {a2a9545d-a0c2-42b4-9708-a0b2badd77c8}
02:18:44.165 19196 explorer.exe  [WH] [local@context-menu-overhaul] [2648:LogHandlerCandidates]: Handler candidates for 'P&roperties' (*): {C52B9871-E5E9-41FD-B84D-C5ACADBEC7AE}
02:18:44.165 19196 explorer.exe  [WH] [local@context-menu-overhaul] [2648:LogHandlerCandidates]: Handler candidates for 'P&roperties' (*): 7-Zip, AccExt, Adobe.Acrobat.ContextMenu, ANotepad++64, EPP, IDriveMenu, Open With, Open With EncryptionMenu, Sharing, TortoiseSVN, WinRAR, WinRAR32
02:18:44.165 19196 explorer.exe  [WH] [local@context-menu-overhaul] [2691:ApplyRegistryIcons]: No registry icon for 'P&roperties' (verb 'properties')
02:18:44.191 33728 explorer.exe  [WH] [local@context-menu-overhaul] [2648:LogHandlerCandidates]: Handler candidates for 'Copy &as path' (*): {C52B9871-E5E9-41FD-B84D-C5ACADBEC7AE}
02:18:44.191 33728 explorer.exe  [WH] [local@context-menu-overhaul] [2648:LogHandlerCandidates]: Handler candidates for 'Copy &as path' (*): 7-Zip, AccExt, Adobe.Acrobat.ContextMenu, ANotepad++64, EPP, IDriveMenu, Open With, Open With EncryptionMenu, Sharing, TortoiseSVN, WinRAR, WinRAR32
02:18:44.192 33728 explorer.exe  [WH] [local@context-menu-overhaul] [2648:LogHandlerCandidates]: Handler candidates for 'Copy &as path' (AllFilesystemObjects): ACShell, CopyAsPathMenu, DeleteFiles, MBAMShlExt, ModernSharing, SendTo, {474C98EE-CF3D-41f5-80E3-4AAB0AB04301}, {596AB062-B4D2-4215-9F74-E9109B0A8153}, {a2a9545d-a0c2-42b4-9708-a0b2badd77c8}
02:18:44.192 33728 explorer.exe  [WH] [local@context-menu-overhaul] [2691:ApplyRegistryIcons]: No registry icon for 'Copy &as path' (verb 'copyaspath')
02:18:44.211 33728 explorer.exe  [WH] [local@context-menu-overhaul] [2648:LogHandlerCandidates]: Handler candidates for 'Restore previous &versions' (*): {C52B9871-E5E9-41FD-B84D-C5ACADBEC7AE}
02:18:44.212 33728 explorer.exe  [WH] [local@context-menu-overhaul] [2648:LogHandlerCandidates]: Handler candidates for 'Restore previous &versions' (*): 7-Zip, AccExt, Adobe.Acrobat.ContextMenu, ANotepad++64, EPP, IDriveMenu, Open With, Open With EncryptionMenu, Sharing, TortoiseSVN, WinRAR, WinRAR32
02:18:44.212 33728 explorer.exe  [WH] [local@context-menu-overhaul] [2648:LogHandlerCandidates]: Handler candidates for 'Restore previous &versions' (AllFilesystemObjects): ACShell, CopyAsPathMenu, DeleteFiles, MBAMShlExt, ModernSharing, SendTo, {474C98EE-CF3D-41f5-80E3-4AAB0AB04301}, {596AB062-B4D2-4215-9F74-E9109B0A8153}, {a2a9545d-a0c2-42b4-9708-a0b2badd77c8}
02:18:44.212 33728 explorer.exe  [WH] [local@context-menu-overhaul] [2691:ApplyRegistryIcons]: No registry icon for 'Restore previous &versions' (verb 'PreviousVersions')
02:18:44.269 33728 explorer.exe  [WH] [local@context-menu-overhaul] [2648:LogHandlerCandidates]: Handler candidates for 'Cu&t' (*): {C52B9871-E5E9-41FD-B84D-C5ACADBEC7AE}
02:18:44.270 33728 explorer.exe  [WH] [local@context-menu-overhaul] [2648:LogHandlerCandidates]: Handler candidates for 'Cu&t' (*): 7-Zip, AccExt, Adobe.Acrobat.ContextMenu, ANotepad++64, EPP, IDriveMenu, Open With, Open With EncryptionMenu, Sharing, TortoiseSVN, WinRAR, WinRAR32
02:18:44.270 33728 explorer.exe  [WH] [local@context-menu-overhaul] [2648:LogHandlerCandidates]: Handler candidates for 'Cu&t' (AllFilesystemObjects): ACShell, CopyAsPathMenu, DeleteFiles, MBAMShlExt, ModernSharing, SendTo, {474C98EE-CF3D-41f5-80E3-4AAB0AB04301}, {596AB062-B4D2-4215-9F74-E9109B0A8153}, {a2a9545d-a0c2-42b4-9708-a0b2badd77c8}
02:18:44.271 33728 explorer.exe  [WH] [local@context-menu-overhaul] [2691:ApplyRegistryIcons]: No registry icon for 'Cu&t' (verb 'cut')
02:18:44.282 33728 explorer.exe  [WH] [local@context-menu-overhaul] [2648:LogHandlerCandidates]: Handler candidates for '&Copy' (*): {C52B9871-E5E9-41FD-B84D-C5ACADBEC7AE}
02:18:44.283 33728 explorer.exe  [WH] [local@context-menu-overhaul] [2648:LogHandlerCandidates]: Handler candidates for '&Copy' (*): 7-Zip, AccExt, Adobe.Acrobat.ContextMenu, ANotepad++64, EPP, IDriveMenu, Open With, Open With EncryptionMenu, Sharing, TortoiseSVN, WinRAR, WinRAR32
02:18:44.283 33728 explorer.exe  [WH] [local@context-menu-overhaul] [2648:LogHandlerCandidates]: Handler candidates for '&Copy' (AllFilesystemObjects): ACShell, CopyAsPathMenu, DeleteFiles, MBAMShlExt, ModernSharing, SendTo, {474C98EE-CF3D-41f5-80E3-4AAB0AB04301}, {596AB062-B4D2-4215-9F74-E9109B0A8153}, {a2a9545d-a0c2-42b4-9708-a0b2badd77c8}
02:18:44.284 33728 explorer.exe  [WH] [local@context-menu-overhaul] [2691:ApplyRegistryIcons]: No registry icon for '&Copy' (verb 'copy')
02:18:44.295 33728 explorer.exe  [WH] [local@context-menu-overhaul] [2648:LogHandlerCandidates]: Handler candidates for 'Create &shortcut' (*): {C52B9871-E5E9-41FD-B84D-C5ACADBEC7AE}
02:18:44.295 33728 explorer.exe  [WH] [local@context-menu-overhaul] [2648:LogHandlerCandidates]: Handler candidates for 'Create &shortcut' (*): 7-Zip, AccExt, Adobe.Acrobat.ContextMenu, ANotepad++64, EPP, IDriveMenu, Open With, Open With EncryptionMenu, Sharing, TortoiseSVN, WinRAR, WinRAR32
02:18:44.295 33728 explorer.exe  [WH] [local@context-menu-overhaul] [2648:LogHandlerCandidates]: Handler candidates for 'Create &shortcut' (AllFilesystemObjects): ACShell, CopyAsPathMenu, DeleteFiles, MBAMShlExt, ModernSharing, SendTo, {474C98EE-CF3D-41f5-80E3-4AAB0AB04301}, {596AB062-B4D2-4215-9F74-E9109B0A8153}, {a2a9545d-a0c2-42b4-9708-a0b2badd77c8}
02:18:44.296 33728 explorer.exe  [WH] [local@context-menu-overhaul] [2691:ApplyRegistryIcons]: No registry icon for 'Create &shortcut' (verb 'link')
02:18:44.303 33728 explorer.exe  [WH] [local@context-menu-overhaul] [2648:LogHandlerCandidates]: Handler candidates for '&Delete' (*): {C52B9871-E5E9-41FD-B84D-C5ACADBEC7AE}
02:18:44.303 33728 explorer.exe  [WH] [local@context-menu-overhaul] [2648:LogHandlerCandidates]: Handler candidates for '&Delete' (*): 7-Zip, AccExt, Adobe.Acrobat.ContextMenu, ANotepad++64, EPP, IDriveMenu, Open With, Open With EncryptionMenu, Sharing, TortoiseSVN, WinRAR, WinRAR32
02:18:44.303 33728 explorer.exe  [WH] [local@context-menu-overhaul] [2648:LogHandlerCandidates]: Handler candidates for '&Delete' (AllFilesystemObjects): ACShell, CopyAsPathMenu, DeleteFiles, MBAMShlExt, ModernSharing, SendTo, {474C98EE-CF3D-41f5-80E3-4AAB0AB04301}, {596AB062-B4D2-4215-9F74-E9109B0A8153}, {a2a9545d-a0c2-42b4-9708-a0b2badd77c8}
02:18:44.304 33728 explorer.exe  [WH] [local@context-menu-overhaul] [2691:ApplyRegistryIcons]: No registry icon for '&Delete' (verb 'delete')
02:18:44.311 33728 explorer.exe  [WH] [local@context-menu-overhaul] [2648:LogHandlerCandidates]: Handler candidates for 'P&roperties' (*): {C52B9871-E5E9-41FD-B84D-C5ACADBEC7AE}
02:18:44.311 33728 explorer.exe  [WH] [local@context-menu-overhaul] [2648:LogHandlerCandidates]: Handler candidates for 'P&roperties' (*): 7-Zip, AccExt, Adobe.Acrobat.ContextMenu, ANotepad++64, EPP, IDriveMenu, Open With, Open With EncryptionMenu, Sharing, TortoiseSVN, WinRAR, WinRAR32
02:18:44.312 33728 explorer.exe  [WH] [local@context-menu-overhaul] [2648:LogHandlerCandidates]: Handler candidates for 'P&roperties' (AllFilesystemObjects): ACShell, CopyAsPathMenu, DeleteFiles, MBAMShlExt, ModernSharing, SendTo, {474C98EE-CF3D-41f5-80E3-4AAB0AB04301}, {596AB062-B4D2-4215-9F74-E9109B0A8153}, {a2a9545d-a0c2-42b4-9708-a0b2badd77c8}
02:18:44.312 33728 explorer.exe  [WH] [local@context-menu-overhaul] [2691:ApplyRegistryIcons]: No registry icon for 'P&roperties' (verb 'properties')
02:18:44.328 19196 explorer.exe  [WH] [local@context-menu-overhaul] [2648:LogHandlerCandidates]: Handler candidates for '&Open' (*): {C52B9871-E5E9-41FD-B84D-C5ACADBEC7AE}
02:18:44.329 19196 explorer.exe  [WH] [local@context-menu-overhaul] [2648:LogHandlerCandidates]: Handler candidates for '&Open' (*): 7-Zip, AccExt, Adobe.Acrobat.ContextMenu, ANotepad++64, EPP, IDriveMenu, Open With, Open With EncryptionMenu, Sharing, TortoiseSVN, WinRAR, WinRAR32
02:18:44.329 19196 explorer.exe  [WH] [local@context-menu-overhaul] [2648:LogHandlerCandidates]: Handler candidates for '&Open' (AllFilesystemObjects): ACShell, CopyAsPathMenu, DeleteFiles, MBAMShlExt, ModernSharing, SendTo, {474C98EE-CF3D-41f5-80E3-4AAB0AB04301}, {596AB062-B4D2-4215-9F74-E9109B0A8153}, {a2a9545d-a0c2-42b4-9708-a0b2badd77c8}
02:18:44.329 19196 explorer.exe  [WH] [local@context-menu-overhaul] [2691:ApplyRegistryIcons]: No registry icon for '&Open' (verb 'open')
02:18:44.339 19196 explorer.exe  [WH] [local@context-menu-overhaul] [2648:LogHandlerCandidates]: Handler candidates for 'Edit' (*): {C52B9871-E5E9-41FD-B84D-C5ACADBEC7AE}
02:18:44.339 19196 explorer.exe  [WH] [local@context-menu-overhaul] [2648:LogHandlerCandidates]: Handler candidates for 'Edit' (*): 7-Zip, AccExt, Adobe.Acrobat.ContextMenu, ANotepad++64, EPP, IDriveMenu, Open With, Open With EncryptionMenu, Sharing, TortoiseSVN, WinRAR, WinRAR32
02:18:44.339 19196 explorer.exe  [WH] [local@context-menu-overhaul] [2648:LogHandlerCandidates]: Handler candidates for 'Edit' (AllFilesystemObjects): ACShell, CopyAsPathMenu, DeleteFiles, MBAMShlExt, ModernSharing, SendTo, {474C98EE-CF3D-41f5-80E3-4AAB0AB04301}, {596AB062-B4D2-4215-9F74-E9109B0A8153}, {a2a9545d-a0c2-42b4-9708-a0b2badd77c8}
02:18:44.340 19196 explorer.exe  [WH] [local@context-menu-overhaul] [2691:ApplyRegistryIcons]: No registry icon for 'Edit' (verb 'Edit')
02:18:44.349 19196 explorer.exe  [WH] [local@context-menu-overhaul] [2648:LogHandlerCandidates]: Handler candidates for 'Print' (*): {C52B9871-E5E9-41FD-B84D-C5ACADBEC7AE}
02:18:44.349 19196 explorer.exe  [WH] [local@context-menu-overhaul] [2648:LogHandlerCandidates]: Handler candidates for 'Print' (*): 7-Zip, AccExt, Adobe.Acrobat.ContextMenu, ANotepad++64, EPP, IDriveMenu, Open With, Open With EncryptionMenu, Sharing, TortoiseSVN, WinRAR, WinRAR32
02:18:44.349 19196 explorer.exe  [WH] [local@context-menu-overhaul] [2648:LogHandlerCandidates]: Handler candidates for 'Print' (AllFilesystemObjects): ACShell, CopyAsPathMenu, DeleteFiles, MBAMShlExt, ModernSharing, SendTo, {474C98EE-CF3D-41f5-80E3-4AAB0AB04301}, {596AB062-B4D2-4215-9F74-E9109B0A8153}, {a2a9545d-a0c2-42b4-9708-a0b2badd77c8}
02:18:44.349 19196 explorer.exe  [WH] [local@context-menu-overhaul] [2691:ApplyRegistryIcons]: No registry icon for 'Print' (verb 'Print')
02:18:44.351 19196 explorer.exe  [WH] [local@context-menu-overhaul] [2648:LogHandlerCandidates]: Handler candidates for '' (*): {C52B9871-E5E9-41FD-B84D-C5ACADBEC7AE}
02:18:44.351 19196 explorer.exe  [WH] [local@context-menu-overhaul] [2648:LogHandlerCandidates]: Handler candidates for '' (*): 7-Zip, AccExt, Adobe.Acrobat.ContextMenu, ANotepad++64, EPP, IDriveMenu, Open With, Open With EncryptionMenu, Sharing, TortoiseSVN, WinRAR, WinRAR32
02:18:44.351 19196 explorer.exe  [WH] [local@context-menu-overhaul] [2648:LogHandlerCandidates]: Handler candidates for '' (AllFilesystemObjects): ACShell, CopyAsPathMenu, DeleteFiles, MBAMShlExt, ModernSharing, SendTo, {474C98EE-CF3D-41f5-80E3-4AAB0AB04301}, {596AB062-B4D2-4215-9F74-E9109B0A8153}, {a2a9545d-a0c2-42b4-9708-a0b2badd77c8}
02:18:44.352 19196 explorer.exe  [WH] [local@context-menu-overhaul] [2691:ApplyRegistryIcons]: No registry icon for '' (verb '')
02:18:44.366 19196 explorer.exe  [WH] [local@context-menu-overhaul] [2648:LogHandlerCandidates]: Handler candidates for 'Add to &Favorites' (*): {C52B9871-E5E9-41FD-B84D-C5ACADBEC7AE}
02:18:44.366 19196 explorer.exe  [WH] [local@context-menu-overhaul] [2648:LogHandlerCandidates]: Handler candidates for 'Add to &Favorites' (*): 7-Zip, AccExt, Adobe.Acrobat.ContextMenu, ANotepad++64, EPP, IDriveMenu, Open With, Open With EncryptionMenu, Sharing, TortoiseSVN, WinRAR, WinRAR32
02:18:44.366 19196 explorer.exe  [WH] [local@context-menu-overhaul] [2648:LogHandlerCandidates]: Handler candidates for 'Add to &Favorites' (AllFilesystemObjects): ACShell, CopyAsPathMenu, DeleteFiles, MBAMShlExt, ModernSharing, SendTo, {474C98EE-CF3D-41f5-80E3-4AAB0AB04301}, {596AB062-B4D2-4215-9F74-E9109B0A8153}, {a2a9545d-a0c2-42b4-9708-a0b2badd77c8}
02:18:44.367 19196 explorer.exe  [WH] [local@context-menu-overhaul] [2691:ApplyRegistryIcons]: No registry icon for 'Add to &Favorites' (verb 'pintohomefile')
02:18:44.413 19196 explorer.exe  [WH] [local@context-menu-overhaul] [2648:LogHandlerCandidates]: Handler candidates for 'Open wit&h' (*): {C52B9871-E5E9-41FD-B84D-C5ACADBEC7AE}
02:18:44.413 19196 explorer.exe  [WH] [local@context-menu-overhaul] [2648:LogHandlerCandidates]: Handler candidates for 'Open wit&h' (*): 7-Zip, AccExt, Adobe.Acrobat.ContextMenu, ANotepad++64, EPP, IDriveMenu, Open With, Open With EncryptionMenu, Sharing, TortoiseSVN, WinRAR, WinRAR32
02:18:44.413 19196 explorer.exe  [WH] [local@context-menu-overhaul] [2648:LogHandlerCandidates]: Handler candidates for 'Open wit&h' (AllFilesystemObjects): ACShell, CopyAsPathMenu, DeleteFiles, MBAMShlExt, ModernSharing, SendTo, {474C98EE-CF3D-41f5-80E3-4AAB0AB04301}, {596AB062-B4D2-4215-9F74-E9109B0A8153}, {a2a9545d-a0c2-42b4-9708-a0b2badd77c8}
02:18:44.414 19196 explorer.exe  [WH] [local@context-menu-overhaul] [2691:ApplyRegistryIcons]: No registry icon for 'Open wit&h' (verb '')
02:18:44.470 33728 explorer.exe  [WH] [local@context-menu-overhaul] [2648:LogHandlerCandidates]: Handler candidates for '&Open' (*): {C52B9871-E5E9-41FD-B84D-C5ACADBEC7AE}
02:18:44.470 33728 explorer.exe  [WH] [local@context-menu-overhaul] [2648:LogHandlerCandidates]: Handler candidates for '&Open' (*): 7-Zip, AccExt, Adobe.Acrobat.ContextMenu, ANotepad++64, EPP, IDriveMenu, Open With, Open With EncryptionMenu, Sharing, TortoiseSVN, WinRAR, WinRAR32
02:18:44.470 33728 explorer.exe  [WH] [local@context-menu-overhaul] [2648:LogHandlerCandidates]: Handler candidates for '&Open' (AllFilesystemObjects): ACShell, CopyAsPathMenu, DeleteFiles, MBAMShlExt, ModernSharing, SendTo, {474C98EE-CF3D-41f5-80E3-4AAB0AB04301}, {596AB062-B4D2-4215-9F74-E9109B0A8153}, {a2a9545d-a0c2-42b4-9708-a0b2badd77c8}
02:18:44.470 33728 explorer.exe  [WH] [local@context-menu-overhaul] [2691:ApplyRegistryIcons]: No registry icon for '&Open' (verb 'open')
02:18:44.473 33728 explorer.exe  [WH] [local@context-menu-overhaul] [2648:LogHandlerCandidates]: Handler candidates for '' (*): {C52B9871-E5E9-41FD-B84D-C5ACADBEC7AE}
02:18:44.473 33728 explorer.exe  [WH] [local@context-menu-overhaul] [2648:LogHandlerCandidates]: Handler candidates for '' (*): 7-Zip, AccExt, Adobe.Acrobat.ContextMenu, ANotepad++64, EPP, IDriveMenu, Open With, Open With EncryptionMenu, Sharing, TortoiseSVN, WinRAR, WinRAR32
02:18:44.473 33728 explorer.exe  [WH] [local@context-menu-overhaul] [2648:LogHandlerCandidates]: Handler candidates for '' (AllFilesystemObjects): ACShell, CopyAsPathMenu, DeleteFiles, MBAMShlExt, ModernSharing, SendTo, {474C98EE-CF3D-41f5-80E3-4AAB0AB04301}, {596AB062-B4D2-4215-9F74-E9109B0A8153}, {a2a9545d-a0c2-42b4-9708-a0b2badd77c8}
02:18:44.473 33728 explorer.exe  [WH] [local@context-menu-overhaul] [2691:ApplyRegistryIcons]: No registry icon for '' (verb '')
02:18:44.483 33728 explorer.exe  [WH] [local@context-menu-overhaul] [2648:LogHandlerCandidates]: Handler candidates for 'Add to &Favorites' (*): {C52B9871-E5E9-41FD-B84D-C5ACADBEC7AE}
02:18:44.483 33728 explorer.exe  [WH] [local@context-menu-overhaul] [2648:LogHandlerCandidates]: Handler candidates for 'Add to &Favorites' (*): 7-Zip, AccExt, Adobe.Acrobat.ContextMenu, ANotepad++64, EPP, IDriveMenu, Open With, Open With EncryptionMenu, Sharing, TortoiseSVN, WinRAR, WinRAR32
02:18:44.484 33728 explorer.exe  [WH] [local@context-menu-overhaul] [2648:LogHandlerCandidates]: Handler candidates for 'Add to &Favorites' (AllFilesystemObjects): ACShell, CopyAsPathMenu, DeleteFiles, MBAMShlExt, ModernSharing, SendTo, {474C98EE-CF3D-41f5-80E3-4AAB0AB04301}, {596AB062-B4D2-4215-9F74-E9109B0A8153}, {a2a9545d-a0c2-42b4-9708-a0b2badd77c8}
02:18:44.484 33728 explorer.exe  [WH] [local@context-menu-overhaul] [2691:ApplyRegistryIcons]: No registry icon for 'Add to &Favorites' (verb 'pintohomefile')
02:18:44.508 19196 explorer.exe  [WH] [local@context-menu-overhaul] [2648:LogHandlerCandidates]: Handler candidates for 'Copy &as path' (*): {C52B9871-E5E9-41FD-B84D-C5ACADBEC7AE}
02:18:44.509 19196 explorer.exe  [WH] [local@context-menu-overhaul] [2648:LogHandlerCandidates]: Handler candidates for 'Copy &as path' (*): 7-Zip, AccExt, Adobe.Acrobat.ContextMenu, ANotepad++64, EPP, IDriveMenu, Open With, Open With EncryptionMenu, Sharing, TortoiseSVN, WinRAR, WinRAR32
02:18:44.509 19196 explorer.exe  [WH] [local@context-menu-overhaul] [2648:LogHandlerCandidates]: Handler candidates for 'Copy &as path' (AllFilesystemObjects): ACShell, CopyAsPathMenu, DeleteFiles, MBAMShlExt, ModernSharing, SendTo, {474C98EE-CF3D-41f5-80E3-4AAB0AB04301}, {596AB062-B4D2-4215-9F74-E9109B0A8153}, {a2a9545d-a0c2-42b4-9708-a0b2badd77c8}
02:18:44.509 19196 explorer.exe  [WH] [local@context-menu-overhaul] [2691:ApplyRegistryIcons]: No registry icon for 'Copy &as path' (verb 'copyaspath')
02:18:44.527 33728 explorer.exe  [WH] [local@context-menu-overhaul] [2648:LogHandlerCandidates]: Handler candidates for 'Open wit&h' (*): {C52B9871-E5E9-41FD-B84D-C5ACADBEC7AE}
02:18:44.528 33728 explorer.exe  [WH] [local@context-menu-overhaul] [2648:LogHandlerCandidates]: Handler candidates for 'Open wit&h' (*): 7-Zip, AccExt, Adobe.Acrobat.ContextMenu, ANotepad++64, EPP, IDriveMenu, Open With, Open With EncryptionMenu, Sharing, TortoiseSVN, WinRAR, WinRAR32
02:18:44.528 33728 explorer.exe  [WH] [local@context-menu-overhaul] [2648:LogHandlerCandidates]: Handler candidates for 'Open wit&h' (AllFilesystemObjects): ACShell, CopyAsPathMenu, DeleteFiles, MBAMShlExt, ModernSharing, SendTo, {474C98EE-CF3D-41f5-80E3-4AAB0AB04301}, {596AB062-B4D2-4215-9F74-E9109B0A8153}, {a2a9545d-a0c2-42b4-9708-a0b2badd77c8}
02:18:44.528 33728 explorer.exe  [WH] [local@context-menu-overhaul] [2691:ApplyRegistryIcons]: No registry icon for 'Open wit&h' (verb '')
02:18:44.538 19196 explorer.exe  [WH] [local@context-menu-overhaul] [2648:LogHandlerCandidates]: Handler candidates for 'Restore previous &versions' (*): {C52B9871-E5E9-41FD-B84D-C5ACADBEC7AE}
02:18:44.538 19196 explorer.exe  [WH] [local@context-menu-overhaul] [2648:LogHandlerCandidates]: Handler candidates for 'Restore previous &versions' (*): 7-Zip, AccExt, Adobe.Acrobat.ContextMenu, ANotepad++64, EPP, IDriveMenu, Open With, Open With EncryptionMenu, Sharing, TortoiseSVN, WinRAR, WinRAR32
02:18:44.538 19196 explorer.exe  [WH] [local@context-menu-overhaul] [2648:LogHandlerCandidates]: Handler candidates for 'Restore previous &versions' (AllFilesystemObjects): ACShell, CopyAsPathMenu, DeleteFiles, MBAMShlExt, ModernSharing, SendTo, {474C98EE-CF3D-41f5-80E3-4AAB0AB04301}, {596AB062-B4D2-4215-9F74-E9109B0A8153}, {a2a9545d-a0c2-42b4-9708-a0b2badd77c8}
02:18:44.538 19196 explorer.exe  [WH] [local@context-menu-overhaul] [2691:ApplyRegistryIcons]: No registry icon for 'Restore previous &versions' (verb 'PreviousVersions')
02:18:44.596 19196 explorer.exe  [WH] [local@context-menu-overhaul] [2648:LogHandlerCandidates]: Handler candidates for 'Cu&t' (*): {C52B9871-E5E9-41FD-B84D-C5ACADBEC7AE}
02:18:44.596 19196 explorer.exe  [WH] [local@context-menu-overhaul] [2648:LogHandlerCandidates]: Handler candidates for 'Cu&t' (*): 7-Zip, AccExt, Adobe.Acrobat.ContextMenu, ANotepad++64, EPP, IDriveMenu, Open With, Open With EncryptionMenu, Sharing, TortoiseSVN, WinRAR, WinRAR32
02:18:44.597 19196 explorer.exe  [WH] [local@context-menu-overhaul] [2648:LogHandlerCandidates]: Handler candidates for 'Cu&t' (AllFilesystemObjects): ACShell, CopyAsPathMenu, DeleteFiles, MBAMShlExt, ModernSharing, SendTo, {474C98EE-CF3D-41f5-80E3-4AAB0AB04301}, {596AB062-B4D2-4215-9F74-E9109B0A8153}, {a2a9545d-a0c2-42b4-9708-a0b2badd77c8}
02:18:44.597 19196 explorer.exe  [WH] [local@context-menu-overhaul] [2691:ApplyRegistryIcons]: No registry icon for 'Cu&t' (verb 'cut')
02:18:44.597 33728 explorer.exe  [WH] [local@context-menu-overhaul] [2648:LogHandlerCandidates]: Handler candidates for 'Copy &as path' (*): {C52B9871-E5E9-41FD-B84D-C5ACADBEC7AE}
02:18:44.598 33728 explorer.exe  [WH] [local@context-menu-overhaul] [2648:LogHandlerCandidates]: Handler candidates for 'Copy &as path' (*): 7-Zip, AccExt, Adobe.Acrobat.ContextMenu, ANotepad++64, EPP, IDriveMenu, Open With, Open With EncryptionMenu, Sharing, TortoiseSVN, WinRAR, WinRAR32
02:18:44.598 33728 explorer.exe  [WH] [local@context-menu-overhaul] [2648:LogHandlerCandidates]: Handler candidates for 'Copy &as path' (AllFilesystemObjects): ACShell, CopyAsPathMenu, DeleteFiles, MBAMShlExt, ModernSharing, SendTo, {474C98EE-CF3D-41f5-80E3-4AAB0AB04301}, {596AB062-B4D2-4215-9F74-E9109B0A8153}, {a2a9545d-a0c2-42b4-9708-a0b2badd77c8}
02:18:44.598 33728 explorer.exe  [WH] [local@context-menu-overhaul] [2691:ApplyRegistryIcons]: No registry icon for 'Copy &as path' (verb 'copyaspath')
02:18:44.606 19196 explorer.exe  [WH] [local@context-menu-overhaul] [2648:LogHandlerCandidates]: Handler candidates for '&Copy' (*): {C52B9871-E5E9-41FD-B84D-C5ACADBEC7AE}
02:18:44.606 19196 explorer.exe  [WH] [local@context-menu-overhaul] [2648:LogHandlerCandidates]: Handler candidates for '&Copy' (*): 7-Zip, AccExt, Adobe.Acrobat.ContextMenu, ANotepad++64, EPP, IDriveMenu, Open With, Open With EncryptionMenu, Sharing, TortoiseSVN, WinRAR, WinRAR32
02:18:44.606 19196 explorer.exe  [WH] [local@context-menu-overhaul] [2648:LogHandlerCandidates]: Handler candidates for '&Copy' (AllFilesystemObjects): ACShell, CopyAsPathMenu, DeleteFiles, MBAMShlExt, ModernSharing, SendTo, {474C98EE-CF3D-41f5-80E3-4AAB0AB04301}, {596AB062-B4D2-4215-9F74-E9109B0A8153}, {a2a9545d-a0c2-42b4-9708-a0b2badd77c8}
02:18:44.607 19196 explorer.exe  [WH] [local@context-menu-overhaul] [2691:ApplyRegistryIcons]: No registry icon for '&Copy' (verb 'copy')
02:18:44.619 19196 explorer.exe  [WH] [local@context-menu-overhaul] [2648:LogHandlerCandidates]: Handler candidates for 'Create &shortcut' (*): {C52B9871-E5E9-41FD-B84D-C5ACADBEC7AE}
02:18:44.619 19196 explorer.exe  [WH] [local@context-menu-overhaul] [2648:LogHandlerCandidates]: Handler candidates for 'Create &shortcut' (*): 7-Zip, AccExt, Adobe.Acrobat.ContextMenu, ANotepad++64, EPP, IDriveMenu, Open With, Open With EncryptionMenu, Sharing, TortoiseSVN, WinRAR, WinRAR32
02:18:44.621 19196 explorer.exe  [WH] [local@context-menu-overhaul] [2648:LogHandlerCandidates]: Handler candidates for 'Create &shortcut' (AllFilesystemObjects): ACShell, CopyAsPathMenu, DeleteFiles, MBAMShlExt, ModernSharing, SendTo, {474C98EE-CF3D-41f5-80E3-4AAB0AB04301}, {596AB062-B4D2-4215-9F74-E9109B0A8153}, {a2a9545d-a0c2-42b4-9708-a0b2badd77c8}
02:18:44.621 19196 explorer.exe  [WH] [local@context-menu-overhaul] [2691:ApplyRegistryIcons]: No registry icon for 'Create &shortcut' (verb 'link')
02:18:44.625 33728 explorer.exe  [WH] [local@context-menu-overhaul] [2648:LogHandlerCandidates]: Handler candidates for 'Restore previous &versions' (*): {C52B9871-E5E9-41FD-B84D-C5ACADBEC7AE}
02:18:44.626 33728 explorer.exe  [WH] [local@context-menu-overhaul] [2648:LogHandlerCandidates]: Handler candidates for 'Restore previous &versions' (*): 7-Zip, AccExt, Adobe.Acrobat.ContextMenu, ANotepad++64, EPP, IDriveMenu, Open With, Open With EncryptionMenu, Sharing, TortoiseSVN, WinRAR, WinRAR32
02:18:44.626 33728 explorer.exe  [WH] [local@context-menu-overhaul] [2648:LogHandlerCandidates]: Handler candidates for 'Restore previous &versions' (AllFilesystemObjects): ACShell, CopyAsPathMenu, DeleteFiles, MBAMShlExt, ModernSharing, SendTo, {474C98EE-CF3D-41f5-80E3-4AAB0AB04301}, {596AB062-B4D2-4215-9F74-E9109B0A8153}, {a2a9545d-a0c2-42b4-9708-a0b2badd77c8}
02:18:44.627 33728 explorer.exe  [WH] [local@context-menu-overhaul] [2691:ApplyRegistryIcons]: No registry icon for 'Restore previous &versions' (verb 'PreviousVersions')
02:18:44.634 19196 explorer.exe  [WH] [local@context-menu-overhaul] [2648:LogHandlerCandidates]: Handler candidates for '&Delete' (*): {C52B9871-E5E9-41FD-B84D-C5ACADBEC7AE}
02:18:44.635 19196 explorer.exe  [WH] [local@context-menu-overhaul] [2648:LogHandlerCandidates]: Handler candidates for '&Delete' (*): 7-Zip, AccExt, Adobe.Acrobat.ContextMenu, ANotepad++64, EPP, IDriveMenu, Open With, Open With EncryptionMenu, Sharing, TortoiseSVN, WinRAR, WinRAR32
02:18:44.635 19196 explorer.exe  [WH] [local@context-menu-overhaul] [2648:LogHandlerCandidates]: Handler candidates for '&Delete' (AllFilesystemObjects): ACShell, CopyAsPathMenu, DeleteFiles, MBAMShlExt, ModernSharing, SendTo, {474C98EE-CF3D-41f5-80E3-4AAB0AB04301}, {596AB062-B4D2-4215-9F74-E9109B0A8153}, {a2a9545d-a0c2-42b4-9708-a0b2badd77c8}
02:18:44.636 19196 explorer.exe  [WH] [local@context-menu-overhaul] [2691:ApplyRegistryIcons]: No registry icon for '&Delete' (verb 'delete')
02:18:44.646 19196 explorer.exe  [WH] [local@context-menu-overhaul] [2648:LogHandlerCandidates]: Handler candidates for 'P&roperties' (*): {C52B9871-E5E9-41FD-B84D-C5ACADBEC7AE}
02:18:44.646 19196 explorer.exe  [WH] [local@context-menu-overhaul] [2648:LogHandlerCandidates]: Handler candidates for 'P&roperties' (*): 7-Zip, AccExt, Adobe.Acrobat.ContextMenu, ANotepad++64, EPP, IDriveMenu, Open With, Open With EncryptionMenu, Sharing, TortoiseSVN, WinRAR, WinRAR32
02:18:44.646 19196 explorer.exe  [WH] [local@context-menu-overhaul] [2648:LogHandlerCandidates]: Handler candidates for 'P&roperties' (AllFilesystemObjects): ACShell, CopyAsPathMenu, DeleteFiles, MBAMShlExt, ModernSharing, SendTo, {474C98EE-CF3D-41f5-80E3-4AAB0AB04301}, {596AB062-B4D2-4215-9F74-E9109B0A8153}, {a2a9545d-a0c2-42b4-9708-a0b2badd77c8}
02:18:44.646 19196 explorer.exe  [WH] [local@context-menu-overhaul] [2691:ApplyRegistryIcons]: No registry icon for 'P&roperties' (verb 'properties')
02:18:44.681 33728 explorer.exe  [WH] [local@context-menu-overhaul] [2648:LogHandlerCandidates]: Handler candidates for 'Cu&t' (*): {C52B9871-E5E9-41FD-B84D-C5ACADBEC7AE}
02:18:44.682 33728 explorer.exe  [WH] [local@context-menu-overhaul] [2648:LogHandlerCandidates]: Handler candidates for 'Cu&t' (*): 7-Zip, AccExt, Adobe.Acrobat.ContextMenu, ANotepad++64, EPP, IDriveMenu, Open With, Open With EncryptionMenu, Sharing, TortoiseSVN, WinRAR, WinRAR32
02:18:44.682 33728 explorer.exe  [WH] [local@context-menu-overhaul] [2648:LogHandlerCandidates]: Handler candidates for 'Cu&t' (AllFilesystemObjects): ACShell, CopyAsPathMenu, DeleteFiles, MBAMShlExt, ModernSharing, SendTo, {474C98EE-CF3D-41f5-80E3-4AAB0AB04301}, {596AB062-B4D2-4215-9F74-E9109B0A8153}, {a2a9545d-a0c2-42b4-9708-a0b2badd77c8}
02:18:44.682 33728 explorer.exe  [WH] [local@context-menu-overhaul] [2691:ApplyRegistryIcons]: No registry icon for 'Cu&t' (verb 'cut')
02:18:44.694 33728 explorer.exe  [WH] [local@context-menu-overhaul] [2648:LogHandlerCandidates]: Handler candidates for '&Copy' (*): {C52B9871-E5E9-41FD-B84D-C5ACADBEC7AE}
02:18:44.694 33728 explorer.exe  [WH] [local@context-menu-overhaul] [2648:LogHandlerCandidates]: Handler candidates for '&Copy' (*): 7-Zip, AccExt, Adobe.Acrobat.ContextMenu, ANotepad++64, EPP, IDriveMenu, Open With, Open With EncryptionMenu, Sharing, TortoiseSVN, WinRAR, WinRAR32
02:18:44.695 33728 explorer.exe  [WH] [local@context-menu-overhaul] [2648:LogHandlerCandidates]: Handler candidates for '&Copy' (AllFilesystemObjects): ACShell, CopyAsPathMenu, DeleteFiles, MBAMShlExt, ModernSharing, SendTo, {474C98EE-CF3D-41f5-80E3-4AAB0AB04301}, {596AB062-B4D2-4215-9F74-E9109B0A8153}, {a2a9545d-a0c2-42b4-9708-a0b2badd77c8}
02:18:44.695 33728 explorer.exe  [WH] [local@context-menu-overhaul] [2691:ApplyRegistryIcons]: No registry icon for '&Copy' (verb 'copy')
02:18:44.703 33728 explorer.exe  [WH] [local@context-menu-overhaul] [2648:LogHandlerCandidates]: Handler candidates for 'Create &shortcut' (*): {C52B9871-E5E9-41FD-B84D-C5ACADBEC7AE}
02:18:44.703 33728 explorer.exe  [WH] [local@context-menu-overhaul] [2648:LogHandlerCandidates]: Handler candidates for 'Create &shortcut' (*): 7-Zip, AccExt, Adobe.Acrobat.ContextMenu, ANotepad++64, EPP, IDriveMenu, Open With, Open With EncryptionMenu, Sharing, TortoiseSVN, WinRAR, WinRAR32
02:18:44.704 33728 explorer.exe  [WH] [local@context-menu-overhaul] [2648:LogHandlerCandidates]: Handler candidates for 'Create &shortcut' (AllFilesystemObjects): ACShell, CopyAsPathMenu, DeleteFiles, MBAMShlExt, ModernSharing, SendTo, {474C98EE-CF3D-41f5-80E3-4AAB0AB04301}, {596AB062-B4D2-4215-9F74-E9109B0A8153}, {a2a9545d-a0c2-42b4-9708-a0b2badd77c8}
02:18:44.704 33728 explorer.exe  [WH] [local@context-menu-overhaul] [2691:ApplyRegistryIcons]: No registry icon for 'Create &shortcut' (verb 'link')
02:18:44.715 33728 explorer.exe  [WH] [local@context-menu-overhaul] [2648:LogHandlerCandidates]: Handler candidates for '&Delete' (*): {C52B9871-E5E9-41FD-B84D-C5ACADBEC7AE}
02:18:44.716 33728 explorer.exe  [WH] [local@context-menu-overhaul] [2648:LogHandlerCandidates]: Handler candidates for '&Delete' (*): 7-Zip, AccExt, Adobe.Acrobat.ContextMenu, ANotepad++64, EPP, IDriveMenu, Open With, Open With EncryptionMenu, Sharing, TortoiseSVN, WinRAR, WinRAR32
02:18:44.716 33728 explorer.exe  [WH] [local@context-menu-overhaul] [2648:LogHandlerCandidates]: Handler candidates for '&Delete' (AllFilesystemObjects): ACShell, CopyAsPathMenu, DeleteFiles, MBAMShlExt, ModernSharing, SendTo, {474C98EE-CF3D-41f5-80E3-4AAB0AB04301}, {596AB062-B4D2-4215-9F74-E9109B0A8153}, {a2a9545d-a0c2-42b4-9708-a0b2badd77c8}
02:18:44.717 33728 explorer.exe  [WH] [local@context-menu-overhaul] [2691:ApplyRegistryIcons]: No registry icon for '&Delete' (verb 'delete')
02:18:44.728 33728 explorer.exe  [WH] [local@context-menu-overhaul] [2648:LogHandlerCandidates]: Handler candidates for 'P&roperties' (*): {C52B9871-E5E9-41FD-B84D-C5ACADBEC7AE}
02:18:44.728 33728 explorer.exe  [WH] [local@context-menu-overhaul] [2648:LogHandlerCandidates]: Handler candidates for 'P&roperties' (*): 7-Zip, AccExt, Adobe.Acrobat.ContextMenu, ANotepad++64, EPP, IDriveMenu, Open With, Open With EncryptionMenu, Sharing, TortoiseSVN, WinRAR, WinRAR32
02:18:44.728 33728 explorer.exe  [WH] [local@context-menu-overhaul] [2648:LogHandlerCandidates]: Handler candidates for 'P&roperties' (AllFilesystemObjects): ACShell, CopyAsPathMenu, DeleteFiles, MBAMShlExt, ModernSharing, SendTo, {474C98EE-CF3D-41f5-80E3-4AAB0AB04301}, {596AB062-B4D2-4215-9F74-E9109B0A8153}, {a2a9545d-a0c2-42b4-9708-a0b2badd77c8}
02:18:44.728 33728 explorer.exe  [WH] [local@context-menu-overhaul] [2691:ApplyRegistryIcons]: No registry icon for 'P&roperties' (verb 'properties')
02:18:44.858 19196 explorer.exe  [WH] [local@context-menu-overhaul] [2648:LogHandlerCandidates]: Handler candidates for '&Open' (*): {C52B9871-E5E9-41FD-B84D-C5ACADBEC7AE}
02:18:44.859 19196 explorer.exe  [WH] [local@context-menu-overhaul] [2648:LogHandlerCandidates]: Handler candidates for '&Open' (*): 7-Zip, AccExt, Adobe.Acrobat.ContextMenu, ANotepad++64, EPP, IDriveMenu, Open With, Open With EncryptionMenu, Sharing, TortoiseSVN, WinRAR, WinRAR32
02:18:44.859 19196 explorer.exe  [WH] [local@context-menu-overhaul] [2648:LogHandlerCandidates]: Handler candidates for '&Open' (AllFilesystemObjects): ACShell, CopyAsPathMenu, DeleteFiles, MBAMShlExt, ModernSharing, SendTo, {474C98EE-CF3D-41f5-80E3-4AAB0AB04301}, {596AB062-B4D2-4215-9F74-E9109B0A8153}, {a2a9545d-a0c2-42b4-9708-a0b2badd77c8}
02:18:44.859 19196 explorer.exe  [WH] [local@context-menu-overhaul] [2691:ApplyRegistryIcons]: No registry icon for '&Open' (verb 'open')
02:18:44.862 19196 explorer.exe  [WH] [local@context-menu-overhaul] [2648:LogHandlerCandidates]: Handler candidates for '' (*): {C52B9871-E5E9-41FD-B84D-C5ACADBEC7AE}
02:18:44.862 19196 explorer.exe  [WH] [local@context-menu-overhaul] [2648:LogHandlerCandidates]: Handler candidates for '' (*): 7-Zip, AccExt, Adobe.Acrobat.ContextMenu, ANotepad++64, EPP, IDriveMenu, Open With, Open With EncryptionMenu, Sharing, TortoiseSVN, WinRAR, WinRAR32
02:18:44.862 19196 explorer.exe  [WH] [local@context-menu-overhaul] [2648:LogHandlerCandidates]: Handler candidates for '' (AllFilesystemObjects): ACShell, CopyAsPathMenu, DeleteFiles, MBAMShlExt, ModernSharing, SendTo, {474C98EE-CF3D-41f5-80E3-4AAB0AB04301}, {596AB062-B4D2-4215-9F74-E9109B0A8153}, {a2a9545d-a0c2-42b4-9708-a0b2badd77c8}
02:18:44.863 19196 explorer.exe  [WH] [local@context-menu-overhaul] [2691:ApplyRegistryIcons]: No registry icon for '' (verb '')
02:18:44.878 19196 explorer.exe  [WH] [local@context-menu-overhaul] [2648:LogHandlerCandidates]: Handler candidates for 'Add to &Favorites' (*): {C52B9871-E5E9-41FD-B84D-C5ACADBEC7AE}
02:18:44.878 19196 explorer.exe  [WH] [local@context-menu-overhaul] [2648:LogHandlerCandidates]: Handler candidates for 'Add to &Favorites' (*): 7-Zip, AccExt, Adobe.Acrobat.ContextMenu, ANotepad++64, EPP, IDriveMenu, Open With, Open With EncryptionMenu, Sharing, TortoiseSVN, WinRAR, WinRAR32
02:18:44.879 19196 explorer.exe  [WH] [local@context-menu-overhaul] [2648:LogHandlerCandidates]: Handler candidates for 'Add to &Favorites' (AllFilesystemObjects): ACShell, CopyAsPathMenu, DeleteFiles, MBAMShlExt, ModernSharing, SendTo, {474C98EE-CF3D-41f5-80E3-4AAB0AB04301}, {596AB062-B4D2-4215-9F74-E9109B0A8153}, {a2a9545d-a0c2-42b4-9708-a0b2badd77c8}
02:18:44.879 19196 explorer.exe  [WH] [local@context-menu-overhaul] [2691:ApplyRegistryIcons]: No registry icon for 'Add to &Favorites' (verb 'pintohomefile')
02:18:44.926 19196 explorer.exe  [WH] [local@context-menu-overhaul] [2648:LogHandlerCandidates]: Handler candidates for 'Open wit&h' (*): {C52B9871-E5E9-41FD-B84D-C5ACADBEC7AE}
02:18:44.927 19196 explorer.exe  [WH] [local@context-menu-overhaul] [2648:LogHandlerCandidates]: Handler candidates for 'Open wit&h' (*): 7-Zip, AccExt, Adobe.Acrobat.ContextMenu, ANotepad++64, EPP, IDriveMenu, Open With, Open With EncryptionMenu, Sharing, TortoiseSVN, WinRAR, WinRAR32
02:18:44.927 19196 explorer.exe  [WH] [local@context-menu-overhaul] [2648:LogHandlerCandidates]: Handler candidates for 'Open wit&h' (AllFilesystemObjects): ACShell, CopyAsPathMenu, DeleteFiles, MBAMShlExt, ModernSharing, SendTo, {474C98EE-CF3D-41f5-80E3-4AAB0AB04301}, {596AB062-B4D2-4215-9F74-E9109B0A8153}, {a2a9545d-a0c2-42b4-9708-a0b2badd77c8}
02:18:44.927 19196 explorer.exe  [WH] [local@context-menu-overhaul] [2691:ApplyRegistryIcons]: No registry icon for 'Open wit&h' (verb '')
02:18:44.943 33728 explorer.exe  [WH] [local@context-menu-overhaul] [2648:LogHandlerCandidates]: Handler candidates for '&Open' (CompressedFolder): {b8cdcb65-b1bf-4b42-9428-1dfdb7ee92af}
02:18:44.943 33728 explorer.exe  [WH] [local@context-menu-overhaul] [2648:LogHandlerCandidates]: Handler candidates for '&Open' (SystemFileAssociations\.zip): {b8cdcb65-b1bf-4b42-9428-1dfdb7ee92af}
02:18:44.943 33728 explorer.exe  [WH] [local@context-menu-overhaul] [2648:LogHandlerCandidates]: Handler candidates for '&Open' (*): {C52B9871-E5E9-41FD-B84D-C5ACADBEC7AE}
02:18:44.943 33728 explorer.exe  [WH] [local@context-menu-overhaul] [2648:LogHandlerCandidates]: Handler candidates for '&Open' (*): 7-Zip, AccExt, Adobe.Acrobat.ContextMenu, ANotepad++64, EPP, IDriveMenu, Open With, Open With EncryptionMenu, Sharing, TortoiseSVN, WinRAR, WinRAR32
02:18:44.944 33728 explorer.exe  [WH] [local@context-menu-overhaul] [2648:LogHandlerCandidates]: Handler candidates for '&Open' (AllFilesystemObjects): ACShell, CopyAsPathMenu, DeleteFiles, MBAMShlExt, ModernSharing, SendTo, {474C98EE-CF3D-41f5-80E3-4AAB0AB04301}, {596AB062-B4D2-4215-9F74-E9109B0A8153}, {a2a9545d-a0c2-42b4-9708-a0b2badd77c8}
02:18:44.944 33728 explorer.exe  [WH] [local@context-menu-overhaul] [2691:ApplyRegistryIcons]: No registry icon for '&Open' (verb 'open')
02:18:44.944 33728 explorer.exe  [WH] [local@context-menu-overhaul] [2648:LogHandlerCandidates]: Handler candidates for '' (CompressedFolder): {b8cdcb65-b1bf-4b42-9428-1dfdb7ee92af}
02:18:44.944 33728 explorer.exe  [WH] [local@context-menu-overhaul] [2648:LogHandlerCandidates]: Handler candidates for '' (SystemFileAssociations\.zip): {b8cdcb65-b1bf-4b42-9428-1dfdb7ee92af}
02:18:44.945 33728 explorer.exe  [WH] [local@context-menu-overhaul] [2648:LogHandlerCandidates]: Handler candidates for '' (*): {C52B9871-E5E9-41FD-B84D-C5ACADBEC7AE}
02:18:44.945 33728 explorer.exe  [WH] [local@context-menu-overhaul] [2648:LogHandlerCandidates]: Handler candidates for '' (*): 7-Zip, AccExt, Adobe.Acrobat.ContextMenu, ANotepad++64, EPP, IDriveMenu, Open With, Open With EncryptionMenu, Sharing, TortoiseSVN, WinRAR, WinRAR32
02:18:44.945 33728 explorer.exe  [WH] [local@context-menu-overhaul] [2648:LogHandlerCandidates]: Handler candidates for '' (AllFilesystemObjects): ACShell, CopyAsPathMenu, DeleteFiles, MBAMShlExt, ModernSharing, SendTo, {474C98EE-CF3D-41f5-80E3-4AAB0AB04301}, {596AB062-B4D2-4215-9F74-E9109B0A8153}, {a2a9545d-a0c2-42b4-9708-a0b2badd77c8}
02:18:44.945 33728 explorer.exe  [WH] [local@context-menu-overhaul] [2691:ApplyRegistryIcons]: No registry icon for '' (verb '')
02:18:44.960 33728 explorer.exe  [WH] [local@context-menu-overhaul] [2648:LogHandlerCandidates]: Handler candidates for 'Add to &Favorites' (CompressedFolder): {b8cdcb65-b1bf-4b42-9428-1dfdb7ee92af}
02:18:44.960 33728 explorer.exe  [WH] [local@context-menu-overhaul] [2648:LogHandlerCandidates]: Handler candidates for 'Add to &Favorites' (SystemFileAssociations\.zip): {b8cdcb65-b1bf-4b42-9428-1dfdb7ee92af}
02:18:44.961 33728 explorer.exe  [WH] [local@context-menu-overhaul] [2648:LogHandlerCandidates]: Handler candidates for 'Add to &Favorites' (*): {C52B9871-E5E9-41FD-B84D-C5ACADBEC7AE}
02:18:44.961 33728 explorer.exe  [WH] [local@context-menu-overhaul] [2648:LogHandlerCandidates]: Handler candidates for 'Add to &Favorites' (*): 7-Zip, AccExt, Adobe.Acrobat.ContextMenu, ANotepad++64, EPP, IDriveMenu, Open With, Open With EncryptionMenu, Sharing, TortoiseSVN, WinRAR, WinRAR32
02:18:44.962 33728 explorer.exe  [WH] [local@context-menu-overhaul] [2648:LogHandlerCandidates]: Handler candidates for 'Add to &Favorites' (AllFilesystemObjects): ACShell, CopyAsPathMenu, DeleteFiles, MBAMShlExt, ModernSharing, SendTo, {474C98EE-CF3D-41f5-80E3-4AAB0AB04301}, {596AB062-B4D2-4215-9F74-E9109B0A8153}, {a2a9545d-a0c2-42b4-9708-a0b2badd77c8}
02:18:44.962 33728 explorer.exe  [WH] [local@context-menu-overhaul] [2691:ApplyRegistryIcons]: No registry icon for 'Add to &Favorites' (verb 'pintohomefile')
02:18:45.003 33728 explorer.exe  [WH] [local@context-menu-overhaul] [2648:LogHandlerCandidates]: Handler candidates for 'Ex&tract All...' (CompressedFolder): {b8cdcb65-b1bf-4b42-9428-1dfdb7ee92af}
02:18:45.003 33728 explorer.exe  [WH] [local@context-menu-overhaul] [2648:LogHandlerCandidates]: Handler candidates for 'Ex&tract All...' (SystemFileAssociations\.zip): {b8cdcb65-b1bf-4b42-9428-1dfdb7ee92af}
02:18:45.004 33728 explorer.exe  [WH] [local@context-menu-overhaul] [2648:LogHandlerCandidates]: Handler candidates for 'Ex&tract All...' (*): {C52B9871-E5E9-41FD-B84D-C5ACADBEC7AE}
02:18:45.004 33728 explorer.exe  [WH] [local@context-menu-overhaul] [2648:LogHandlerCandidates]: Handler candidates for 'Ex&tract All...' (*): 7-Zip, AccExt, Adobe.Acrobat.ContextMenu, ANotepad++64, EPP, IDriveMenu, Open With, Open With EncryptionMenu, Sharing, TortoiseSVN, WinRAR, WinRAR32
02:18:45.004 33728 explorer.exe  [WH] [local@context-menu-overhaul] [2648:LogHandlerCandidates]: Handler candidates for 'Ex&tract All...' (AllFilesystemObjects): ACShell, CopyAsPathMenu, DeleteFiles, MBAMShlExt, ModernSharing, SendTo, {474C98EE-CF3D-41f5-80E3-4AAB0AB04301}, {596AB062-B4D2-4215-9F74-E9109B0A8153}, {a2a9545d-a0c2-42b4-9708-a0b2badd77c8}
02:18:45.004 33728 explorer.exe  [WH] [local@context-menu-overhaul] [2691:ApplyRegistryIcons]: No registry icon for 'Ex&tract All...' (verb 'extract')
02:18:45.016 33728 explorer.exe  [WH] [local@context-menu-overhaul] [2648:LogHandlerCandidates]: Handler candidates for 'Open wit&h' (CompressedFolder): {b8cdcb65-b1bf-4b42-9428-1dfdb7ee92af}
02:18:45.017 33728 explorer.exe  [WH] [local@context-menu-overhaul] [2648:LogHandlerCandidates]: Handler candidates for 'Open wit&h' (SystemFileAssociations\.zip): {b8cdcb65-b1bf-4b42-9428-1dfdb7ee92af}
02:18:45.017 33728 explorer.exe  [WH] [local@context-menu-overhaul] [2648:LogHandlerCandidates]: Handler candidates for 'Open wit&h' (*): {C52B9871-E5E9-41FD-B84D-C5ACADBEC7AE}
02:18:45.018 33728 explorer.exe  [WH] [local@context-menu-overhaul] [2648:LogHandlerCandidates]: Handler candidates for 'Open wit&h' (*): 7-Zip, AccExt, Adobe.Acrobat.ContextMenu, ANotepad++64, EPP, IDriveMenu, Open With, Open With EncryptionMenu, Sharing, TortoiseSVN, WinRAR, WinRAR32
02:18:45.018 33728 explorer.exe  [WH] [local@context-menu-overhaul] [2648:LogHandlerCandidates]: Handler candidates for 'Open wit&h' (AllFilesystemObjects): ACShell, CopyAsPathMenu, DeleteFiles, MBAMShlExt, ModernSharing, SendTo, {474C98EE-CF3D-41f5-80E3-4AAB0AB04301}, {596AB062-B4D2-4215-9F74-E9109B0A8153}, {a2a9545d-a0c2-42b4-9708-a0b2badd77c8}
02:18:45.019 19196 explorer.exe  [WH] [local@context-menu-overhaul] [2648:LogHandlerCandidates]: Handler candidates for 'Copy &as path' (*): {C52B9871-E5E9-41FD-B84D-C5ACADBEC7AE}
02:18:45.019 33728 explorer.exe  [WH] [local@context-menu-overhaul] [2691:ApplyRegistryIcons]: No registry icon for 'Open wit&h' (verb '')
02:18:45.019 19196 explorer.exe  [WH] [local@context-menu-overhaul] [2648:LogHandlerCandidates]: Handler candidates for 'Copy &as path' (*): 7-Zip, AccExt, Adobe.Acrobat.ContextMenu, ANotepad++64, EPP, IDriveMenu, Open With, Open With EncryptionMenu, Sharing, TortoiseSVN, WinRAR, WinRAR32
02:18:45.020 19196 explorer.exe  [WH] [local@context-menu-overhaul] [2648:LogHandlerCandidates]: Handler candidates for 'Copy &as path' (AllFilesystemObjects): ACShell, CopyAsPathMenu, DeleteFiles, MBAMShlExt, ModernSharing, SendTo, {474C98EE-CF3D-41f5-80E3-4AAB0AB04301}, {596AB062-B4D2-4215-9F74-E9109B0A8153}, {a2a9545d-a0c2-42b4-9708-a0b2badd77c8}
02:18:45.020 19196 explorer.exe  [WH] [local@context-menu-overhaul] [2691:ApplyRegistryIcons]: No registry icon for 'Copy &as path' (verb 'copyaspath')
02:18:45.050 19196 explorer.exe  [WH] [local@context-menu-overhaul] [2648:LogHandlerCandidates]: Handler candidates for 'Restore previous &versions' (*): {C52B9871-E5E9-41FD-B84D-C5ACADBEC7AE}
02:18:45.050 19196 explorer.exe  [WH] [local@context-menu-overhaul] [2648:LogHandlerCandidates]: Handler candidates for 'Restore previous &versions' (*): 7-Zip, AccExt, Adobe.Acrobat.ContextMenu, ANotepad++64, EPP, IDriveMenu, Open With, Open With EncryptionMenu, Sharing, TortoiseSVN, WinRAR, WinRAR32
02:18:45.050 19196 explorer.exe  [WH] [local@context-menu-overhaul] [2648:LogHandlerCandidates]: Handler candidates for 'Restore previous &versions' (AllFilesystemObjects): ACShell, CopyAsPathMenu, DeleteFiles, MBAMShlExt, ModernSharing, SendTo, {474C98EE-CF3D-41f5-80E3-4AAB0AB04301}, {596AB062-B4D2-4215-9F74-E9109B0A8153}, {a2a9545d-a0c2-42b4-9708-a0b2badd77c8}
02:18:45.051 19196 explorer.exe  [WH] [local@context-menu-overhaul] [2691:ApplyRegistryIcons]: No registry icon for 'Restore previous &versions' (verb 'PreviousVersions')
02:18:45.085 33728 explorer.exe  [WH] [local@context-menu-overhaul] [2648:LogHandlerCandidates]: Handler candidates for 'Copy &as path' (CompressedFolder): {b8cdcb65-b1bf-4b42-9428-1dfdb7ee92af}
02:18:45.085 33728 explorer.exe  [WH] [local@context-menu-overhaul] [2648:LogHandlerCandidates]: Handler candidates for 'Copy &as path' (SystemFileAssociations\.zip): {b8cdcb65-b1bf-4b42-9428-1dfdb7ee92af}
02:18:45.085 33728 explorer.exe  [WH] [local@context-menu-overhaul] [2648:LogHandlerCandidates]: Handler candidates for 'Copy &as path' (*): {C52B9871-E5E9-41FD-B84D-C5ACADBEC7AE}
02:18:45.085 33728 explorer.exe  [WH] [local@context-menu-overhaul] [2648:LogHandlerCandidates]: Handler candidates for 'Copy &as path' (*): 7-Zip, AccExt, Adobe.Acrobat.ContextMenu, ANotepad++64, EPP, IDriveMenu, Open With, Open With EncryptionMenu, Sharing, TortoiseSVN, WinRAR, WinRAR32
02:18:45.086 33728 explorer.exe  [WH] [local@context-menu-overhaul] [2648:LogHandlerCandidates]: Handler candidates for 'Copy &as path' (AllFilesystemObjects): ACShell, CopyAsPathMenu, DeleteFiles, MBAMShlExt, ModernSharing, SendTo, {474C98EE-CF3D-41f5-80E3-4AAB0AB04301}, {596AB062-B4D2-4215-9F74-E9109B0A8153}, {a2a9545d-a0c2-42b4-9708-a0b2badd77c8}
02:18:45.086 33728 explorer.exe  [WH] [local@context-menu-overhaul] [2691:ApplyRegistryIcons]: No registry icon for 'Copy &as path' (verb 'copyaspath')
02:18:45.108 33728 explorer.exe  [WH] [local@context-menu-overhaul] [2648:LogHandlerCandidates]: Handler candidates for 'Restore previous &versions' (CompressedFolder): {b8cdcb65-b1bf-4b42-9428-1dfdb7ee92af}
02:18:45.108 33728 explorer.exe  [WH] [local@context-menu-overhaul] [2648:LogHandlerCandidates]: Handler candidates for 'Restore previous &versions' (SystemFileAssociations\.zip): {b8cdcb65-b1bf-4b42-9428-1dfdb7ee92af}
02:18:45.108 33728 explorer.exe  [WH] [local@context-menu-overhaul] [2648:LogHandlerCandidates]: Handler candidates for 'Restore previous &versions' (*): {C52B9871-E5E9-41FD-B84D-C5ACADBEC7AE}
02:18:45.108 33728 explorer.exe  [WH] [local@context-menu-overhaul] [2648:LogHandlerCandidates]: Handler candidates for 'Restore previous &versions' (*): 7-Zip, AccExt, Adobe.Acrobat.ContextMenu, ANotepad++64, EPP, IDriveMenu, Open With, Open With EncryptionMenu, Sharing, TortoiseSVN, WinRAR, WinRAR32
02:18:45.108 33728 explorer.exe  [WH] [local@context-menu-overhaul] [2648:LogHandlerCandidates]: Handler candidates for 'Restore previous &versions' (AllFilesystemObjects): ACShell, CopyAsPathMenu, DeleteFiles, MBAMShlExt, ModernSharing, SendTo, {474C98EE-CF3D-41f5-80E3-4AAB0AB04301}, {596AB062-B4D2-4215-9F74-E9109B0A8153}, {a2a9545d-a0c2-42b4-9708-a0b2badd77c8}
02:18:45.109 33728 explorer.exe  [WH] [local@context-menu-overhaul] [2691:ApplyRegistryIcons]: No registry icon for 'Restore previous &versions' (verb 'PreviousVersions')
02:18:45.109 19196 explorer.exe  [WH] [local@context-menu-overhaul] [2648:LogHandlerCandidates]: Handler candidates for 'Cu&t' (*): {C52B9871-E5E9-41FD-B84D-C5ACADBEC7AE}
02:18:45.109 19196 explorer.exe  [WH] [local@context-menu-overhaul] [2648:LogHandlerCandidates]: Handler candidates for 'Cu&t' (*): 7-Zip, AccExt, Adobe.Acrobat.ContextMenu, ANotepad++64, EPP, IDriveMenu, Open With, Open With EncryptionMenu, Sharing, TortoiseSVN, WinRAR, WinRAR32
02:18:45.109 19196 explorer.exe  [WH] [local@context-menu-overhaul] [2648:LogHandlerCandidates]: Handler candidates for 'Cu&t' (AllFilesystemObjects): ACShell, CopyAsPathMenu, DeleteFiles, MBAMShlExt, ModernSharing, SendTo, {474C98EE-CF3D-41f5-80E3-4AAB0AB04301}, {596AB062-B4D2-4215-9F74-E9109B0A8153}, {a2a9545d-a0c2-42b4-9708-a0b2badd77c8}
02:18:45.110 19196 explorer.exe  [WH] [local@context-menu-overhaul] [2691:ApplyRegistryIcons]: No registry icon for 'Cu&t' (verb 'cut')
02:18:45.117 19196 explorer.exe  [WH] [local@context-menu-overhaul] [2648:LogHandlerCandidates]: Handler candidates for '&Copy' (*): {C52B9871-E5E9-41FD-B84D-C5ACADBEC7AE}
02:18:45.117 19196 explorer.exe  [WH] [local@context-menu-overhaul] [2648:LogHandlerCandidates]: Handler candidates for '&Copy' (*): 7-Zip, AccExt, Adobe.Acrobat.ContextMenu, ANotepad++64, EPP, IDriveMenu, Open With, Open With EncryptionMenu, Sharing, TortoiseSVN, WinRAR, WinRAR32
02:18:45.118 19196 explorer.exe  [WH] [local@context-menu-overhaul] [2648:LogHandlerCandidates]: Handler candidates for '&Copy' (AllFilesystemObjects): ACShell, CopyAsPathMenu, DeleteFiles, MBAMShlExt, ModernSharing, SendTo, {474C98EE-CF3D-41f5-80E3-4AAB0AB04301}, {596AB062-B4D2-4215-9F74-E9109B0A8153}, {a2a9545d-a0c2-42b4-9708-a0b2badd77c8}
02:18:45.118 19196 explorer.exe  [WH] [local@context-menu-overhaul] [2691:ApplyRegistryIcons]: No registry icon for '&Copy' (verb 'copy')
02:18:45.131 19196 explorer.exe  [WH] [local@context-menu-overhaul] [2648:LogHandlerCandidates]: Handler candidates for 'Create &shortcut' (*): {C52B9871-E5E9-41FD-B84D-C5ACADBEC7AE}
02:18:45.131 19196 explorer.exe  [WH] [local@context-menu-overhaul] [2648:LogHandlerCandidates]: Handler candidates for 'Create &shortcut' (*): 7-Zip, AccExt, Adobe.Acrobat.ContextMenu, ANotepad++64, EPP, IDriveMenu, Open With, Open With EncryptionMenu, Sharing, TortoiseSVN, WinRAR, WinRAR32
02:18:45.132 19196 explorer.exe  [WH] [local@context-menu-overhaul] [2648:LogHandlerCandidates]: Handler candidates for 'Create &shortcut' (AllFilesystemObjects): ACShell, CopyAsPathMenu, DeleteFiles, MBAMShlExt, ModernSharing, SendTo, {474C98EE-CF3D-41f5-80E3-4AAB0AB04301}, {596AB062-B4D2-4215-9F74-E9109B0A8153}, {a2a9545d-a0c2-42b4-9708-a0b2badd77c8}
02:18:45.132 19196 explorer.exe  [WH] [local@context-menu-overhaul] [2691:ApplyRegistryIcons]: No registry icon for 'Create &shortcut' (verb 'link')
02:18:45.149 19196 explorer.exe  [WH] [local@context-menu-overhaul] [2648:LogHandlerCandidates]: Handler candidates for '&Delete' (*): {C52B9871-E5E9-41FD-B84D-C5ACADBEC7AE}
02:18:45.149 19196 explorer.exe  [WH] [local@context-menu-overhaul] [2648:LogHandlerCandidates]: Handler candidates for '&Delete' (*): 7-Zip, AccExt, Adobe.Acrobat.ContextMenu, ANotepad++64, EPP, IDriveMenu, Open With, Open With EncryptionMenu, Sharing, TortoiseSVN, WinRAR, WinRAR32
02:18:45.150 19196 explorer.exe  [WH] [local@context-menu-overhaul] [2648:LogHandlerCandidates]: Handler candidates for '&Delete' (AllFilesystemObjects): ACShell, CopyAsPathMenu, DeleteFiles, MBAMShlExt, ModernSharing, SendTo, {474C98EE-CF3D-41f5-80E3-4AAB0AB04301}, {596AB062-B4D2-4215-9F74-E9109B0A8153}, {a2a9545d-a0c2-42b4-9708-a0b2badd77c8}
02:18:45.150 19196 explorer.exe  [WH] [local@context-menu-overhaul] [2691:ApplyRegistryIcons]: No registry icon for '&Delete' (verb 'delete')
02:18:45.160 19196 explorer.exe  [WH] [local@context-menu-overhaul] [2648:LogHandlerCandidates]: Handler candidates for 'P&roperties' (*): {C52B9871-E5E9-41FD-B84D-C5ACADBEC7AE}
02:18:45.160 19196 explorer.exe  [WH] [local@context-menu-overhaul] [2648:LogHandlerCandidates]: Handler candidates for 'P&roperties' (*): 7-Zip, AccExt, Adobe.Acrobat.ContextMenu, ANotepad++64, EPP, IDriveMenu, Open With, Open With EncryptionMenu, Sharing, TortoiseSVN, WinRAR, WinRAR32
02:18:45.161 19196 explorer.exe  [WH] [local@context-menu-overhaul] [2648:LogHandlerCandidates]: Handler candidates for 'P&roperties' (AllFilesystemObjects): ACShell, CopyAsPathMenu, DeleteFiles, MBAMShlExt, ModernSharing, SendTo, {474C98EE-CF3D-41f5-80E3-4AAB0AB04301}, {596AB062-B4D2-4215-9F74-E9109B0A8153}, {a2a9545d-a0c2-42b4-9708-a0b2badd77c8}
02:18:45.161 19196 explorer.exe  [WH] [local@context-menu-overhaul] [2691:ApplyRegistryIcons]: No registry icon for 'P&roperties' (verb 'properties')
02:18:45.200 33728 explorer.exe  [WH] [local@context-menu-overhaul] [2648:LogHandlerCandidates]: Handler candidates for 'Cu&t' (CompressedFolder): {b8cdcb65-b1bf-4b42-9428-1dfdb7ee92af}
02:18:45.200 33728 explorer.exe  [WH] [local@context-menu-overhaul] [2648:LogHandlerCandidates]: Handler candidates for 'Cu&t' (SystemFileAssociations\.zip): {b8cdcb65-b1bf-4b42-9428-1dfdb7ee92af}
02:18:45.201 33728 explorer.exe  [WH] [local@context-menu-overhaul] [2648:LogHandlerCandidates]: Handler candidates for 'Cu&t' (*): {C52B9871-E5E9-41FD-B84D-C5ACADBEC7AE}
02:18:45.201 33728 explorer.exe  [WH] [local@context-menu-overhaul] [2648:LogHandlerCandidates]: Handler candidates for 'Cu&t' (*): 7-Zip, AccExt, Adobe.Acrobat.ContextMenu, ANotepad++64, EPP, IDriveMenu, Open With, Open With EncryptionMenu, Sharing, TortoiseSVN, WinRAR, WinRAR32
02:18:45.202 33728 explorer.exe  [WH] [local@context-menu-overhaul] [2648:LogHandlerCandidates]: Handler candidates for 'Cu&t' (AllFilesystemObjects): ACShell, CopyAsPathMenu, DeleteFiles, MBAMShlExt, ModernSharing, SendTo, {474C98EE-CF3D-41f5-80E3-4AAB0AB04301}, {596AB062-B4D2-4215-9F74-E9109B0A8153}, {a2a9545d-a0c2-42b4-9708-a0b2badd77c8}
02:18:45.202 33728 explorer.exe  [WH] [local@context-menu-overhaul] [2691:ApplyRegistryIcons]: No registry icon for 'Cu&t' (verb 'cut')
02:18:45.209 33728 explorer.exe  [WH] [local@context-menu-overhaul] [2648:LogHandlerCandidates]: Handler candidates for '&Copy' (CompressedFolder): {b8cdcb65-b1bf-4b42-9428-1dfdb7ee92af}
02:18:45.209 33728 explorer.exe  [WH] [local@context-menu-overhaul] [2648:LogHandlerCandidates]: Handler candidates for '&Copy' (SystemFileAssociations\.zip): {b8cdcb65-b1bf-4b42-9428-1dfdb7ee92af}
02:18:45.209 33728 explorer.exe  [WH] [local@context-menu-overhaul] [2648:LogHandlerCandidates]: Handler candidates for '&Copy' (*): {C52B9871-E5E9-41FD-B84D-C5ACADBEC7AE}
02:18:45.209 33728 explorer.exe  [WH] [local@context-menu-overhaul] [2648:LogHandlerCandidates]: Handler candidates for '&Copy' (*): 7-Zip, AccExt, Adobe.Acrobat.ContextMenu, ANotepad++64, EPP, IDriveMenu, Open With, Open With EncryptionMenu, Sharing, TortoiseSVN, WinRAR, WinRAR32
02:18:45.210 33728 explorer.exe  [WH] [local@context-menu-overhaul] [2648:LogHandlerCandidates]: Handler candidates for '&Copy' (AllFilesystemObjects): ACShell, CopyAsPathMenu, DeleteFiles, MBAMShlExt, ModernSharing, SendTo, {474C98EE-CF3D-41f5-80E3-4AAB0AB04301}, {596AB062-B4D2-4215-9F74-E9109B0A8153}, {a2a9545d-a0c2-42b4-9708-a0b2badd77c8}
02:18:45.210 33728 explorer.exe  [WH] [local@context-menu-overhaul] [2691:ApplyRegistryIcons]: No registry icon for '&Copy' (verb 'copy')
02:18:45.217 33728 explorer.exe  [WH] [local@context-menu-overhaul] [2648:LogHandlerCandidates]: Handler candidates for 'Create &shortcut' (CompressedFolder): {b8cdcb65-b1bf-4b42-9428-1dfdb7ee92af}
02:18:45.218 33728 explorer.exe  [WH] [local@context-menu-overhaul] [2648:LogHandlerCandidates]: Handler candidates for 'Create &shortcut' (SystemFileAssociations\.zip): {b8cdcb65-b1bf-4b42-9428-1dfdb7ee92af}
02:18:45.218 33728 explorer.exe  [WH] [local@context-menu-overhaul] [2648:LogHandlerCandidates]: Handler candidates for 'Create &shortcut' (*): {C52B9871-E5E9-41FD-B84D-C5ACADBEC7AE}
02:18:45.218 33728 explorer.exe  [WH] [local@context-menu-overhaul] [2648:LogHandlerCandidates]: Handler candidates for 'Create &shortcut' (*): 7-Zip, AccExt, Adobe.Acrobat.ContextMenu, ANotepad++64, EPP, IDriveMenu, Open With, Open With EncryptionMenu, Sharing, TortoiseSVN, WinRAR, WinRAR32
02:18:45.218 33728 explorer.exe  [WH] [local@context-menu-overhaul] [2648:LogHandlerCandidates]: Handler candidates for 'Create &shortcut' (AllFilesystemObjects): ACShell, CopyAsPathMenu, DeleteFiles, MBAMShlExt, ModernSharing, SendTo, {474C98EE-CF3D-41f5-80E3-4AAB0AB04301}, {596AB062-B4D2-4215-9F74-E9109B0A8153}, {a2a9545d-a0c2-42b4-9708-a0b2badd77c8}
02:18:45.219 33728 explorer.exe  [WH] [local@context-menu-overhaul] [2691:ApplyRegistryIcons]: No registry icon for 'Create &shortcut' (verb 'link')
02:18:45.226 33728 explorer.exe  [WH] [local@context-menu-overhaul] [2648:LogHandlerCandidates]: Handler candidates for '&Delete' (CompressedFolder): {b8cdcb65-b1bf-4b42-9428-1dfdb7ee92af}
02:18:45.226 33728 explorer.exe  [WH] [local@context-menu-overhaul] [2648:LogHandlerCandidates]: Handler candidates for '&Delete' (SystemFileAssociations\.zip): {b8cdcb65-b1bf-4b42-9428-1dfdb7ee92af}
02:18:45.226 33728 explorer.exe  [WH] [local@context-menu-overhaul] [2648:LogHandlerCandidates]: Handler candidates for '&Delete' (*): {C52B9871-E5E9-41FD-B84D-C5ACADBEC7AE}
02:18:45.226 33728 explorer.exe  [WH] [local@context-menu-overhaul] [2648:LogHandlerCandidates]: Handler candidates for '&Delete' (*): 7-Zip, AccExt, Adobe.Acrobat.ContextMenu, ANotepad++64, EPP, IDriveMenu, Open With, Open With EncryptionMenu, Sharing, TortoiseSVN, WinRAR, WinRAR32
02:18:45.227 33728 explorer.exe  [WH] [local@context-menu-overhaul] [2648:LogHandlerCandidates]: Handler candidates for '&Delete' (AllFilesystemObjects): ACShell, CopyAsPathMenu, DeleteFiles, MBAMShlExt, ModernSharing, SendTo, {474C98EE-CF3D-41f5-80E3-4AAB0AB04301}, {596AB062-B4D2-4215-9F74-E9109B0A8153}, {a2a9545d-a0c2-42b4-9708-a0b2badd77c8}
02:18:45.227 33728 explorer.exe  [WH] [local@context-menu-overhaul] [2691:ApplyRegistryIcons]: No registry icon for '&Delete' (verb 'delete')
02:18:45.236 33728 explorer.exe  [WH] [local@context-menu-overhaul] [2648:LogHandlerCandidates]: Handler candidates for 'P&roperties' (CompressedFolder): {b8cdcb65-b1bf-4b42-9428-1dfdb7ee92af}
02:18:45.236 33728 explorer.exe  [WH] [local@context-menu-overhaul] [2648:LogHandlerCandidates]: Handler candidates for 'P&roperties' (SystemFileAssociations\.zip): {b8cdcb65-b1bf-4b42-9428-1dfdb7ee92af}
02:18:45.236 33728 explorer.exe  [WH] [local@context-menu-overhaul] [2648:LogHandlerCandidates]: Handler candidates for 'P&roperties' (*): {C52B9871-E5E9-41FD-B84D-C5ACADBEC7AE}
02:18:45.236 33728 explorer.exe  [WH] [local@context-menu-overhaul] [2648:LogHandlerCandidates]: Handler candidates for 'P&roperties' (*): 7-Zip, AccExt, Adobe.Acrobat.ContextMenu, ANotepad++64, EPP, IDriveMenu, Open With, Open With EncryptionMenu, Sharing, TortoiseSVN, WinRAR, WinRAR32
02:18:45.236 33728 explorer.exe  [WH] [local@context-menu-overhaul] [2648:LogHandlerCandidates]: Handler candidates for 'P&roperties' (AllFilesystemObjects): ACShell, CopyAsPathMenu, DeleteFiles, MBAMShlExt, ModernSharing, SendTo, {474C98EE-CF3D-41f5-80E3-4AAB0AB04301}, {596AB062-B4D2-4215-9F74-E9109B0A8153}, {a2a9545d-a0c2-42b4-9708-a0b2badd77c8}
02:18:45.237 33728 explorer.exe  [WH] [local@context-menu-overhaul] [2691:ApplyRegistryIcons]: No registry icon for 'P&roperties' (verb 'properties')
02:18:45.349 19196 explorer.exe  [WH] [local@context-menu-overhaul] [2648:LogHandlerCandidates]: Handler candidates for '&Open' (CompressedFolder): {b8cdcb65-b1bf-4b42-9428-1dfdb7ee92af}
02:18:45.349 19196 explorer.exe  [WH] [local@context-menu-overhaul] [2648:LogHandlerCandidates]: Handler candidates for '&Open' (SystemFileAssociations\.zip): {b8cdcb65-b1bf-4b42-9428-1dfdb7ee92af}
02:18:45.349 19196 explorer.exe  [WH] [local@context-menu-overhaul] [2648:LogHandlerCandidates]: Handler candidates for '&Open' (*): {C52B9871-E5E9-41FD-B84D-C5ACADBEC7AE}
02:18:45.349 19196 explorer.exe  [WH] [local@context-menu-overhaul] [2648:LogHandlerCandidates]: Handler candidates for '&Open' (*): 7-Zip, AccExt, Adobe.Acrobat.ContextMenu, ANotepad++64, EPP, IDriveMenu, Open With, Open With EncryptionMenu, Sharing, TortoiseSVN, WinRAR, WinRAR32
02:18:45.350 19196 explorer.exe  [WH] [local@context-menu-overhaul] [2648:LogHandlerCandidates]: Handler candidates for '&Open' (AllFilesystemObjects): ACShell, CopyAsPathMenu, DeleteFiles, MBAMShlExt, ModernSharing, SendTo, {474C98EE-CF3D-41f5-80E3-4AAB0AB04301}, {596AB062-B4D2-4215-9F74-E9109B0A8153}, {a2a9545d-a0c2-42b4-9708-a0b2badd77c8}
02:18:45.350 19196 explorer.exe  [WH] [local@context-menu-overhaul] [2691:ApplyRegistryIcons]: No registry icon for '&Open' (verb 'open')
02:18:45.350 19196 explorer.exe  [WH] [local@context-menu-overhaul] [2648:LogHandlerCandidates]: Handler candidates for '' (CompressedFolder): {b8cdcb65-b1bf-4b42-9428-1dfdb7ee92af}
02:18:45.350 19196 explorer.exe  [WH] [local@context-menu-overhaul] [2648:LogHandlerCandidates]: Handler candidates for '' (SystemFileAssociations\.zip): {b8cdcb65-b1bf-4b42-9428-1dfdb7ee92af}
02:18:45.350 19196 explorer.exe  [WH] [local@context-menu-overhaul] [2648:LogHandlerCandidates]: Handler candidates for '' (*): {C52B9871-E5E9-41FD-B84D-C5ACADBEC7AE}
02:18:45.350 19196 explorer.exe  [WH] [local@context-menu-overhaul] [2648:LogHandlerCandidates]: Handler candidates for '' (*): 7-Zip, AccExt, Adobe.Acrobat.ContextMenu, ANotepad++64, EPP, IDriveMenu, Open With, Open With EncryptionMenu, Sharing, TortoiseSVN, WinRAR, WinRAR32
02:18:45.351 19196 explorer.exe  [WH] [local@context-menu-overhaul] [2648:LogHandlerCandidates]: Handler candidates for '' (AllFilesystemObjects): ACShell, CopyAsPathMenu, DeleteFiles, MBAMShlExt, ModernSharing, SendTo, {474C98EE-CF3D-41f5-80E3-4AAB0AB04301}, {596AB062-B4D2-4215-9F74-E9109B0A8153}, {a2a9545d-a0c2-42b4-9708-a0b2badd77c8}
02:18:45.354 19196 explorer.exe  [WH] [local@context-menu-overhaul] [2691:ApplyRegistryIcons]: No registry icon for '' (verb '')
02:18:45.375 19196 explorer.exe  [WH] [local@context-menu-overhaul] [2648:LogHandlerCandidates]: Handler candidates for 'Add to &Favorites' (CompressedFolder): {b8cdcb65-b1bf-4b42-9428-1dfdb7ee92af}
02:18:45.375 19196 explorer.exe  [WH] [local@context-menu-overhaul] [2648:LogHandlerCandidates]: Handler candidates for 'Add to &Favorites' (SystemFileAssociations\.zip): {b8cdcb65-b1bf-4b42-9428-1dfdb7ee92af}
02:18:45.375 19196 explorer.exe  [WH] [local@context-menu-overhaul] [2648:LogHandlerCandidates]: Handler candidates for 'Add to &Favorites' (*): {C52B9871-E5E9-41FD-B84D-C5ACADBEC7AE}
02:18:45.375 19196 explorer.exe  [WH] [local@context-menu-overhaul] [2648:LogHandlerCandidates]: Handler candidates for 'Add to &Favorites' (*): 7-Zip, AccExt, Adobe.Acrobat.ContextMenu, ANotepad++64, EPP, IDriveMenu, Open With, Open With EncryptionMenu, Sharing, TortoiseSVN, WinRAR, WinRAR32
02:18:45.376 19196 explorer.exe  [WH] [local@context-menu-overhaul] [2648:LogHandlerCandidates]: Handler candidates for 'Add to &Favorites' (AllFilesystemObjects): ACShell, CopyAsPathMenu, DeleteFiles, MBAMShlExt, ModernSharing, SendTo, {474C98EE-CF3D-41f5-80E3-4AAB0AB04301}, {596AB062-B4D2-4215-9F74-E9109B0A8153}, {a2a9545d-a0c2-42b4-9708-a0b2badd77c8}
02:18:45.376 19196 explorer.exe  [WH] [local@context-menu-overhaul] [2691:ApplyRegistryIcons]: No registry icon for 'Add to &Favorites' (verb 'pintohomefile')
02:18:45.430 19196 explorer.exe  [WH] [local@context-menu-overhaul] [2648:LogHandlerCandidates]: Handler candidates for 'Ex&tract All...' (CompressedFolder): {b8cdcb65-b1bf-4b42-9428-1dfdb7ee92af}
02:18:45.430 19196 explorer.exe  [WH] [local@context-menu-overhaul] [2648:LogHandlerCandidates]: Handler candidates for 'Ex&tract All...' (SystemFileAssociations\.zip): {b8cdcb65-b1bf-4b42-9428-1dfdb7ee92af}
02:18:45.430 19196 explorer.exe  [WH] [local@context-menu-overhaul] [2648:LogHandlerCandidates]: Handler candidates for 'Ex&tract All...' (*): {C52B9871-E5E9-41FD-B84D-C5ACADBEC7AE}
02:18:45.430 33728 explorer.exe  [WH] [local@context-menu-overhaul] [2648:LogHandlerCandidates]: Handler candidates for '&Open' (ArchiveFolder): {EE07CEF5-3441-4CFB-870A-4002C724783A}
02:18:45.430 19196 explorer.exe  [WH] [local@context-menu-overhaul] [2648:LogHandlerCandidates]: Handler candidates for 'Ex&tract All...' (*): 7-Zip, AccExt, Adobe.Acrobat.ContextMenu, ANotepad++64, EPP, IDriveMenu, Open With, Open With EncryptionMenu, Sharing, TortoiseSVN, WinRAR, WinRAR32
02:18:45.431 33728 explorer.exe  [WH] [local@context-menu-overhaul] [2648:LogHandlerCandidates]: Handler candidates for '&Open' (SystemFileAssociations\.rar): {EE07CEF5-3441-4CFB-870A-4002C724783A}
02:18:45.431 19196 explorer.exe  [WH] [local@context-menu-overhaul] [2648:LogHandlerCandidates]: Handler candidates for 'Ex&tract All...' (AllFilesystemObjects): ACShell, CopyAsPathMenu, DeleteFiles, MBAMShlExt, ModernSharing, SendTo, {474C98EE-CF3D-41f5-80E3-4AAB0AB04301}, {596AB062-B4D2-4215-9F74-E9109B0A8153}, {a2a9545d-a0c2-42b4-9708-a0b2badd77c8}
02:18:45.431 33728 explorer.exe  [WH] [local@context-menu-overhaul] [2648:LogHandlerCandidates]: Handler candidates for '&Open' (*): {C52B9871-E5E9-41FD-B84D-C5ACADBEC7AE}
02:18:45.431 19196 explorer.exe  [WH] [local@context-menu-overhaul] [2691:ApplyRegistryIcons]: No registry icon for 'Ex&tract All...' (verb 'extract')
02:18:45.432 33728 explorer.exe  [WH] [local@context-menu-overhaul] [2648:LogHandlerCandidates]: Handler candidates for '&Open' (*): 7-Zip, AccExt, Adobe.Acrobat.ContextMenu, ANotepad++64, EPP, IDriveMenu, Open With, Open With EncryptionMenu, Sharing, TortoiseSVN, WinRAR, WinRAR32
02:18:45.432 33728 explorer.exe  [WH] [local@context-menu-overhaul] [2648:LogHandlerCandidates]: Handler candidates for '&Open' (AllFilesystemObjects): ACShell, CopyAsPathMenu, DeleteFiles, MBAMShlExt, ModernSharing, SendTo, {474C98EE-CF3D-41f5-80E3-4AAB0AB04301}, {596AB062-B4D2-4215-9F74-E9109B0A8153}, {a2a9545d-a0c2-42b4-9708-a0b2badd77c8}
02:18:45.432 33728 explorer.exe  [WH] [local@context-menu-overhaul] [2691:ApplyRegistryIcons]: No registry icon for '&Open' (verb 'open')
02:18:45.433 33728 explorer.exe  [WH] [local@context-menu-overhaul] [2648:LogHandlerCandidates]: Handler candidates for '' (ArchiveFolder): {EE07CEF5-3441-4CFB-870A-4002C724783A}
02:18:45.433 33728 explorer.exe  [WH] [local@context-menu-overhaul] [2648:LogHandlerCandidates]: Handler candidates for '' (SystemFileAssociations\.rar): {EE07CEF5-3441-4CFB-870A-4002C724783A}
02:18:45.433 33728 explorer.exe  [WH] [local@context-menu-overhaul] [2648:LogHandlerCandidates]: Handler candidates for '' (*): {C52B9871-E5E9-41FD-B84D-C5ACADBEC7AE}
02:18:45.434 33728 explorer.exe  [WH] [local@context-menu-overhaul] [2648:LogHandlerCandidates]: Handler candidates for '' (*): 7-Zip, AccExt, Adobe.Acrobat.ContextMenu, ANotepad++64, EPP, IDriveMenu, Open With, Open With EncryptionMenu, Sharing, TortoiseSVN, WinRAR, WinRAR32
02:18:45.434 33728 explorer.exe  [WH] [local@context-menu-overhaul] [2648:LogHandlerCandidates]: Handler candidates for '' (AllFilesystemObjects): ACShell, CopyAsPathMenu, DeleteFiles, MBAMShlExt, ModernSharing, SendTo, {474C98EE-CF3D-41f5-80E3-4AAB0AB04301}, {596AB062-B4D2-4215-9F74-E9109B0A8153}, {a2a9545d-a0c2-42b4-9708-a0b2badd77c8}
02:18:45.434 33728 explorer.exe  [WH] [local@context-menu-overhaul] [2691:ApplyRegistryIcons]: No registry icon for '' (verb '')
02:18:45.443 19196 explorer.exe  [WH] [local@context-menu-overhaul] [2648:LogHandlerCandidates]: Handler candidates for 'Open wit&h' (CompressedFolder): {b8cdcb65-b1bf-4b42-9428-1dfdb7ee92af}
02:18:45.444 19196 explorer.exe  [WH] [local@context-menu-overhaul] [2648:LogHandlerCandidates]: Handler candidates for 'Open wit&h' (SystemFileAssociations\.zip): {b8cdcb65-b1bf-4b42-9428-1dfdb7ee92af}
02:18:45.444 19196 explorer.exe  [WH] [local@context-menu-overhaul] [2648:LogHandlerCandidates]: Handler candidates for 'Open wit&h' (*): {C52B9871-E5E9-41FD-B84D-C5ACADBEC7AE}
02:18:45.444 19196 explorer.exe  [WH] [local@context-menu-overhaul] [2648:LogHandlerCandidates]: Handler candidates for 'Open wit&h' (*): 7-Zip, AccExt, Adobe.Acrobat.ContextMenu, ANotepad++64, EPP, IDriveMenu, Open With, Open With EncryptionMenu, Sharing, TortoiseSVN, WinRAR, WinRAR32
02:18:45.444 19196 explorer.exe  [WH] [local@context-menu-overhaul] [2648:LogHandlerCandidates]: Handler candidates for 'Open wit&h' (AllFilesystemObjects): ACShell, CopyAsPathMenu, DeleteFiles, MBAMShlExt, ModernSharing, SendTo, {474C98EE-CF3D-41f5-80E3-4AAB0AB04301}, {596AB062-B4D2-4215-9F74-E9109B0A8153}, {a2a9545d-a0c2-42b4-9708-a0b2badd77c8}
02:18:45.445 19196 explorer.exe  [WH] [local@context-menu-overhaul] [2691:ApplyRegistryIcons]: No registry icon for 'Open wit&h' (verb '')
02:18:45.446 33728 explorer.exe  [WH] [local@context-menu-overhaul] [2648:LogHandlerCandidates]: Handler candidates for 'Add to &Favorites' (ArchiveFolder): {EE07CEF5-3441-4CFB-870A-4002C724783A}
02:18:45.446 33728 explorer.exe  [WH] [local@context-menu-overhaul] [2648:LogHandlerCandidates]: Handler candidates for 'Add to &Favorites' (SystemFileAssociations\.rar): {EE07CEF5-3441-4CFB-870A-4002C724783A}
02:18:45.446 33728 explorer.exe  [WH] [local@context-menu-overhaul] [2648:LogHandlerCandidates]: Handler candidates for 'Add to &Favorites' (*): {C52B9871-E5E9-41FD-B84D-C5ACADBEC7AE}
02:18:45.446 33728 explorer.exe  [WH] [local@context-menu-overhaul] [2648:LogHandlerCandidates]: Handler candidates for 'Add to &Favorites' (*): 7-Zip, AccExt, Adobe.Acrobat.ContextMenu, ANotepad++64, EPP, IDriveMenu, Open With, Open With EncryptionMenu, Sharing, TortoiseSVN, WinRAR, WinRAR32
02:18:45.447 33728 explorer.exe  [WH] [local@context-menu-overhaul] [2648:LogHandlerCandidates]: Handler candidates for 'Add to &Favorites' (AllFilesystemObjects): ACShell, CopyAsPathMenu, DeleteFiles, MBAMShlExt, ModernSharing, SendTo, {474C98EE-CF3D-41f5-80E3-4AAB0AB04301}, {596AB062-B4D2-4215-9F74-E9109B0A8153}, {a2a9545d-a0c2-42b4-9708-a0b2badd77c8}
02:18:45.447 33728 explorer.exe  [WH] [local@context-menu-overhaul] [2691:ApplyRegistryIcons]: No registry icon for 'Add to &Favorites' (verb 'pintohomefile')
02:18:45.498 33728 explorer.exe  [WH] [local@context-menu-overhaul] [2648:LogHandlerCandidates]: Handler candidates for 'Ex&tract All...' (ArchiveFolder): {EE07CEF5-3441-4CFB-870A-4002C724783A}
02:18:45.498 33728 explorer.exe  [WH] [local@context-menu-overhaul] [2648:LogHandlerCandidates]: Handler candidates for 'Ex&tract All...' (SystemFileAssociations\.rar): {EE07CEF5-3441-4CFB-870A-4002C724783A}
02:18:45.499 33728 explorer.exe  [WH] [local@context-menu-overhaul] [2648:LogHandlerCandidates]: Handler candidates for 'Ex&tract All...' (*): {C52B9871-E5E9-41FD-B84D-C5ACADBEC7AE}
02:18:45.499 33728 explorer.exe  [WH] [local@context-menu-overhaul] [2648:LogHandlerCandidates]: Handler candidates for 'Ex&tract All...' (*): 7-Zip, AccExt, Adobe.Acrobat.ContextMenu, ANotepad++64, EPP, IDriveMenu, Open With, Open With EncryptionMenu, Sharing, TortoiseSVN, WinRAR, WinRAR32
02:18:45.499 33728 explorer.exe  [WH] [local@context-menu-overhaul] [2648:LogHandlerCandidates]: Handler candidates for 'Ex&tract All...' (AllFilesystemObjects): ACShell, CopyAsPathMenu, DeleteFiles, MBAMShlExt, ModernSharing, SendTo, {474C98EE-CF3D-41f5-80E3-4AAB0AB04301}, {596AB062-B4D2-4215-9F74-E9109B0A8153}, {a2a9545d-a0c2-42b4-9708-a0b2badd77c8}
02:18:45.500 33728 explorer.exe  [WH] [local@context-menu-overhaul] [2691:ApplyRegistryIcons]: No registry icon for 'Ex&tract All...' (verb 'extract')
02:18:45.508 33728 explorer.exe  [WH] [local@context-menu-overhaul] [2648:LogHandlerCandidates]: Handler candidates for 'Open wit&h' (ArchiveFolder): {EE07CEF5-3441-4CFB-870A-4002C724783A}
02:18:45.509 33728 explorer.exe  [WH] [local@context-menu-overhaul] [2648:LogHandlerCandidates]: Handler candidates for 'Open wit&h' (SystemFileAssociations\.rar): {EE07CEF5-3441-4CFB-870A-4002C724783A}
02:18:45.509 33728 explorer.exe  [WH] [local@context-menu-overhaul] [2648:LogHandlerCandidates]: Handler candidates for 'Open wit&h' (*): {C52B9871-E5E9-41FD-B84D-C5ACADBEC7AE}
02:18:45.510 33728 explorer.exe  [WH] [local@context-menu-overhaul] [2648:LogHandlerCandidates]: Handler candidates for 'Open wit&h' (*): 7-Zip, AccExt, Adobe.Acrobat.ContextMenu, ANotepad++64, EPP, IDriveMenu, Open With, Open With EncryptionMenu, Sharing, TortoiseSVN, WinRAR, WinRAR32
02:18:45.510 33728 explorer.exe  [WH] [local@context-menu-overhaul] [2648:LogHandlerCandidates]: Handler candidates for 'Open wit&h' (AllFilesystemObjects): ACShell, CopyAsPathMenu, DeleteFiles, MBAMShlExt, ModernSharing, SendTo, {474C98EE-CF3D-41f5-80E3-4AAB0AB04301}, {596AB062-B4D2-4215-9F74-E9109B0A8153}, {a2a9545d-a0c2-42b4-9708-a0b2badd77c8}
02:18:45.510 33728 explorer.exe  [WH] [local@context-menu-overhaul] [2691:ApplyRegistryIcons]: No registry icon for 'Open wit&h' (verb '')
02:18:45.527 19196 explorer.exe  [WH] [local@context-menu-overhaul] [2648:LogHandlerCandidates]: Handler candidates for 'Copy &as path' (CompressedFolder): {b8cdcb65-b1bf-4b42-9428-1dfdb7ee92af}
02:18:45.528 19196 explorer.exe  [WH] [local@context-menu-overhaul] [2648:LogHandlerCandidates]: Handler candidates for 'Copy &as path' (SystemFileAssociations\.zip): {b8cdcb65-b1bf-4b42-9428-1dfdb7ee92af}
02:18:45.528 19196 explorer.exe  [WH] [local@context-menu-overhaul] [2648:LogHandlerCandidates]: Handler candidates for 'Copy &as path' (*): {C52B9871-E5E9-41FD-B84D-C5ACADBEC7AE}
02:18:45.528 19196 explorer.exe  [WH] [local@context-menu-overhaul] [2648:LogHandlerCandidates]: Handler candidates for 'Copy &as path' (*): 7-Zip, AccExt, Adobe.Acrobat.ContextMenu, ANotepad++64, EPP, IDriveMenu, Open With, Open With EncryptionMenu, Sharing, TortoiseSVN, WinRAR, WinRAR32
02:18:45.529 19196 explorer.exe  [WH] [local@context-menu-overhaul] [2648:LogHandlerCandidates]: Handler candidates for 'Copy &as path' (AllFilesystemObjects): ACShell, CopyAsPathMenu, DeleteFiles, MBAMShlExt, ModernSharing, SendTo, {474C98EE-CF3D-41f5-80E3-4AAB0AB04301}, {596AB062-B4D2-4215-9F74-E9109B0A8153}, {a2a9545d-a0c2-42b4-9708-a0b2badd77c8}
02:18:45.529 19196 explorer.exe  [WH] [local@context-menu-overhaul] [2691:ApplyRegistryIcons]: No registry icon for 'Copy &as path' (verb 'copyaspath')
02:18:45.555 19196 explorer.exe  [WH] [local@context-menu-overhaul] [2648:LogHandlerCandidates]: Handler candidates for 'Restore previous &versions' (CompressedFolder): {b8cdcb65-b1bf-4b42-9428-1dfdb7ee92af}
02:18:45.555 19196 explorer.exe  [WH] [local@context-menu-overhaul] [2648:LogHandlerCandidates]: Handler candidates for 'Restore previous &versions' (SystemFileAssociations\.zip): {b8cdcb65-b1bf-4b42-9428-1dfdb7ee92af}
02:18:45.556 19196 explorer.exe  [WH] [local@context-menu-overhaul] [2648:LogHandlerCandidates]: Handler candidates for 'Restore previous &versions' (*): {C52B9871-E5E9-41FD-B84D-C5ACADBEC7AE}
02:18:45.556 19196 explorer.exe  [WH] [local@context-menu-overhaul] [2648:LogHandlerCandidates]: Handler candidates for 'Restore previous &versions' (*): 7-Zip, AccExt, Adobe.Acrobat.ContextMenu, ANotepad++64, EPP, IDriveMenu, Open With, Open With EncryptionMenu, Sharing, TortoiseSVN, WinRAR, WinRAR32
02:18:45.556 19196 explorer.exe  [WH] [local@context-menu-overhaul] [2648:LogHandlerCandidates]: Handler candidates for 'Restore previous &versions' (AllFilesystemObjects): ACShell, CopyAsPathMenu, DeleteFiles, MBAMShlExt, ModernSharing, SendTo, {474C98EE-CF3D-41f5-80E3-4AAB0AB04301}, {596AB062-B4D2-4215-9F74-E9109B0A8153}, {a2a9545d-a0c2-42b4-9708-a0b2badd77c8}
02:18:45.556 19196 explorer.exe  [WH] [local@context-menu-overhaul] [2691:ApplyRegistryIcons]: No registry icon for 'Restore previous &versions' (verb 'PreviousVersions')
02:18:45.568 33728 explorer.exe  [WH] [local@context-menu-overhaul] [2648:LogHandlerCandidates]: Handler candidates for 'Copy &as path' (ArchiveFolder): {EE07CEF5-3441-4CFB-870A-4002C724783A}
02:18:45.568 33728 explorer.exe  [WH] [local@context-menu-overhaul] [2648:LogHandlerCandidates]: Handler candidates for 'Copy &as path' (SystemFileAssociations\.rar): {EE07CEF5-3441-4CFB-870A-4002C724783A}
02:18:45.568 33728 explorer.exe  [WH] [local@context-menu-overhaul] [2648:LogHandlerCandidates]: Handler candidates for 'Copy &as path' (*): {C52B9871-E5E9-41FD-B84D-C5ACADBEC7AE}
02:18:45.568 33728 explorer.exe  [WH] [local@context-menu-overhaul] [2648:LogHandlerCandidates]: Handler candidates for 'Copy &as path' (*): 7-Zip, AccExt, Adobe.Acrobat.ContextMenu, ANotepad++64, EPP, IDriveMenu, Open With, Open With EncryptionMenu, Sharing, TortoiseSVN, WinRAR, WinRAR32
02:18:45.569 33728 explorer.exe  [WH] [local@context-menu-overhaul] [2648:LogHandlerCandidates]: Handler candidates for 'Copy &as path' (AllFilesystemObjects): ACShell, CopyAsPathMenu, DeleteFiles, MBAMShlExt, ModernSharing, SendTo, {474C98EE-CF3D-41f5-80E3-4AAB0AB04301}, {596AB062-B4D2-4215-9F74-E9109B0A8153}, {a2a9545d-a0c2-42b4-9708-a0b2badd77c8}
02:18:45.569 33728 explorer.exe  [WH] [local@context-menu-overhaul] [2691:ApplyRegistryIcons]: No registry icon for 'Copy &as path' (verb 'copyaspath')
02:18:45.595 33728 explorer.exe  [WH] [local@context-menu-overhaul] [2648:LogHandlerCandidates]: Handler candidates for 'Restore previous &versions' (ArchiveFolder): {EE07CEF5-3441-4CFB-870A-4002C724783A}
02:18:45.596 33728 explorer.exe  [WH] [local@context-menu-overhaul] [2648:LogHandlerCandidates]: Handler candidates for 'Restore previous &versions' (SystemFileAssociations\.rar): {EE07CEF5-3441-4CFB-870A-4002C724783A}
02:18:45.596 33728 explorer.exe  [WH] [local@context-menu-overhaul] [2648:LogHandlerCandidates]: Handler candidates for 'Restore previous &versions' (*): {C52B9871-E5E9-41FD-B84D-C5ACADBEC7AE}
02:18:45.596 33728 explorer.exe  [WH] [local@context-menu-overhaul] [2648:LogHandlerCandidates]: Handler candidates for 'Restore previous &versions' (*): 7-Zip, AccExt, Adobe.Acrobat.ContextMenu, ANotepad++64, EPP, IDriveMenu, Open With, Open With EncryptionMenu, Sharing, TortoiseSVN, WinRAR, WinRAR32
02:18:45.597 33728 explorer.exe  [WH] [local@context-menu-overhaul] [2648:LogHandlerCandidates]: Handler candidates for 'Restore previous &versions' (AllFilesystemObjects): ACShell, CopyAsPathMenu, DeleteFiles, MBAMShlExt, ModernSharing, SendTo, {474C98EE-CF3D-41f5-80E3-4AAB0AB04301}, {596AB062-B4D2-4215-9F74-E9109B0A8153}, {a2a9545d-a0c2-42b4-9708-a0b2badd77c8}
02:18:45.597 33728 explorer.exe  [WH] [local@context-menu-overhaul] [2691:ApplyRegistryIcons]: No registry icon for 'Restore previous &versions' (verb 'PreviousVersions')
02:18:45.639 19196 explorer.exe  [WH] [local@context-menu-overhaul] [2648:LogHandlerCandidates]: Handler candidates for 'Cu&t' (CompressedFolder): {b8cdcb65-b1bf-4b42-9428-1dfdb7ee92af}
02:18:45.639 19196 explorer.exe  [WH] [local@context-menu-overhaul] [2648:LogHandlerCandidates]: Handler candidates for 'Cu&t' (SystemFileAssociations\.zip): {b8cdcb65-b1bf-4b42-9428-1dfdb7ee92af}
02:18:45.640 19196 explorer.exe  [WH] [local@context-menu-overhaul] [2648:LogHandlerCandidates]: Handler candidates for 'Cu&t' (*): {C52B9871-E5E9-41FD-B84D-C5ACADBEC7AE}
02:18:45.640 19196 explorer.exe  [WH] [local@context-menu-overhaul] [2648:LogHandlerCandidates]: Handler candidates for 'Cu&t' (*): 7-Zip, AccExt, Adobe.Acrobat.ContextMenu, ANotepad++64, EPP, IDriveMenu, Open With, Open With EncryptionMenu, Sharing, TortoiseSVN, WinRAR, WinRAR32
02:18:45.640 19196 explorer.exe  [WH] [local@context-menu-overhaul] [2648:LogHandlerCandidates]: Handler candidates for 'Cu&t' (AllFilesystemObjects): ACShell, CopyAsPathMenu, DeleteFiles, MBAMShlExt, ModernSharing, SendTo, {474C98EE-CF3D-41f5-80E3-4AAB0AB04301}, {596AB062-B4D2-4215-9F74-E9109B0A8153}, {a2a9545d-a0c2-42b4-9708-a0b2badd77c8}
02:18:45.640 19196 explorer.exe  [WH] [local@context-menu-overhaul] [2691:ApplyRegistryIcons]: No registry icon for 'Cu&t' (verb 'cut')
02:18:45.650 19196 explorer.exe  [WH] [local@context-menu-overhaul] [2648:LogHandlerCandidates]: Handler candidates for '&Copy' (CompressedFolder): {b8cdcb65-b1bf-4b42-9428-1dfdb7ee92af}
02:18:45.650 19196 explorer.exe  [WH] [local@context-menu-overhaul] [2648:LogHandlerCandidates]: Handler candidates for '&Copy' (SystemFileAssociations\.zip): {b8cdcb65-b1bf-4b42-9428-1dfdb7ee92af}
02:18:45.650 19196 explorer.exe  [WH] [local@context-menu-overhaul] [2648:LogHandlerCandidates]: Handler candidates for '&Copy' (*): {C52B9871-E5E9-41FD-B84D-C5ACADBEC7AE}
02:18:45.650 19196 explorer.exe  [WH] [local@context-menu-overhaul] [2648:LogHandlerCandidates]: Handler candidates for '&Copy' (*): 7-Zip, AccExt, Adobe.Acrobat.ContextMenu, ANotepad++64, EPP, IDriveMenu, Open With, Open With EncryptionMenu, Sharing, TortoiseSVN, WinRAR, WinRAR32
02:18:45.650 19196 explorer.exe  [WH] [local@context-menu-overhaul] [2648:LogHandlerCandidates]: Handler candidates for '&Copy' (AllFilesystemObjects): ACShell, CopyAsPathMenu, DeleteFiles, MBAMShlExt, ModernSharing, SendTo, {474C98EE-CF3D-41f5-80E3-4AAB0AB04301}, {596AB062-B4D2-4215-9F74-E9109B0A8153}, {a2a9545d-a0c2-42b4-9708-a0b2badd77c8}
02:18:45.651 19196 explorer.exe  [WH] [local@context-menu-overhaul] [2691:ApplyRegistryIcons]: No registry icon for '&Copy' (verb 'copy')
02:18:45.660 19196 explorer.exe  [WH] [local@context-menu-overhaul] [2648:LogHandlerCandidates]: Handler candidates for 'Create &shortcut' (CompressedFolder): {b8cdcb65-b1bf-4b42-9428-1dfdb7ee92af}
02:18:45.661 19196 explorer.exe  [WH] [local@context-menu-overhaul] [2648:LogHandlerCandidates]: Handler candidates for 'Create &shortcut' (SystemFileAssociations\.zip): {b8cdcb65-b1bf-4b42-9428-1dfdb7ee92af}
02:18:45.661 19196 explorer.exe  [WH] [local@context-menu-overhaul] [2648:LogHandlerCandidates]: Handler candidates for 'Create &shortcut' (*): {C52B9871-E5E9-41FD-B84D-C5ACADBEC7AE}
02:18:45.662 19196 explorer.exe  [WH] [local@context-menu-overhaul] [2648:LogHandlerCandidates]: Handler candidates for 'Create &shortcut' (*): 7-Zip, AccExt, Adobe.Acrobat.ContextMenu, ANotepad++64, EPP, IDriveMenu, Open With, Open With EncryptionMenu, Sharing, TortoiseSVN, WinRAR, WinRAR32
02:18:45.662 19196 explorer.exe  [WH] [local@context-menu-overhaul] [2648:LogHandlerCandidates]: Handler candidates for 'Create &shortcut' (AllFilesystemObjects): ACShell, CopyAsPathMenu, DeleteFiles, MBAMShlExt, ModernSharing, SendTo, {474C98EE-CF3D-41f5-80E3-4AAB0AB04301}, {596AB062-B4D2-4215-9F74-E9109B0A8153}, {a2a9545d-a0c2-42b4-9708-a0b2badd77c8}
02:18:45.663 19196 explorer.exe  [WH] [local@context-menu-overhaul] [2691:ApplyRegistryIcons]: No registry icon for 'Create &shortcut' (verb 'link')
02:18:45.667 33728 explorer.exe  [WH] [local@context-menu-overhaul] [2648:LogHandlerCandidates]: Handler candidates for 'Cu&t' (ArchiveFolder): {EE07CEF5-3441-4CFB-870A-4002C724783A}
02:18:45.667 33728 explorer.exe  [WH] [local@context-menu-overhaul] [2648:LogHandlerCandidates]: Handler candidates for 'Cu&t' (SystemFileAssociations\.rar): {EE07CEF5-3441-4CFB-870A-4002C724783A}
02:18:45.668 33728 explorer.exe  [WH] [local@context-menu-overhaul] [2648:LogHandlerCandidates]: Handler candidates for 'Cu&t' (*): {C52B9871-E5E9-41FD-B84D-C5ACADBEC7AE}
02:18:45.668 33728 explorer.exe  [WH] [local@context-menu-overhaul] [2648:LogHandlerCandidates]: Handler candidates for 'Cu&t' (*): 7-Zip, AccExt, Adobe.Acrobat.ContextMenu, ANotepad++64, EPP, IDriveMenu, Open With, Open With EncryptionMenu, Sharing, TortoiseSVN, WinRAR, WinRAR32
02:18:45.668 33728 explorer.exe  [WH] [local@context-menu-overhaul] [2648:LogHandlerCandidates]: Handler candidates for 'Cu&t' (AllFilesystemObjects): ACShell, CopyAsPathMenu, DeleteFiles, MBAMShlExt, ModernSharing, SendTo, {474C98EE-CF3D-41f5-80E3-4AAB0AB04301}, {596AB062-B4D2-4215-9F74-E9109B0A8153}, {a2a9545d-a0c2-42b4-9708-a0b2badd77c8}
02:18:45.668 33728 explorer.exe  [WH] [local@context-menu-overhaul] [2691:ApplyRegistryIcons]: No registry icon for 'Cu&t' (verb 'cut')
02:18:45.672 19196 explorer.exe  [WH] [local@context-menu-overhaul] [2648:LogHandlerCandidates]: Handler candidates for '&Delete' (CompressedFolder): {b8cdcb65-b1bf-4b42-9428-1dfdb7ee92af}
02:18:45.673 19196 explorer.exe  [WH] [local@context-menu-overhaul] [2648:LogHandlerCandidates]: Handler candidates for '&Delete' (SystemFileAssociations\.zip): {b8cdcb65-b1bf-4b42-9428-1dfdb7ee92af}
02:18:45.673 19196 explorer.exe  [WH] [local@context-menu-overhaul] [2648:LogHandlerCandidates]: Handler candidates for '&Delete' (*): {C52B9871-E5E9-41FD-B84D-C5ACADBEC7AE}
02:18:45.673 19196 explorer.exe  [WH] [local@context-menu-overhaul] [2648:LogHandlerCandidates]: Handler candidates for '&Delete' (*): 7-Zip, AccExt, Adobe.Acrobat.ContextMenu, ANotepad++64, EPP, IDriveMenu, Open With, Open With EncryptionMenu, Sharing, TortoiseSVN, WinRAR, WinRAR32
02:18:45.673 19196 explorer.exe  [WH] [local@context-menu-overhaul] [2648:LogHandlerCandidates]: Handler candidates for '&Delete' (AllFilesystemObjects): ACShell, CopyAsPathMenu, DeleteFiles, MBAMShlExt, ModernSharing, SendTo, {474C98EE-CF3D-41f5-80E3-4AAB0AB04301}, {596AB062-B4D2-4215-9F74-E9109B0A8153}, {a2a9545d-a0c2-42b4-9708-a0b2badd77c8}
02:18:45.674 19196 explorer.exe  [WH] [local@context-menu-overhaul] [2691:ApplyRegistryIcons]: No registry icon for '&Delete' (verb 'delete')
02:18:45.675 33728 explorer.exe  [WH] [local@context-menu-overhaul] [2648:LogHandlerCandidates]: Handler candidates for '&Copy' (ArchiveFolder): {EE07CEF5-3441-4CFB-870A-4002C724783A}
02:18:45.675 33728 explorer.exe  [WH] [local@context-menu-overhaul] [2648:LogHandlerCandidates]: Handler candidates for '&Copy' (SystemFileAssociations\.rar): {EE07CEF5-3441-4CFB-870A-4002C724783A}
02:18:45.676 33728 explorer.exe  [WH] [local@context-menu-overhaul] [2648:LogHandlerCandidates]: Handler candidates for '&Copy' (*): {C52B9871-E5E9-41FD-B84D-C5ACADBEC7AE}
02:18:45.676 33728 explorer.exe  [WH] [local@context-menu-overhaul] [2648:LogHandlerCandidates]: Handler candidates for '&Copy' (*): 7-Zip, AccExt, Adobe.Acrobat.ContextMenu, ANotepad++64, EPP, IDriveMenu, Open With, Open With EncryptionMenu, Sharing, TortoiseSVN, WinRAR, WinRAR32
02:18:45.676 33728 explorer.exe  [WH] [local@context-menu-overhaul] [2648:LogHandlerCandidates]: Handler candidates for '&Copy' (AllFilesystemObjects): ACShell, CopyAsPathMenu, DeleteFiles, MBAMShlExt, ModernSharing, SendTo, {474C98EE-CF3D-41f5-80E3-4AAB0AB04301}, {596AB062-B4D2-4215-9F74-E9109B0A8153}, {a2a9545d-a0c2-42b4-9708-a0b2badd77c8}
02:18:45.676 33728 explorer.exe  [WH] [local@context-menu-overhaul] [2691:ApplyRegistryIcons]: No registry icon for '&Copy' (verb 'copy')
02:18:45.683 19196 explorer.exe  [WH] [local@context-menu-overhaul] [2648:LogHandlerCandidates]: Handler candidates for 'P&roperties' (CompressedFolder): {b8cdcb65-b1bf-4b42-9428-1dfdb7ee92af}
02:18:45.683 19196 explorer.exe  [WH] [local@context-menu-overhaul] [2648:LogHandlerCandidates]: Handler candidates for 'P&roperties' (SystemFileAssociations\.zip): {b8cdcb65-b1bf-4b42-9428-1dfdb7ee92af}
02:18:45.683 19196 explorer.exe  [WH] [local@context-menu-overhaul] [2648:LogHandlerCandidates]: Handler candidates for 'P&roperties' (*): {C52B9871-E5E9-41FD-B84D-C5ACADBEC7AE}
02:18:45.683 19196 explorer.exe  [WH] [local@context-menu-overhaul] [2648:LogHandlerCandidates]: Handler candidates for 'P&roperties' (*): 7-Zip, AccExt, Adobe.Acrobat.ContextMenu, ANotepad++64, EPP, IDriveMenu, Open With, Open With EncryptionMenu, Sharing, TortoiseSVN, WinRAR, WinRAR32
02:18:45.684 19196 explorer.exe  [WH] [local@context-menu-overhaul] [2648:LogHandlerCandidates]: Handler candidates for 'P&roperties' (AllFilesystemObjects): ACShell, CopyAsPathMenu, DeleteFiles, MBAMShlExt, ModernSharing, SendTo, {474C98EE-CF3D-41f5-80E3-4AAB0AB04301}, {596AB062-B4D2-4215-9F74-E9109B0A8153}, {a2a9545d-a0c2-42b4-9708-a0b2badd77c8}
02:18:45.684 19196 explorer.exe  [WH] [local@context-menu-overhaul] [2691:ApplyRegistryIcons]: No registry icon for 'P&roperties' (verb 'properties')
02:18:45.685 33728 explorer.exe  [WH] [local@context-menu-overhaul] [2648:LogHandlerCandidates]: Handler candidates for 'Create &shortcut' (ArchiveFolder): {EE07CEF5-3441-4CFB-870A-4002C724783A}
02:18:45.685 33728 explorer.exe  [WH] [local@context-menu-overhaul] [2648:LogHandlerCandidates]: Handler candidates for 'Create &shortcut' (SystemFileAssociations\.rar): {EE07CEF5-3441-4CFB-870A-4002C724783A}
02:18:45.685 33728 explorer.exe  [WH] [local@context-menu-overhaul] [2648:LogHandlerCandidates]: Handler candidates for 'Create &shortcut' (*): {C52B9871-E5E9-41FD-B84D-C5ACADBEC7AE}
02:18:45.685 33728 explorer.exe  [WH] [local@context-menu-overhaul] [2648:LogHandlerCandidates]: Handler candidates for 'Create &shortcut' (*): 7-Zip, AccExt, Adobe.Acrobat.ContextMenu, ANotepad++64, EPP, IDriveMenu, Open With, Open With EncryptionMenu, Sharing, TortoiseSVN, WinRAR, WinRAR32
02:18:45.686 33728 explorer.exe  [WH] [local@context-menu-overhaul] [2648:LogHandlerCandidates]: Handler candidates for 'Create &shortcut' (AllFilesystemObjects): ACShell, CopyAsPathMenu, DeleteFiles, MBAMShlExt, ModernSharing, SendTo, {474C98EE-CF3D-41f5-80E3-4AAB0AB04301}, {596AB062-B4D2-4215-9F74-E9109B0A8153}, {a2a9545d-a0c2-42b4-9708-a0b2badd77c8}
02:18:45.686 33728 explorer.exe  [WH] [local@context-menu-overhaul] [2691:ApplyRegistryIcons]: No registry icon for 'Create &shortcut' (verb 'link')
02:18:45.694 33728 explorer.exe  [WH] [local@context-menu-overhaul] [2648:LogHandlerCandidates]: Handler candidates for '&Delete' (ArchiveFolder): {EE07CEF5-3441-4CFB-870A-4002C724783A}
02:18:45.695 33728 explorer.exe  [WH] [local@context-menu-overhaul] [2648:LogHandlerCandidates]: Handler candidates for '&Delete' (SystemFileAssociations\.rar): {EE07CEF5-3441-4CFB-870A-4002C724783A}
02:18:45.695 33728 explorer.exe  [WH] [local@context-menu-overhaul] [2648:LogHandlerCandidates]: Handler candidates for '&Delete' (*): {C52B9871-E5E9-41FD-B84D-C5ACADBEC7AE}
02:18:45.695 33728 explorer.exe  [WH] [local@context-menu-overhaul] [2648:LogHandlerCandidates]: Handler candidates for '&Delete' (*): 7-Zip, AccExt, Adobe.Acrobat.ContextMenu, ANotepad++64, EPP, IDriveMenu, Open With, Open With EncryptionMenu, Sharing, TortoiseSVN, WinRAR, WinRAR32
02:18:45.696 33728 explorer.exe  [WH] [local@context-menu-overhaul] [2648:LogHandlerCandidates]: Handler candidates for '&Delete' (AllFilesystemObjects): ACShell, CopyAsPathMenu, DeleteFiles, MBAMShlExt, ModernSharing, SendTo, {474C98EE-CF3D-41f5-80E3-4AAB0AB04301}, {596AB062-B4D2-4215-9F74-E9109B0A8153}, {a2a9545d-a0c2-42b4-9708-a0b2badd77c8}
02:18:45.696 33728 explorer.exe  [WH] [local@context-menu-overhaul] [2691:ApplyRegistryIcons]: No registry icon for '&Delete' (verb 'delete')
02:18:45.709 33728 explorer.exe  [WH] [local@context-menu-overhaul] [2648:LogHandlerCandidates]: Handler candidates for 'P&roperties' (ArchiveFolder): {EE07CEF5-3441-4CFB-870A-4002C724783A}
02:18:45.709 33728 explorer.exe  [WH] [local@context-menu-overhaul] [2648:LogHandlerCandidates]: Handler candidates for 'P&roperties' (SystemFileAssociations\.rar): {EE07CEF5-3441-4CFB-870A-4002C724783A}
02:18:45.710 33728 explorer.exe  [WH] [local@context-menu-overhaul] [2648:LogHandlerCandidates]: Handler candidates for 'P&roperties' (*): {C52B9871-E5E9-41FD-B84D-C5ACADBEC7AE}
02:18:45.710 33728 explorer.exe  [WH] [local@context-menu-overhaul] [2648:LogHandlerCandidates]: Handler candidates for 'P&roperties' (*): 7-Zip, AccExt, Adobe.Acrobat.ContextMenu, ANotepad++64, EPP, IDriveMenu, Open With, Open With EncryptionMenu, Sharing, TortoiseSVN, WinRAR, WinRAR32
02:18:45.710 33728 explorer.exe  [WH] [local@context-menu-overhaul] [2648:LogHandlerCandidates]: Handler candidates for 'P&roperties' (AllFilesystemObjects): ACShell, CopyAsPathMenu, DeleteFiles, MBAMShlExt, ModernSharing, SendTo, {474C98EE-CF3D-41f5-80E3-4AAB0AB04301}, {596AB062-B4D2-4215-9F74-E9109B0A8153}, {a2a9545d-a0c2-42b4-9708-a0b2badd77c8}
02:18:45.711 33728 explorer.exe  [WH] [local@context-menu-overhaul] [2691:ApplyRegistryIcons]: No registry icon for 'P&roperties' (verb 'properties')
02:18:45.863 19196 explorer.exe  [WH] [local@context-menu-overhaul] [2648:LogHandlerCandidates]: Handler candidates for '&Open' (ArchiveFolder): {EE07CEF5-3441-4CFB-870A-4002C724783A}
02:18:45.863 19196 explorer.exe  [WH] [local@context-menu-overhaul] [2648:LogHandlerCandidates]: Handler candidates for '&Open' (SystemFileAssociations\.rar): {EE07CEF5-3441-4CFB-870A-4002C724783A}
02:18:45.864 19196 explorer.exe  [WH] [local@context-menu-overhaul] [2648:LogHandlerCandidates]: Handler candidates for '&Open' (*): {C52B9871-E5E9-41FD-B84D-C5ACADBEC7AE}
02:18:45.864 19196 explorer.exe  [WH] [local@context-menu-overhaul] [2648:LogHandlerCandidates]: Handler candidates for '&Open' (*): 7-Zip, AccExt, Adobe.Acrobat.ContextMenu, ANotepad++64, EPP, IDriveMenu, Open With, Open With EncryptionMenu, Sharing, TortoiseSVN, WinRAR, WinRAR32
02:18:45.864 19196 explorer.exe  [WH] [local@context-menu-overhaul] [2648:LogHandlerCandidates]: Handler candidates for '&Open' (AllFilesystemObjects): ACShell, CopyAsPathMenu, DeleteFiles, MBAMShlExt, ModernSharing, SendTo, {474C98EE-CF3D-41f5-80E3-4AAB0AB04301}, {596AB062-B4D2-4215-9F74-E9109B0A8153}, {a2a9545d-a0c2-42b4-9708-a0b2badd77c8}
02:18:45.864 19196 explorer.exe  [WH] [local@context-menu-overhaul] [2691:ApplyRegistryIcons]: No registry icon for '&Open' (verb 'open')
02:18:45.865 19196 explorer.exe  [WH] [local@context-menu-overhaul] [2648:LogHandlerCandidates]: Handler candidates for '' (ArchiveFolder): {EE07CEF5-3441-4CFB-870A-4002C724783A}
02:18:45.865 19196 explorer.exe  [WH] [local@context-menu-overhaul] [2648:LogHandlerCandidates]: Handler candidates for '' (SystemFileAssociations\.rar): {EE07CEF5-3441-4CFB-870A-4002C724783A}
02:18:45.865 19196 explorer.exe  [WH] [local@context-menu-overhaul] [2648:LogHandlerCandidates]: Handler candidates for '' (*): {C52B9871-E5E9-41FD-B84D-C5ACADBEC7AE}
02:18:45.865 19196 explorer.exe  [WH] [local@context-menu-overhaul] [2648:LogHandlerCandidates]: Handler candidates for '' (*): 7-Zip, AccExt, Adobe.Acrobat.ContextMenu, ANotepad++64, EPP, IDriveMenu, Open With, Open With EncryptionMenu, Sharing, TortoiseSVN, WinRAR, WinRAR32
02:18:45.865 19196 explorer.exe  [WH] [local@context-menu-overhaul] [2648:LogHandlerCandidates]: Handler candidates for '' (AllFilesystemObjects): ACShell, CopyAsPathMenu, DeleteFiles, MBAMShlExt, ModernSharing, SendTo, {474C98EE-CF3D-41f5-80E3-4AAB0AB04301}, {596AB062-B4D2-4215-9F74-E9109B0A8153}, {a2a9545d-a0c2-42b4-9708-a0b2badd77c8}
02:18:45.867 19196 explorer.exe  [WH] [local@context-menu-overhaul] [2691:ApplyRegistryIcons]: No registry icon for '' (verb '')
02:18:45.895 19196 explorer.exe  [WH] [local@context-menu-overhaul] [2648:LogHandlerCandidates]: Handler candidates for 'Add to &Favorites' (ArchiveFolder): {EE07CEF5-3441-4CFB-870A-4002C724783A}
02:18:45.895 19196 explorer.exe  [WH] [local@context-menu-overhaul] [2648:LogHandlerCandidates]: Handler candidates for 'Add to &Favorites' (SystemFileAssociations\.rar): {EE07CEF5-3441-4CFB-870A-4002C724783A}
02:18:45.895 19196 explorer.exe  [WH] [local@context-menu-overhaul] [2648:LogHandlerCandidates]: Handler candidates for 'Add to &Favorites' (*): {C52B9871-E5E9-41FD-B84D-C5ACADBEC7AE}
02:18:45.896 33728 explorer.exe  [WH] [local@context-menu-overhaul] [2648:LogHandlerCandidates]: Handler candidates for '&Open' (ArchiveFolder): {EE07CEF5-3441-4CFB-870A-4002C724783A}
02:18:45.896 19196 explorer.exe  [WH] [local@context-menu-overhaul] [2648:LogHandlerCandidates]: Handler candidates for 'Add to &Favorites' (*): 7-Zip, AccExt, Adobe.Acrobat.ContextMenu, ANotepad++64, EPP, IDriveMenu, Open With, Open With EncryptionMenu, Sharing, TortoiseSVN, WinRAR, WinRAR32
02:18:45.896 33728 explorer.exe  [WH] [local@context-menu-overhaul] [2648:LogHandlerCandidates]: Handler candidates for '&Open' (SystemFileAssociations\.7z): {EE07CEF5-3441-4CFB-870A-4002C724783A}
02:18:45.896 19196 explorer.exe  [WH] [local@context-menu-overhaul] [2648:LogHandlerCandidates]: Handler candidates for 'Add to &Favorites' (AllFilesystemObjects): ACShell, CopyAsPathMenu, DeleteFiles, MBAMShlExt, ModernSharing, SendTo, {474C98EE-CF3D-41f5-80E3-4AAB0AB04301}, {596AB062-B4D2-4215-9F74-E9109B0A8153}, {a2a9545d-a0c2-42b4-9708-a0b2badd77c8}
02:18:45.897 33728 explorer.exe  [WH] [local@context-menu-overhaul] [2648:LogHandlerCandidates]: Handler candidates for '&Open' (*): {C52B9871-E5E9-41FD-B84D-C5ACADBEC7AE}
02:18:45.897 19196 explorer.exe  [WH] [local@context-menu-overhaul] [2691:ApplyRegistryIcons]: No registry icon for 'Add to &Favorites' (verb 'pintohomefile')
02:18:45.897 33728 explorer.exe  [WH] [local@context-menu-overhaul] [2648:LogHandlerCandidates]: Handler candidates for '&Open' (*): 7-Zip, AccExt, Adobe.Acrobat.ContextMenu, ANotepad++64, EPP, IDriveMenu, Open With, Open With EncryptionMenu, Sharing, TortoiseSVN, WinRAR, WinRAR32
02:18:45.898 33728 explorer.exe  [WH] [local@context-menu-overhaul] [2648:LogHandlerCandidates]: Handler candidates for '&Open' (AllFilesystemObjects): ACShell, CopyAsPathMenu, DeleteFiles, MBAMShlExt, ModernSharing, SendTo, {474C98EE-CF3D-41f5-80E3-4AAB0AB04301}, {596AB062-B4D2-4215-9F74-E9109B0A8153}, {a2a9545d-a0c2-42b4-9708-a0b2badd77c8}
02:18:45.898 33728 explorer.exe  [WH] [local@context-menu-overhaul] [2691:ApplyRegistryIcons]: No registry icon for '&Open' (verb 'open')
02:18:45.898 33728 explorer.exe  [WH] [local@context-menu-overhaul] [2648:LogHandlerCandidates]: Handler candidates for '' (ArchiveFolder): {EE07CEF5-3441-4CFB-870A-4002C724783A}
02:18:45.899 33728 explorer.exe  [WH] [local@context-menu-overhaul] [2648:LogHandlerCandidates]: Handler candidates for '' (SystemFileAssociations\.7z): {EE07CEF5-3441-4CFB-870A-4002C724783A}
02:18:45.899 33728 explorer.exe  [WH] [local@context-menu-overhaul] [2648:LogHandlerCandidates]: Handler candidates for '' (*): {C52B9871-E5E9-41FD-B84D-C5ACADBEC7AE}
02:18:45.899 33728 explorer.exe  [WH] [local@context-menu-overhaul] [2648:LogHandlerCandidates]: Handler candidates for '' (*): 7-Zip, AccExt, Adobe.Acrobat.ContextMenu, ANotepad++64, EPP, IDriveMenu, Open With, Open With EncryptionMenu, Sharing, TortoiseSVN, WinRAR, WinRAR32
02:18:45.899 33728 explorer.exe  [WH] [local@context-menu-overhaul] [2648:LogHandlerCandidates]: Handler candidates for '' (AllFilesystemObjects): ACShell, CopyAsPathMenu, DeleteFiles, MBAMShlExt, ModernSharing, SendTo, {474C98EE-CF3D-41f5-80E3-4AAB0AB04301}, {596AB062-B4D2-4215-9F74-E9109B0A8153}, {a2a9545d-a0c2-42b4-9708-a0b2badd77c8}
02:18:45.900 33728 explorer.exe  [WH] [local@context-menu-overhaul] [2691:ApplyRegistryIcons]: No registry icon for '' (verb '')
02:18:45.913 33728 explorer.exe  [WH] [local@context-menu-overhaul] [2648:LogHandlerCandidates]: Handler candidates for 'Add to &Favorites' (ArchiveFolder): {EE07CEF5-3441-4CFB-870A-4002C724783A}
02:18:45.913 33728 explorer.exe  [WH] [local@context-menu-overhaul] [2648:LogHandlerCandidates]: Handler candidates for 'Add to &Favorites' (SystemFileAssociations\.7z): {EE07CEF5-3441-4CFB-870A-4002C724783A}
02:18:45.913 33728 explorer.exe  [WH] [local@context-menu-overhaul] [2648:LogHandlerCandidates]: Handler candidates for 'Add to &Favorites' (*): {C52B9871-E5E9-41FD-B84D-C5ACADBEC7AE}
02:18:45.913 33728 explorer.exe  [WH] [local@context-menu-overhaul] [2648:LogHandlerCandidates]: Handler candidates for 'Add to &Favorites' (*): 7-Zip, AccExt, Adobe.Acrobat.ContextMenu, ANotepad++64, EPP, IDriveMenu, Open With, Open With EncryptionMenu, Sharing, TortoiseSVN, WinRAR, WinRAR32
02:18:45.913 33728 explorer.exe  [WH] [local@context-menu-overhaul] [2648:LogHandlerCandidates]: Handler candidates for 'Add to &Favorites' (AllFilesystemObjects): ACShell, CopyAsPathMenu, DeleteFiles, MBAMShlExt, ModernSharing, SendTo, {474C98EE-CF3D-41f5-80E3-4AAB0AB04301}, {596AB062-B4D2-4215-9F74-E9109B0A8153}, {a2a9545d-a0c2-42b4-9708-a0b2badd77c8}
02:18:45.914 33728 explorer.exe  [WH] [local@context-menu-overhaul] [2691:ApplyRegistryIcons]: No registry icon for 'Add to &Favorites' (verb 'pintohomefile')
02:18:45.947 19196 explorer.exe  [WH] [local@context-menu-overhaul] [2648:LogHandlerCandidates]: Handler candidates for 'Ex&tract All...' (ArchiveFolder): {EE07CEF5-3441-4CFB-870A-4002C724783A}
02:18:45.947 19196 explorer.exe  [WH] [local@context-menu-overhaul] [2648:LogHandlerCandidates]: Handler candidates for 'Ex&tract All...' (SystemFileAssociations\.rar): {EE07CEF5-3441-4CFB-870A-4002C724783A}
02:18:45.947 19196 explorer.exe  [WH] [local@context-menu-overhaul] [2648:LogHandlerCandidates]: Handler candidates for 'Ex&tract All...' (*): {C52B9871-E5E9-41FD-B84D-C5ACADBEC7AE}
02:18:45.947 19196 explorer.exe  [WH] [local@context-menu-overhaul] [2648:LogHandlerCandidates]: Handler candidates for 'Ex&tract All...' (*): 7-Zip, AccExt, Adobe.Acrobat.ContextMenu, ANotepad++64, EPP, IDriveMenu, Open With, Open With EncryptionMenu, Sharing, TortoiseSVN, WinRAR, WinRAR32
02:18:45.947 19196 explorer.exe  [WH] [local@context-menu-overhaul] [2648:LogHandlerCandidates]: Handler candidates for 'Ex&tract All...' (AllFilesystemObjects): ACShell, CopyAsPathMenu, DeleteFiles, MBAMShlExt, ModernSharing, SendTo, {474C98EE-CF3D-41f5-80E3-4AAB0AB04301}, {596AB062-B4D2-4215-9F74-E9109B0A8153}, {a2a9545d-a0c2-42b4-9708-a0b2badd77c8}
02:18:45.947 19196 explorer.exe  [WH] [local@context-menu-overhaul] [2691:ApplyRegistryIcons]: No registry icon for 'Ex&tract All...' (verb 'extract')
02:18:45.954 33728 explorer.exe  [WH] [local@context-menu-overhaul] [2648:LogHandlerCandidates]: Handler candidates for 'Ex&tract All...' (ArchiveFolder): {EE07CEF5-3441-4CFB-870A-4002C724783A}
02:18:45.955 33728 explorer.exe  [WH] [local@context-menu-overhaul] [2648:LogHandlerCandidates]: Handler candidates for 'Ex&tract All...' (SystemFileAssociations\.7z): {EE07CEF5-3441-4CFB-870A-4002C724783A}
02:18:45.955 33728 explorer.exe  [WH] [local@context-menu-overhaul] [2648:LogHandlerCandidates]: Handler candidates for 'Ex&tract All...' (*): {C52B9871-E5E9-41FD-B84D-C5ACADBEC7AE}
02:18:45.955 33728 explorer.exe  [WH] [local@context-menu-overhaul] [2648:LogHandlerCandidates]: Handler candidates for 'Ex&tract All...' (*): 7-Zip, AccExt, Adobe.Acrobat.ContextMenu, ANotepad++64, EPP, IDriveMenu, Open With, Open With EncryptionMenu, Sharing, TortoiseSVN, WinRAR, WinRAR32
02:18:45.955 33728 explorer.exe  [WH] [local@context-menu-overhaul] [2648:LogHandlerCandidates]: Handler candidates for 'Ex&tract All...' (AllFilesystemObjects): ACShell, CopyAsPathMenu, DeleteFiles, MBAMShlExt, ModernSharing, SendTo, {474C98EE-CF3D-41f5-80E3-4AAB0AB04301}, {596AB062-B4D2-4215-9F74-E9109B0A8153}, {a2a9545d-a0c2-42b4-9708-a0b2badd77c8}
02:18:45.956 33728 explorer.exe  [WH] [local@context-menu-overhaul] [2691:ApplyRegistryIcons]: No registry icon for 'Ex&tract All...' (verb 'extract')
02:18:45.960 19196 explorer.exe  [WH] [local@context-menu-overhaul] [2648:LogHandlerCandidates]: Handler candidates for 'Open wit&h' (ArchiveFolder): {EE07CEF5-3441-4CFB-870A-4002C724783A}
02:18:45.960 19196 explorer.exe  [WH] [local@context-menu-overhaul] [2648:LogHandlerCandidates]: Handler candidates for 'Open wit&h' (SystemFileAssociations\.rar): {EE07CEF5-3441-4CFB-870A-4002C724783A}
02:18:45.960 19196 explorer.exe  [WH] [local@context-menu-overhaul] [2648:LogHandlerCandidates]: Handler candidates for 'Open wit&h' (*): {C52B9871-E5E9-41FD-B84D-C5ACADBEC7AE}
02:18:45.960 19196 explorer.exe  [WH] [local@context-menu-overhaul] [2648:LogHandlerCandidates]: Handler candidates for 'Open wit&h' (*): 7-Zip, AccExt, Adobe.Acrobat.ContextMenu, ANotepad++64, EPP, IDriveMenu, Open With, Open With EncryptionMenu, Sharing, TortoiseSVN, WinRAR, WinRAR32
02:18:45.961 19196 explorer.exe  [WH] [local@context-menu-overhaul] [2648:LogHandlerCandidates]: Handler candidates for 'Open wit&h' (AllFilesystemObjects): ACShell, CopyAsPathMenu, DeleteFiles, MBAMShlExt, ModernSharing, SendTo, {474C98EE-CF3D-41f5-80E3-4AAB0AB04301}, {596AB062-B4D2-4215-9F74-E9109B0A8153}, {a2a9545d-a0c2-42b4-9708-a0b2badd77c8}
02:18:45.961 19196 explorer.exe  [WH] [local@context-menu-overhaul] [2691:ApplyRegistryIcons]: No registry icon for 'Open wit&h' (verb '')
02:18:45.964 33728 explorer.exe  [WH] [local@context-menu-overhaul] [2648:LogHandlerCandidates]: Handler candidates for 'Open wit&h' (ArchiveFolder): {EE07CEF5-3441-4CFB-870A-4002C724783A}
02:18:45.964 33728 explorer.exe  [WH] [local@context-menu-overhaul] [2648:LogHandlerCandidates]: Handler candidates for 'Open wit&h' (SystemFileAssociations\.7z): {EE07CEF5-3441-4CFB-870A-4002C724783A}
02:18:45.964 33728 explorer.exe  [WH] [local@context-menu-overhaul] [2648:LogHandlerCandidates]: Handler candidates for 'Open wit&h' (*): {C52B9871-E5E9-41FD-B84D-C5ACADBEC7AE}
02:18:45.965 33728 explorer.exe  [WH] [local@context-menu-overhaul] [2648:LogHandlerCandidates]: Handler candidates for 'Open wit&h' (*): 7-Zip, AccExt, Adobe.Acrobat.ContextMenu, ANotepad++64, EPP, IDriveMenu, Open With, Open With EncryptionMenu, Sharing, TortoiseSVN, WinRAR, WinRAR32
02:18:45.965 33728 explorer.exe  [WH] [local@context-menu-overhaul] [2648:LogHandlerCandidates]: Handler candidates for 'Open wit&h' (AllFilesystemObjects): ACShell, CopyAsPathMenu, DeleteFiles, MBAMShlExt, ModernSharing, SendTo, {474C98EE-CF3D-41f5-80E3-4AAB0AB04301}, {596AB062-B4D2-4215-9F74-E9109B0A8153}, {a2a9545d-a0c2-42b4-9708-a0b2badd77c8}
02:18:45.965 33728 explorer.exe  [WH] [local@context-menu-overhaul] [2691:ApplyRegistryIcons]: No registry icon for 'Open wit&h' (verb '')
02:18:46.030 33728 explorer.exe  [WH] [local@context-menu-overhaul] [2648:LogHandlerCandidates]: Handler candidates for 'Copy &as path' (ArchiveFolder): {EE07CEF5-3441-4CFB-870A-4002C724783A}
02:18:46.030 33728 explorer.exe  [WH] [local@context-menu-overhaul] [2648:LogHandlerCandidates]: Handler candidates for 'Copy &as path' (SystemFileAssociations\.7z): {EE07CEF5-3441-4CFB-870A-4002C724783A}
02:18:46.030 33728 explorer.exe  [WH] [local@context-menu-overhaul] [2648:LogHandlerCandidates]: Handler candidates for 'Copy &as path' (*): {C52B9871-E5E9-41FD-B84D-C5ACADBEC7AE}
02:18:46.030 33728 explorer.exe  [WH] [local@context-menu-overhaul] [2648:LogHandlerCandidates]: Handler candidates for 'Copy &as path' (*): 7-Zip, AccExt, Adobe.Acrobat.ContextMenu, ANotepad++64, EPP, IDriveMenu, Open With, Open With EncryptionMenu, Sharing, TortoiseSVN, WinRAR, WinRAR32
02:18:46.030 33728 explorer.exe  [WH] [local@context-menu-overhaul] [2648:LogHandlerCandidates]: Handler candidates for 'Copy &as path' (AllFilesystemObjects): ACShell, CopyAsPathMenu, DeleteFiles, MBAMShlExt, ModernSharing, SendTo, {474C98EE-CF3D-41f5-80E3-4AAB0AB04301}, {596AB062-B4D2-4215-9F74-E9109B0A8153}, {a2a9545d-a0c2-42b4-9708-a0b2badd77c8}
02:18:46.030 33728 explorer.exe  [WH] [local@context-menu-overhaul] [2691:ApplyRegistryIcons]: No registry icon for 'Copy &as path' (verb 'copyaspath')
02:18:46.040 19196 explorer.exe  [WH] [local@context-menu-overhaul] [2648:LogHandlerCandidates]: Handler candidates for 'Copy &as path' (ArchiveFolder): {EE07CEF5-3441-4CFB-870A-4002C724783A}
02:18:46.040 19196 explorer.exe  [WH] [local@context-menu-overhaul] [2648:LogHandlerCandidates]: Handler candidates for 'Copy &as path' (SystemFileAssociations\.rar): {EE07CEF5-3441-4CFB-870A-4002C724783A}
02:18:46.040 19196 explorer.exe  [WH] [local@context-menu-overhaul] [2648:LogHandlerCandidates]: Handler candidates for 'Copy &as path' (*): {C52B9871-E5E9-41FD-B84D-C5ACADBEC7AE}
02:18:46.042 19196 explorer.exe  [WH] [local@context-menu-overhaul] [2648:LogHandlerCandidates]: Handler candidates for 'Copy &as path' (*): 7-Zip, AccExt, Adobe.Acrobat.ContextMenu, ANotepad++64, EPP, IDriveMenu, Open With, Open With EncryptionMenu, Sharing, TortoiseSVN, WinRAR, WinRAR32
02:18:46.042 19196 explorer.exe  [WH] [local@context-menu-overhaul] [2648:LogHandlerCandidates]: Handler candidates for 'Copy &as path' (AllFilesystemObjects): ACShell, CopyAsPathMenu, DeleteFiles, MBAMShlExt, ModernSharing, SendTo, {474C98EE-CF3D-41f5-80E3-4AAB0AB04301}, {596AB062-B4D2-4215-9F74-E9109B0A8153}, {a2a9545d-a0c2-42b4-9708-a0b2badd77c8}
02:18:46.042 19196 explorer.exe  [WH] [local@context-menu-overhaul] [2691:ApplyRegistryIcons]: No registry icon for 'Copy &as path' (verb 'copyaspath')
02:18:46.050 33728 explorer.exe  [WH] [local@context-menu-overhaul] [2648:LogHandlerCandidates]: Handler candidates for 'Restore previous &versions' (ArchiveFolder): {EE07CEF5-3441-4CFB-870A-4002C724783A}
02:18:46.050 33728 explorer.exe  [WH] [local@context-menu-overhaul] [2648:LogHandlerCandidates]: Handler candidates for 'Restore previous &versions' (SystemFileAssociations\.7z): {EE07CEF5-3441-4CFB-870A-4002C724783A}
02:18:46.050 33728 explorer.exe  [WH] [local@context-menu-overhaul] [2648:LogHandlerCandidates]: Handler candidates for 'Restore previous &versions' (*): {C52B9871-E5E9-41FD-B84D-C5ACADBEC7AE}
02:18:46.051 33728 explorer.exe  [WH] [local@context-menu-overhaul] [2648:LogHandlerCandidates]: Handler candidates for 'Restore previous &versions' (*): 7-Zip, AccExt, Adobe.Acrobat.ContextMenu, ANotepad++64, EPP, IDriveMenu, Open With, Open With EncryptionMenu, Sharing, TortoiseSVN, WinRAR, WinRAR32
02:18:46.051 33728 explorer.exe  [WH] [local@context-menu-overhaul] [2648:LogHandlerCandidates]: Handler candidates for 'Restore previous &versions' (AllFilesystemObjects): ACShell, CopyAsPathMenu, DeleteFiles, MBAMShlExt, ModernSharing, SendTo, {474C98EE-CF3D-41f5-80E3-4AAB0AB04301}, {596AB062-B4D2-4215-9F74-E9109B0A8153}, {a2a9545d-a0c2-42b4-9708-a0b2badd77c8}
02:18:46.051 33728 explorer.exe  [WH] [local@context-menu-overhaul] [2691:ApplyRegistryIcons]: No registry icon for 'Restore previous &versions' (verb 'PreviousVersions')
02:18:46.067 19196 explorer.exe  [WH] [local@context-menu-overhaul] [2648:LogHandlerCandidates]: Handler candidates for 'Restore previous &versions' (ArchiveFolder): {EE07CEF5-3441-4CFB-870A-4002C724783A}
02:18:46.067 19196 explorer.exe  [WH] [local@context-menu-overhaul] [2648:LogHandlerCandidates]: Handler candidates for 'Restore previous &versions' (SystemFileAssociations\.rar): {EE07CEF5-3441-4CFB-870A-4002C724783A}
02:18:46.067 19196 explorer.exe  [WH] [local@context-menu-overhaul] [2648:LogHandlerCandidates]: Handler candidates for 'Restore previous &versions' (*): {C52B9871-E5E9-41FD-B84D-C5ACADBEC7AE}
02:18:46.068 19196 explorer.exe  [WH] [local@context-menu-overhaul] [2648:LogHandlerCandidates]: Handler candidates for 'Restore previous &versions' (*): 7-Zip, AccExt, Adobe.Acrobat.ContextMenu, ANotepad++64, EPP, IDriveMenu, Open With, Open With EncryptionMenu, Sharing, TortoiseSVN, WinRAR, WinRAR32
02:18:46.068 19196 explorer.exe  [WH] [local@context-menu-overhaul] [2648:LogHandlerCandidates]: Handler candidates for 'Restore previous &versions' (AllFilesystemObjects): ACShell, CopyAsPathMenu, DeleteFiles, MBAMShlExt, ModernSharing, SendTo, {474C98EE-CF3D-41f5-80E3-4AAB0AB04301}, {596AB062-B4D2-4215-9F74-E9109B0A8153}, {a2a9545d-a0c2-42b4-9708-a0b2badd77c8}
02:18:46.068 19196 explorer.exe  [WH] [local@context-menu-overhaul] [2691:ApplyRegistryIcons]: No registry icon for 'Restore previous &versions' (verb 'PreviousVersions')
02:18:46.126 33728 explorer.exe  [WH] [local@context-menu-overhaul] [2648:LogHandlerCandidates]: Handler candidates for 'Cu&t' (ArchiveFolder): {EE07CEF5-3441-4CFB-870A-4002C724783A}
02:18:46.126 33728 explorer.exe  [WH] [local@context-menu-overhaul] [2648:LogHandlerCandidates]: Handler candidates for 'Cu&t' (SystemFileAssociations\.7z): {EE07CEF5-3441-4CFB-870A-4002C724783A}
02:18:46.126 33728 explorer.exe  [WH] [local@context-menu-overhaul] [2648:LogHandlerCandidates]: Handler candidates for 'Cu&t' (*): {C52B9871-E5E9-41FD-B84D-C5ACADBEC7AE}
02:18:46.126 33728 explorer.exe  [WH] [local@context-menu-overhaul] [2648:LogHandlerCandidates]: Handler candidates for 'Cu&t' (*): 7-Zip, AccExt, Adobe.Acrobat.ContextMenu, ANotepad++64, EPP, IDriveMenu, Open With, Open With EncryptionMenu, Sharing, TortoiseSVN, WinRAR, WinRAR32
02:18:46.127 33728 explorer.exe  [WH] [local@context-menu-overhaul] [2648:LogHandlerCandidates]: Handler candidates for 'Cu&t' (AllFilesystemObjects): ACShell, CopyAsPathMenu, DeleteFiles, MBAMShlExt, ModernSharing, SendTo, {474C98EE-CF3D-41f5-80E3-4AAB0AB04301}, {596AB062-B4D2-4215-9F74-E9109B0A8153}, {a2a9545d-a0c2-42b4-9708-a0b2badd77c8}
02:18:46.127 33728 explorer.exe  [WH] [local@context-menu-overhaul] [2691:ApplyRegistryIcons]: No registry icon for 'Cu&t' (verb 'cut')
02:18:46.136 33728 explorer.exe  [WH] [local@context-menu-overhaul] [2648:LogHandlerCandidates]: Handler candidates for '&Copy' (ArchiveFolder): {EE07CEF5-3441-4CFB-870A-4002C724783A}
02:18:46.136 33728 explorer.exe  [WH] [local@context-menu-overhaul] [2648:LogHandlerCandidates]: Handler candidates for '&Copy' (SystemFileAssociations\.7z): {EE07CEF5-3441-4CFB-870A-4002C724783A}
02:18:46.136 33728 explorer.exe  [WH] [local@context-menu-overhaul] [2648:LogHandlerCandidates]: Handler candidates for '&Copy' (*): {C52B9871-E5E9-41FD-B84D-C5ACADBEC7AE}
02:18:46.136 33728 explorer.exe  [WH] [local@context-menu-overhaul] [2648:LogHandlerCandidates]: Handler candidates for '&Copy' (*): 7-Zip, AccExt, Adobe.Acrobat.ContextMenu, ANotepad++64, EPP, IDriveMenu, Open With, Open With EncryptionMenu, Sharing, TortoiseSVN, WinRAR, WinRAR32
02:18:46.137 33728 explorer.exe  [WH] [local@context-menu-overhaul] [2648:LogHandlerCandidates]: Handler candidates for '&Copy' (AllFilesystemObjects): ACShell, CopyAsPathMenu, DeleteFiles, MBAMShlExt, ModernSharing, SendTo, {474C98EE-CF3D-41f5-80E3-4AAB0AB04301}, {596AB062-B4D2-4215-9F74-E9109B0A8153}, {a2a9545d-a0c2-42b4-9708-a0b2badd77c8}
02:18:46.137 33728 explorer.exe  [WH] [local@context-menu-overhaul] [2691:ApplyRegistryIcons]: No registry icon for '&Copy' (verb 'copy')
02:18:46.144 19196 explorer.exe  [WH] [local@context-menu-overhaul] [2648:LogHandlerCandidates]: Handler candidates for 'Cu&t' (ArchiveFolder): {EE07CEF5-3441-4CFB-870A-4002C724783A}
02:18:46.144 19196 explorer.exe  [WH] [local@context-menu-overhaul] [2648:LogHandlerCandidates]: Handler candidates for 'Cu&t' (SystemFileAssociations\.rar): {EE07CEF5-3441-4CFB-870A-4002C724783A}
02:18:46.144 19196 explorer.exe  [WH] [local@context-menu-overhaul] [2648:LogHandlerCandidates]: Handler candidates for 'Cu&t' (*): {C52B9871-E5E9-41FD-B84D-C5ACADBEC7AE}
02:18:46.144 19196 explorer.exe  [WH] [local@context-menu-overhaul] [2648:LogHandlerCandidates]: Handler candidates for 'Cu&t' (*): 7-Zip, AccExt, Adobe.Acrobat.ContextMenu, ANotepad++64, EPP, IDriveMenu, Open With, Open With EncryptionMenu, Sharing, TortoiseSVN, WinRAR, WinRAR32
02:18:46.145 19196 explorer.exe  [WH] [local@context-menu-overhaul] [2648:LogHandlerCandidates]: Handler candidates for 'Cu&t' (AllFilesystemObjects): ACShell, CopyAsPathMenu, DeleteFiles, MBAMShlExt, ModernSharing, SendTo, {474C98EE-CF3D-41f5-80E3-4AAB0AB04301}, {596AB062-B4D2-4215-9F74-E9109B0A8153}, {a2a9545d-a0c2-42b4-9708-a0b2badd77c8}
02:18:46.145 19196 explorer.exe  [WH] [local@context-menu-overhaul] [2691:ApplyRegistryIcons]: No registry icon for 'Cu&t' (verb 'cut')
02:18:46.145 33728 explorer.exe  [WH] [local@context-menu-overhaul] [2648:LogHandlerCandidates]: Handler candidates for 'Create &shortcut' (ArchiveFolder): {EE07CEF5-3441-4CFB-870A-4002C724783A}
02:18:46.145 33728 explorer.exe  [WH] [local@context-menu-overhaul] [2648:LogHandlerCandidates]: Handler candidates for 'Create &shortcut' (SystemFileAssociations\.7z): {EE07CEF5-3441-4CFB-870A-4002C724783A}
02:18:46.145 33728 explorer.exe  [WH] [local@context-menu-overhaul] [2648:LogHandlerCandidates]: Handler candidates for 'Create &shortcut' (*): {C52B9871-E5E9-41FD-B84D-C5ACADBEC7AE}
02:18:46.145 33728 explorer.exe  [WH] [local@context-menu-overhaul] [2648:LogHandlerCandidates]: Handler candidates for 'Create &shortcut' (*): 7-Zip, AccExt, Adobe.Acrobat.ContextMenu, ANotepad++64, EPP, IDriveMenu, Open With, Open With EncryptionMenu, Sharing, TortoiseSVN, WinRAR, WinRAR32
02:18:46.146 33728 explorer.exe  [WH] [local@context-menu-overhaul] [2648:LogHandlerCandidates]: Handler candidates for 'Create &shortcut' (AllFilesystemObjects): ACShell, CopyAsPathMenu, DeleteFiles, MBAMShlExt, ModernSharing, SendTo, {474C98EE-CF3D-41f5-80E3-4AAB0AB04301}, {596AB062-B4D2-4215-9F74-E9109B0A8153}, {a2a9545d-a0c2-42b4-9708-a0b2badd77c8}
02:18:46.146 33728 explorer.exe  [WH] [local@context-menu-overhaul] [2691:ApplyRegistryIcons]: No registry icon for 'Create &shortcut' (verb 'link')
02:18:46.153 33728 explorer.exe  [WH] [local@context-menu-overhaul] [2648:LogHandlerCandidates]: Handler candidates for '&Delete' (ArchiveFolder): {EE07CEF5-3441-4CFB-870A-4002C724783A}
02:18:46.153 33728 explorer.exe  [WH] [local@context-menu-overhaul] [2648:LogHandlerCandidates]: Handler candidates for '&Delete' (SystemFileAssociations\.7z): {EE07CEF5-3441-4CFB-870A-4002C724783A}
02:18:46.154 33728 explorer.exe  [WH] [local@context-menu-overhaul] [2648:LogHandlerCandidates]: Handler candidates for '&Delete' (*): {C52B9871-E5E9-41FD-B84D-C5ACADBEC7AE}
02:18:46.154 33728 explorer.exe  [WH] [local@context-menu-overhaul] [2648:LogHandlerCandidates]: Handler candidates for '&Delete' (*): 7-Zip, AccExt, Adobe.Acrobat.ContextMenu, ANotepad++64, EPP, IDriveMenu, Open With, Open With EncryptionMenu, Sharing, TortoiseSVN, WinRAR, WinRAR32
02:18:46.154 33728 explorer.exe  [WH] [local@context-menu-overhaul] [2648:LogHandlerCandidates]: Handler candidates for '&Delete' (AllFilesystemObjects): ACShell, CopyAsPathMenu, DeleteFiles, MBAMShlExt, ModernSharing, SendTo, {474C98EE-CF3D-41f5-80E3-4AAB0AB04301}, {596AB062-B4D2-4215-9F74-E9109B0A8153}, {a2a9545d-a0c2-42b4-9708-a0b2badd77c8}
02:18:46.154 19196 explorer.exe  [WH] [local@context-menu-overhaul] [2648:LogHandlerCandidates]: Handler candidates for '&Copy' (ArchiveFolder): {EE07CEF5-3441-4CFB-870A-4002C724783A}
02:18:46.155 33728 explorer.exe  [WH] [local@context-menu-overhaul] [2691:ApplyRegistryIcons]: No registry icon for '&Delete' (verb 'delete')
02:18:46.155 19196 explorer.exe  [WH] [local@context-menu-overhaul] [2648:LogHandlerCandidates]: Handler candidates for '&Copy' (SystemFileAssociations\.rar): {EE07CEF5-3441-4CFB-870A-4002C724783A}
02:18:46.155 19196 explorer.exe  [WH] [local@context-menu-overhaul] [2648:LogHandlerCandidates]: Handler candidates for '&Copy' (*): {C52B9871-E5E9-41FD-B84D-C5ACADBEC7AE}
02:18:46.155 19196 explorer.exe  [WH] [local@context-menu-overhaul] [2648:LogHandlerCandidates]: Handler candidates for '&Copy' (*): 7-Zip, AccExt, Adobe.Acrobat.ContextMenu, ANotepad++64, EPP, IDriveMenu, Open With, Open With EncryptionMenu, Sharing, TortoiseSVN, WinRAR, WinRAR32
02:18:46.155 19196 explorer.exe  [WH] [local@context-menu-overhaul] [2648:LogHandlerCandidates]: Handler candidates for '&Copy' (AllFilesystemObjects): ACShell, CopyAsPathMenu, DeleteFiles, MBAMShlExt, ModernSharing, SendTo, {474C98EE-CF3D-41f5-80E3-4AAB0AB04301}, {596AB062-B4D2-4215-9F74-E9109B0A8153}, {a2a9545d-a0c2-42b4-9708-a0b2badd77c8}
02:18:46.156 19196 explorer.exe  [WH] [local@context-menu-overhaul] [2691:ApplyRegistryIcons]: No registry icon for '&Copy' (verb 'copy')
02:18:46.162 33728 explorer.exe  [WH] [local@context-menu-overhaul] [2648:LogHandlerCandidates]: Handler candidates for 'P&roperties' (ArchiveFolder): {EE07CEF5-3441-4CFB-870A-4002C724783A}
02:18:46.162 33728 explorer.exe  [WH] [local@context-menu-overhaul] [2648:LogHandlerCandidates]: Handler candidates for 'P&roperties' (SystemFileAssociations\.7z): {EE07CEF5-3441-4CFB-870A-4002C724783A}
02:18:46.162 33728 explorer.exe  [WH] [local@context-menu-overhaul] [2648:LogHandlerCandidates]: Handler candidates for 'P&roperties' (*): {C52B9871-E5E9-41FD-B84D-C5ACADBEC7AE}
02:18:46.162 33728 explorer.exe  [WH] [local@context-menu-overhaul] [2648:LogHandlerCandidates]: Handler candidates for 'P&roperties' (*): 7-Zip, AccExt, Adobe.Acrobat.ContextMenu, ANotepad++64, EPP, IDriveMenu, Open With, Open With EncryptionMenu, Sharing, TortoiseSVN, WinRAR, WinRAR32
02:18:46.162 33728 explorer.exe  [WH] [local@context-menu-overhaul] [2648:LogHandlerCandidates]: Handler candidates for 'P&roperties' (AllFilesystemObjects): ACShell, CopyAsPathMenu, DeleteFiles, MBAMShlExt, ModernSharing, SendTo, {474C98EE-CF3D-41f5-80E3-4AAB0AB04301}, {596AB062-B4D2-4215-9F74-E9109B0A8153}, {a2a9545d-a0c2-42b4-9708-a0b2badd77c8}
02:18:46.163 33728 explorer.exe  [WH] [local@context-menu-overhaul] [2691:ApplyRegistryIcons]: No registry icon for 'P&roperties' (verb 'properties')
02:18:46.164 19196 explorer.exe  [WH] [local@context-menu-overhaul] [2648:LogHandlerCandidates]: Handler candidates for 'Create &shortcut' (ArchiveFolder): {EE07CEF5-3441-4CFB-870A-4002C724783A}
02:18:46.164 19196 explorer.exe  [WH] [local@context-menu-overhaul] [2648:LogHandlerCandidates]: Handler candidates for 'Create &shortcut' (SystemFileAssociations\.rar): {EE07CEF5-3441-4CFB-870A-4002C724783A}
02:18:46.165 19196 explorer.exe  [WH] [local@context-menu-overhaul] [2648:LogHandlerCandidates]: Handler candidates for 'Create &shortcut' (*): {C52B9871-E5E9-41FD-B84D-C5ACADBEC7AE}
02:18:46.165 19196 explorer.exe  [WH] [local@context-menu-overhaul] [2648:LogHandlerCandidates]: Handler candidates for 'Create &shortcut' (*): 7-Zip, AccExt, Adobe.Acrobat.ContextMenu, ANotepad++64, EPP, IDriveMenu, Open With, Open With EncryptionMenu, Sharing, TortoiseSVN, WinRAR, WinRAR32
02:18:46.165 19196 explorer.exe  [WH] [local@context-menu-overhaul] [2648:LogHandlerCandidates]: Handler candidates for 'Create &shortcut' (AllFilesystemObjects): ACShell, CopyAsPathMenu, DeleteFiles, MBAMShlExt, ModernSharing, SendTo, {474C98EE-CF3D-41f5-80E3-4AAB0AB04301}, {596AB062-B4D2-4215-9F74-E9109B0A8153}, {a2a9545d-a0c2-42b4-9708-a0b2badd77c8}
02:18:46.165 19196 explorer.exe  [WH] [local@context-menu-overhaul] [2691:ApplyRegistryIcons]: No registry icon for 'Create &shortcut' (verb 'link')
02:18:46.175 19196 explorer.exe  [WH] [local@context-menu-overhaul] [2648:LogHandlerCandidates]: Handler candidates for '&Delete' (ArchiveFolder): {EE07CEF5-3441-4CFB-870A-4002C724783A}
02:18:46.175 19196 explorer.exe  [WH] [local@context-menu-overhaul] [2648:LogHandlerCandidates]: Handler candidates for '&Delete' (SystemFileAssociations\.rar): {EE07CEF5-3441-4CFB-870A-4002C724783A}
02:18:46.175 19196 explorer.exe  [WH] [local@context-menu-overhaul] [2648:LogHandlerCandidates]: Handler candidates for '&Delete' (*): {C52B9871-E5E9-41FD-B84D-C5ACADBEC7AE}
02:18:46.175 19196 explorer.exe  [WH] [local@context-menu-overhaul] [2648:LogHandlerCandidates]: Handler candidates for '&Delete' (*): 7-Zip, AccExt, Adobe.Acrobat.ContextMenu, ANotepad++64, EPP, IDriveMenu, Open With, Open With EncryptionMenu, Sharing, TortoiseSVN, WinRAR, WinRAR32
02:18:46.176 19196 explorer.exe  [WH] [local@context-menu-overhaul] [2648:LogHandlerCandidates]: Handler candidates for '&Delete' (AllFilesystemObjects): ACShell, CopyAsPathMenu, DeleteFiles, MBAMShlExt, ModernSharing, SendTo, {474C98EE-CF3D-41f5-80E3-4AAB0AB04301}, {596AB062-B4D2-4215-9F74-E9109B0A8153}, {a2a9545d-a0c2-42b4-9708-a0b2badd77c8}
02:18:46.176 19196 explorer.exe  [WH] [local@context-menu-overhaul] [2691:ApplyRegistryIcons]: No registry icon for '&Delete' (verb 'delete')
02:18:46.185 19196 explorer.exe  [WH] [local@context-menu-overhaul] [2648:LogHandlerCandidates]: Handler candidates for 'P&roperties' (ArchiveFolder): {EE07CEF5-3441-4CFB-870A-4002C724783A}
02:18:46.186 19196 explorer.exe  [WH] [local@context-menu-overhaul] [2648:LogHandlerCandidates]: Handler candidates for 'P&roperties' (SystemFileAssociations\.rar): {EE07CEF5-3441-4CFB-870A-4002C724783A}
02:18:46.186 19196 explorer.exe  [WH] [local@context-menu-overhaul] [2648:LogHandlerCandidates]: Handler candidates for 'P&roperties' (*): {C52B9871-E5E9-41FD-B84D-C5ACADBEC7AE}
02:18:46.186 19196 explorer.exe  [WH] [local@context-menu-overhaul] [2648:LogHandlerCandidates]: Handler candidates for 'P&roperties' (*): 7-Zip, AccExt, Adobe.Acrobat.ContextMenu, ANotepad++64, EPP, IDriveMenu, Open With, Open With EncryptionMenu, Sharing, TortoiseSVN, WinRAR, WinRAR32
02:18:46.186 19196 explorer.exe  [WH] [local@context-menu-overhaul] [2648:LogHandlerCandidates]: Handler candidates for 'P&roperties' (AllFilesystemObjects): ACShell, CopyAsPathMenu, DeleteFiles, MBAMShlExt, ModernSharing, SendTo, {474C98EE-CF3D-41f5-80E3-4AAB0AB04301}, {596AB062-B4D2-4215-9F74-E9109B0A8153}, {a2a9545d-a0c2-42b4-9708-a0b2badd77c8}
02:18:46.187 19196 explorer.exe  [WH] [local@context-menu-overhaul] [2691:ApplyRegistryIcons]: No registry icon for 'P&roperties' (verb 'properties')
02:18:46.354 19196 explorer.exe  [WH] [local@context-menu-overhaul] [2648:LogHandlerCandidates]: Handler candidates for '&Open' (ArchiveFolder): {EE07CEF5-3441-4CFB-870A-4002C724783A}
02:18:46.354 19196 explorer.exe  [WH] [local@context-menu-overhaul] [2648:LogHandlerCandidates]: Handler candidates for '&Open' (SystemFileAssociations\.7z): {EE07CEF5-3441-4CFB-870A-4002C724783A}
02:18:46.355 19196 explorer.exe  [WH] [local@context-menu-overhaul] [2648:LogHandlerCandidates]: Handler candidates for '&Open' (*): {C52B9871-E5E9-41FD-B84D-C5ACADBEC7AE}
02:18:46.355 19196 explorer.exe  [WH] [local@context-menu-overhaul] [2648:LogHandlerCandidates]: Handler candidates for '&Open' (*): 7-Zip, AccExt, Adobe.Acrobat.ContextMenu, ANotepad++64, EPP, IDriveMenu, Open With, Open With EncryptionMenu, Sharing, TortoiseSVN, WinRAR, WinRAR32
02:18:46.355 19196 explorer.exe  [WH] [local@context-menu-overhaul] [2648:LogHandlerCandidates]: Handler candidates for '&Open' (AllFilesystemObjects): ACShell, CopyAsPathMenu, DeleteFiles, MBAMShlExt, ModernSharing, SendTo, {474C98EE-CF3D-41f5-80E3-4AAB0AB04301}, {596AB062-B4D2-4215-9F74-E9109B0A8153}, {a2a9545d-a0c2-42b4-9708-a0b2badd77c8}
02:18:46.355 19196 explorer.exe  [WH] [local@context-menu-overhaul] [2691:ApplyRegistryIcons]: No registry icon for '&Open' (verb 'open')
02:18:46.356 19196 explorer.exe  [WH] [local@context-menu-overhaul] [2648:LogHandlerCandidates]: Handler candidates for '' (ArchiveFolder): {EE07CEF5-3441-4CFB-870A-4002C724783A}
02:18:46.356 19196 explorer.exe  [WH] [local@context-menu-overhaul] [2648:LogHandlerCandidates]: Handler candidates for '' (SystemFileAssociations\.7z): {EE07CEF5-3441-4CFB-870A-4002C724783A}
02:18:46.356 19196 explorer.exe  [WH] [local@context-menu-overhaul] [2648:LogHandlerCandidates]: Handler candidates for '' (*): {C52B9871-E5E9-41FD-B84D-C5ACADBEC7AE}
02:18:46.356 19196 explorer.exe  [WH] [local@context-menu-overhaul] [2648:LogHandlerCandidates]: Handler candidates for '' (*): 7-Zip, AccExt, Adobe.Acrobat.ContextMenu, ANotepad++64, EPP, IDriveMenu, Open With, Open With EncryptionMenu, Sharing, TortoiseSVN, WinRAR, WinRAR32
02:18:46.356 19196 explorer.exe  [WH] [local@context-menu-overhaul] [2648:LogHandlerCandidates]: Handler candidates for '' (AllFilesystemObjects): ACShell, CopyAsPathMenu, DeleteFiles, MBAMShlExt, ModernSharing, SendTo, {474C98EE-CF3D-41f5-80E3-4AAB0AB04301}, {596AB062-B4D2-4215-9F74-E9109B0A8153}, {a2a9545d-a0c2-42b4-9708-a0b2badd77c8}
02:18:46.356 19196 explorer.exe  [WH] [local@context-menu-overhaul] [2691:ApplyRegistryIcons]: No registry icon for '' (verb '')
02:18:46.374 19196 explorer.exe  [WH] [local@context-menu-overhaul] [2648:LogHandlerCandidates]: Handler candidates for 'Add to &Favorites' (ArchiveFolder): {EE07CEF5-3441-4CFB-870A-4002C724783A}
02:18:46.374 19196 explorer.exe  [WH] [local@context-menu-overhaul] [2648:LogHandlerCandidates]: Handler candidates for 'Add to &Favorites' (SystemFileAssociations\.7z): {EE07CEF5-3441-4CFB-870A-4002C724783A}
02:18:46.375 19196 explorer.exe  [WH] [local@context-menu-overhaul] [2648:LogHandlerCandidates]: Handler candidates for 'Add to &Favorites' (*): {C52B9871-E5E9-41FD-B84D-C5ACADBEC7AE}
02:18:46.375 19196 explorer.exe  [WH] [local@context-menu-overhaul] [2648:LogHandlerCandidates]: Handler candidates for 'Add to &Favorites' (*): 7-Zip, AccExt, Adobe.Acrobat.ContextMenu, ANotepad++64, EPP, IDriveMenu, Open With, Open With EncryptionMenu, Sharing, TortoiseSVN, WinRAR, WinRAR32
02:18:46.375 19196 explorer.exe  [WH] [local@context-menu-overhaul] [2648:LogHandlerCandidates]: Handler candidates for 'Add to &Favorites' (AllFilesystemObjects): ACShell, CopyAsPathMenu, DeleteFiles, MBAMShlExt, ModernSharing, SendTo, {474C98EE-CF3D-41f5-80E3-4AAB0AB04301}, {596AB062-B4D2-4215-9F74-E9109B0A8153}, {a2a9545d-a0c2-42b4-9708-a0b2badd77c8}
02:18:46.376 19196 explorer.exe  [WH] [local@context-menu-overhaul] [2691:ApplyRegistryIcons]: No registry icon for 'Add to &Favorites' (verb 'pintohomefile')
02:18:46.439 19196 explorer.exe  [WH] [local@context-menu-overhaul] [2648:LogHandlerCandidates]: Handler candidates for 'Ex&tract All...' (ArchiveFolder): {EE07CEF5-3441-4CFB-870A-4002C724783A}
02:18:46.439 19196 explorer.exe  [WH] [local@context-menu-overhaul] [2648:LogHandlerCandidates]: Handler candidates for 'Ex&tract All...' (SystemFileAssociations\.7z): {EE07CEF5-3441-4CFB-870A-4002C724783A}
02:18:46.439 19196 explorer.exe  [WH] [local@context-menu-overhaul] [2648:LogHandlerCandidates]: Handler candidates for 'Ex&tract All...' (*): {C52B9871-E5E9-41FD-B84D-C5ACADBEC7AE}
02:18:46.440 19196 explorer.exe  [WH] [local@context-menu-overhaul] [2648:LogHandlerCandidates]: Handler candidates for 'Ex&tract All...' (*): 7-Zip, AccExt, Adobe.Acrobat.ContextMenu, ANotepad++64, EPP, IDriveMenu, Open With, Open With EncryptionMenu, Sharing, TortoiseSVN, WinRAR, WinRAR32
02:18:46.440 19196 explorer.exe  [WH] [local@context-menu-overhaul] [2648:LogHandlerCandidates]: Handler candidates for 'Ex&tract All...' (AllFilesystemObjects): ACShell, CopyAsPathMenu, DeleteFiles, MBAMShlExt, ModernSharing, SendTo, {474C98EE-CF3D-41f5-80E3-4AAB0AB04301}, {596AB062-B4D2-4215-9F74-E9109B0A8153}, {a2a9545d-a0c2-42b4-9708-a0b2badd77c8}
02:18:46.440 19196 explorer.exe  [WH] [local@context-menu-overhaul] [2691:ApplyRegistryIcons]: No registry icon for 'Ex&tract All...' (verb 'extract')
02:18:46.452 19196 explorer.exe  [WH] [local@context-menu-overhaul] [2648:LogHandlerCandidates]: Handler candidates for 'Open wit&h' (ArchiveFolder): {EE07CEF5-3441-4CFB-870A-4002C724783A}
02:18:46.453 19196 explorer.exe  [WH] [local@context-menu-overhaul] [2648:LogHandlerCandidates]: Handler candidates for 'Open wit&h' (SystemFileAssociations\.7z): {EE07CEF5-3441-4CFB-870A-4002C724783A}
02:18:46.453 19196 explorer.exe  [WH] [local@context-menu-overhaul] [2648:LogHandlerCandidates]: Handler candidates for 'Open wit&h' (*): {C52B9871-E5E9-41FD-B84D-C5ACADBEC7AE}
02:18:46.453 19196 explorer.exe  [WH] [local@context-menu-overhaul] [2648:LogHandlerCandidates]: Handler candidates for 'Open wit&h' (*): 7-Zip, AccExt, Adobe.Acrobat.ContextMenu, ANotepad++64, EPP, IDriveMenu, Open With, Open With EncryptionMenu, Sharing, TortoiseSVN, WinRAR, WinRAR32
02:18:46.453 19196 explorer.exe  [WH] [local@context-menu-overhaul] [2648:LogHandlerCandidates]: Handler candidates for 'Open wit&h' (AllFilesystemObjects): ACShell, CopyAsPathMenu, DeleteFiles, MBAMShlExt, ModernSharing, SendTo, {474C98EE-CF3D-41f5-80E3-4AAB0AB04301}, {596AB062-B4D2-4215-9F74-E9109B0A8153}, {a2a9545d-a0c2-42b4-9708-a0b2badd77c8}
02:18:46.454 19196 explorer.exe  [WH] [local@context-menu-overhaul] [2691:ApplyRegistryIcons]: No registry icon for 'Open wit&h' (verb '')
02:18:46.528 19196 explorer.exe  [WH] [local@context-menu-overhaul] [2648:LogHandlerCandidates]: Handler candidates for 'Copy &as path' (ArchiveFolder): {EE07CEF5-3441-4CFB-870A-4002C724783A}
02:18:46.529 19196 explorer.exe  [WH] [local@context-menu-overhaul] [2648:LogHandlerCandidates]: Handler candidates for 'Copy &as path' (SystemFileAssociations\.7z): {EE07CEF5-3441-4CFB-870A-4002C724783A}
02:18:46.529 19196 explorer.exe  [WH] [local@context-menu-overhaul] [2648:LogHandlerCandidates]: Handler candidates for 'Copy &as path' (*): {C52B9871-E5E9-41FD-B84D-C5ACADBEC7AE}
02:18:46.529 19196 explorer.exe  [WH] [local@context-menu-overhaul] [2648:LogHandlerCandidates]: Handler candidates for 'Copy &as path' (*): 7-Zip, AccExt, Adobe.Acrobat.ContextMenu, ANotepad++64, EPP, IDriveMenu, Open With, Open With EncryptionMenu, Sharing, TortoiseSVN, WinRAR, WinRAR32
02:18:46.529 19196 explorer.exe  [WH] [local@context-menu-overhaul] [2648:LogHandlerCandidates]: Handler candidates for 'Copy &as path' (AllFilesystemObjects): ACShell, CopyAsPathMenu, DeleteFiles, MBAMShlExt, ModernSharing, SendTo, {474C98EE-CF3D-41f5-80E3-4AAB0AB04301}, {596AB062-B4D2-4215-9F74-E9109B0A8153}, {a2a9545d-a0c2-42b4-9708-a0b2badd77c8}
02:18:46.530 19196 explorer.exe  [WH] [local@context-menu-overhaul] [2691:ApplyRegistryIcons]: No registry icon for 'Copy &as path' (verb 'copyaspath')
02:18:46.568 19196 explorer.exe  [WH] [local@context-menu-overhaul] [2648:LogHandlerCandidates]: Handler candidates for 'Restore previous &versions' (ArchiveFolder): {EE07CEF5-3441-4CFB-870A-4002C724783A}
02:18:46.569 19196 explorer.exe  [WH] [local@context-menu-overhaul] [2648:LogHandlerCandidates]: Handler candidates for 'Restore previous &versions' (SystemFileAssociations\.7z): {EE07CEF5-3441-4CFB-870A-4002C724783A}
02:18:46.569 19196 explorer.exe  [WH] [local@context-menu-overhaul] [2648:LogHandlerCandidates]: Handler candidates for 'Restore previous &versions' (*): {C52B9871-E5E9-41FD-B84D-C5ACADBEC7AE}
02:18:46.569 19196 explorer.exe  [WH] [local@context-menu-overhaul] [2648:LogHandlerCandidates]: Handler candidates for 'Restore previous &versions' (*): 7-Zip, AccExt, Adobe.Acrobat.ContextMenu, ANotepad++64, EPP, IDriveMenu, Open With, Open With EncryptionMenu, Sharing, TortoiseSVN, WinRAR, WinRAR32
02:18:46.569 19196 explorer.exe  [WH] [local@context-menu-overhaul] [2648:LogHandlerCandidates]: Handler candidates for 'Restore previous &versions' (AllFilesystemObjects): ACShell, CopyAsPathMenu, DeleteFiles, MBAMShlExt, ModernSharing, SendTo, {474C98EE-CF3D-41f5-80E3-4AAB0AB04301}, {596AB062-B4D2-4215-9F74-E9109B0A8153}, {a2a9545d-a0c2-42b4-9708-a0b2badd77c8}
02:18:46.570 19196 explorer.exe  [WH] [local@context-menu-overhaul] [2691:ApplyRegistryIcons]: No registry icon for 'Restore previous &versions' (verb 'PreviousVersions')
02:18:46.644 19196 explorer.exe  [WH] [local@context-menu-overhaul] [2648:LogHandlerCandidates]: Handler candidates for 'Cu&t' (ArchiveFolder): {EE07CEF5-3441-4CFB-870A-4002C724783A}
02:18:46.644 19196 explorer.exe  [WH] [local@context-menu-overhaul] [2648:LogHandlerCandidates]: Handler candidates for 'Cu&t' (SystemFileAssociations\.7z): {EE07CEF5-3441-4CFB-870A-4002C724783A}
02:18:46.645 19196 explorer.exe  [WH] [local@context-menu-overhaul] [2648:LogHandlerCandidates]: Handler candidates for 'Cu&t' (*): {C52B9871-E5E9-41FD-B84D-C5ACADBEC7AE}
02:18:46.645 19196 explorer.exe  [WH] [local@context-menu-overhaul] [2648:LogHandlerCandidates]: Handler candidates for 'Cu&t' (*): 7-Zip, AccExt, Adobe.Acrobat.ContextMenu, ANotepad++64, EPP, IDriveMenu, Open With, Open With EncryptionMenu, Sharing, TortoiseSVN, WinRAR, WinRAR32
02:18:46.645 19196 explorer.exe  [WH] [local@context-menu-overhaul] [2648:LogHandlerCandidates]: Handler candidates for 'Cu&t' (AllFilesystemObjects): ACShell, CopyAsPathMenu, DeleteFiles, MBAMShlExt, ModernSharing, SendTo, {474C98EE-CF3D-41f5-80E3-4AAB0AB04301}, {596AB062-B4D2-4215-9F74-E9109B0A8153}, {a2a9545d-a0c2-42b4-9708-a0b2badd77c8}
02:18:46.645 19196 explorer.exe  [WH] [local@context-menu-overhaul] [2691:ApplyRegistryIcons]: No registry icon for 'Cu&t' (verb 'cut')
02:18:46.656 19196 explorer.exe  [WH] [local@context-menu-overhaul] [2648:LogHandlerCandidates]: Handler candidates for '&Copy' (ArchiveFolder): {EE07CEF5-3441-4CFB-870A-4002C724783A}
02:18:46.656 19196 explorer.exe  [WH] [local@context-menu-overhaul] [2648:LogHandlerCandidates]: Handler candidates for '&Copy' (SystemFileAssociations\.7z): {EE07CEF5-3441-4CFB-870A-4002C724783A}
02:18:46.656 19196 explorer.exe  [WH] [local@context-menu-overhaul] [2648:LogHandlerCandidates]: Handler candidates for '&Copy' (*): {C52B9871-E5E9-41FD-B84D-C5ACADBEC7AE}
02:18:46.657 19196 explorer.exe  [WH] [local@context-menu-overhaul] [2648:LogHandlerCandidates]: Handler candidates for '&Copy' (*): 7-Zip, AccExt, Adobe.Acrobat.ContextMenu, ANotepad++64, EPP, IDriveMenu, Open With, Open With EncryptionMenu, Sharing, TortoiseSVN, WinRAR, WinRAR32
02:18:46.657 19196 explorer.exe  [WH] [local@context-menu-overhaul] [2648:LogHandlerCandidates]: Handler candidates for '&Copy' (AllFilesystemObjects): ACShell, CopyAsPathMenu, DeleteFiles, MBAMShlExt, ModernSharing, SendTo, {474C98EE-CF3D-41f5-80E3-4AAB0AB04301}, {596AB062-B4D2-4215-9F74-E9109B0A8153}, {a2a9545d-a0c2-42b4-9708-a0b2badd77c8}
02:18:46.658 19196 explorer.exe  [WH] [local@context-menu-overhaul] [2691:ApplyRegistryIcons]: No registry icon for '&Copy' (verb 'copy')
02:18:46.673 19196 explorer.exe  [WH] [local@context-menu-overhaul] [2648:LogHandlerCandidates]: Handler candidates for 'Create &shortcut' (ArchiveFolder): {EE07CEF5-3441-4CFB-870A-4002C724783A}
02:18:46.673 19196 explorer.exe  [WH] [local@context-menu-overhaul] [2648:LogHandlerCandidates]: Handler candidates for 'Create &shortcut' (SystemFileAssociations\.7z): {EE07CEF5-3441-4CFB-870A-4002C724783A}
02:18:46.673 19196 explorer.exe  [WH] [local@context-menu-overhaul] [2648:LogHandlerCandidates]: Handler candidates for 'Create &shortcut' (*): {C52B9871-E5E9-41FD-B84D-C5ACADBEC7AE}
02:18:46.674 19196 explorer.exe  [WH] [local@context-menu-overhaul] [2648:LogHandlerCandidates]: Handler candidates for 'Create &shortcut' (*): 7-Zip, AccExt, Adobe.Acrobat.ContextMenu, ANotepad++64, EPP, IDriveMenu, Open With, Open With EncryptionMenu, Sharing, TortoiseSVN, WinRAR, WinRAR32
02:18:46.674 19196 explorer.exe  [WH] [local@context-menu-overhaul] [2648:LogHandlerCandidates]: Handler candidates for 'Create &shortcut' (AllFilesystemObjects): ACShell, CopyAsPathMenu, DeleteFiles, MBAMShlExt, ModernSharing, SendTo, {474C98EE-CF3D-41f5-80E3-4AAB0AB04301}, {596AB062-B4D2-4215-9F74-E9109B0A8153}, {a2a9545d-a0c2-42b4-9708-a0b2badd77c8}
02:18:46.674 19196 explorer.exe  [WH] [local@context-menu-overhaul] [2691:ApplyRegistryIcons]: No registry icon for 'Create &shortcut' (verb 'link')
02:18:46.683 19196 explorer.exe  [WH] [local@context-menu-overhaul] [2648:LogHandlerCandidates]: Handler candidates for '&Delete' (ArchiveFolder): {EE07CEF5-3441-4CFB-870A-4002C724783A}
02:18:46.683 19196 explorer.exe  [WH] [local@context-menu-overhaul] [2648:LogHandlerCandidates]: Handler candidates for '&Delete' (SystemFileAssociations\.7z): {EE07CEF5-3441-4CFB-870A-4002C724783A}
02:18:46.684 19196 explorer.exe  [WH] [local@context-menu-overhaul] [2648:LogHandlerCandidates]: Handler candidates for '&Delete' (*): {C52B9871-E5E9-41FD-B84D-C5ACADBEC7AE}
02:18:46.684 19196 explorer.exe  [WH] [local@context-menu-overhaul] [2648:LogHandlerCandidates]: Handler candidates for '&Delete' (*): 7-Zip, AccExt, Adobe.Acrobat.ContextMenu, ANotepad++64, EPP, IDriveMenu, Open With, Open With EncryptionMenu, Sharing, TortoiseSVN, WinRAR, WinRAR32
02:18:46.684 19196 explorer.exe  [WH] [local@context-menu-overhaul] [2648:LogHandlerCandidates]: Handler candidates for '&Delete' (AllFilesystemObjects): ACShell, CopyAsPathMenu, DeleteFiles, MBAMShlExt, ModernSharing, SendTo, {474C98EE-CF3D-41f5-80E3-4AAB0AB04301}, {596AB062-B4D2-4215-9F74-E9109B0A8153}, {a2a9545d-a0c2-42b4-9708-a0b2badd77c8}
02:18:46.685 19196 explorer.exe  [WH] [local@context-menu-overhaul] [2691:ApplyRegistryIcons]: No registry icon for '&Delete' (verb 'delete')
02:18:46.699 19196 explorer.exe  [WH] [local@context-menu-overhaul] [2648:LogHandlerCandidates]: Handler candidates for 'P&roperties' (ArchiveFolder): {EE07CEF5-3441-4CFB-870A-4002C724783A}
02:18:46.699 19196 explorer.exe  [WH] [local@context-menu-overhaul] [2648:LogHandlerCandidates]: Handler candidates for 'P&roperties' (SystemFileAssociations\.7z): {EE07CEF5-3441-4CFB-870A-4002C724783A}
02:18:46.700 19196 explorer.exe  [WH] [local@context-menu-overhaul] [2648:LogHandlerCandidates]: Handler candidates for 'P&roperties' (*): {C52B9871-E5E9-41FD-B84D-C5ACADBEC7AE}
02:18:46.700 19196 explorer.exe  [WH] [local@context-menu-overhaul] [2648:LogHandlerCandidates]: Handler candidates for 'P&roperties' (*): 7-Zip, AccExt, Adobe.Acrobat.ContextMenu, ANotepad++64, EPP, IDriveMenu, Open With, Open With EncryptionMenu, Sharing, TortoiseSVN, WinRAR, WinRAR32
02:18:46.700 19196 explorer.exe  [WH] [local@context-menu-overhaul] [2648:LogHandlerCandidates]: Handler candidates for 'P&roperties' (AllFilesystemObjects): ACShell, CopyAsPathMenu, DeleteFiles, MBAMShlExt, ModernSharing, SendTo, {474C98EE-CF3D-41f5-80E3-4AAB0AB04301}, {596AB062-B4D2-4215-9F74-E9109B0A8153}, {a2a9545d-a0c2-42b4-9708-a0b2badd77c8}
02:18:46.700 19196 explorer.exe  [WH] [local@context-menu-overhaul] [2691:ApplyRegistryIcons]: No registry icon for 'P&roperties' (verb 'properties')
02:18:46.784 33728 explorer.exe  [WH] [local@context-menu-overhaul] [2648:LogHandlerCandidates]: Handler candidates for '&Open' (SystemFileAssociations\.jpg): ShellImagePreview
02:18:46.785 33728 explorer.exe  [WH] [local@context-menu-overhaul] [2648:LogHandlerCandidates]: Handler candidates for '&Open' (*): {C52B9871-E5E9-41FD-B84D-C5ACADBEC7AE}
02:18:46.785 33728 explorer.exe  [WH] [local@context-menu-overhaul] [2648:LogHandlerCandidates]: Handler candidates for '&Open' (*): 7-Zip, AccExt, Adobe.Acrobat.ContextMenu, ANotepad++64, EPP, IDriveMenu, Open With, Open With EncryptionMenu, Sharing, TortoiseSVN, WinRAR, WinRAR32
02:18:46.785 33728 explorer.exe  [WH] [local@context-menu-overhaul] [2648:LogHandlerCandidates]: Handler candidates for '&Open' (AllFilesystemObjects): ACShell, CopyAsPathMenu, DeleteFiles, MBAMShlExt, ModernSharing, SendTo, {474C98EE-CF3D-41f5-80E3-4AAB0AB04301}, {596AB062-B4D2-4215-9F74-E9109B0A8153}, {a2a9545d-a0c2-42b4-9708-a0b2badd77c8}
02:18:46.785 33728 explorer.exe  [WH] [local@context-menu-overhaul] [2691:ApplyRegistryIcons]: No registry icon for '&Open' (verb 'open')
02:18:46.804 33728 explorer.exe  [WH] [local@context-menu-overhaul] [2648:LogHandlerCandidates]: Handler candidates for 'Set as desktop &background' (SystemFileAssociations\.jpg): ShellImagePreview
02:18:46.806 33728 explorer.exe  [WH] [local@context-menu-overhaul] [2648:LogHandlerCandidates]: Handler candidates for 'Set as desktop &background' (*): {C52B9871-E5E9-41FD-B84D-C5ACADBEC7AE}
02:18:46.808 33728 explorer.exe  [WH] [local@context-menu-overhaul] [2648:LogHandlerCandidates]: Handler candidates for 'Set as desktop &background' (*): 7-Zip, AccExt, Adobe.Acrobat.ContextMenu, ANotepad++64, EPP, IDriveMenu, Open With, Open With EncryptionMenu, Sharing, TortoiseSVN, WinRAR, WinRAR32
02:18:46.808 33728 explorer.exe  [WH] [local@context-menu-overhaul] [2648:LogHandlerCandidates]: Handler candidates for 'Set as desktop &background' (AllFilesystemObjects): ACShell, CopyAsPathMenu, DeleteFiles, MBAMShlExt, ModernSharing, SendTo, {474C98EE-CF3D-41f5-80E3-4AAB0AB04301}, {596AB062-B4D2-4215-9F74-E9109B0A8153}, {a2a9545d-a0c2-42b4-9708-a0b2badd77c8}
02:18:46.808 33728 explorer.exe  [WH] [local@context-menu-overhaul] [2691:ApplyRegistryIcons]: No registry icon for 'Set as desktop &background' (verb 'setdesktopwallpaper')
02:18:46.826 33728 explorer.exe  [WH] [local@context-menu-overhaul] [2648:LogHandlerCandidates]: Handler candidates for '&Print' (SystemFileAssociations\.jpg): ShellImagePreview
02:18:46.826 33728 explorer.exe  [WH] [local@context-menu-overhaul] [2648:LogHandlerCandidates]: Handler candidates for '&Print' (*): {C52B9871-E5E9-41FD-B84D-C5ACADBEC7AE}
02:18:46.826 33728 explorer.exe  [WH] [local@context-menu-overhaul] [2648:LogHandlerCandidates]: Handler candidates for '&Print' (*): 7-Zip, AccExt, Adobe.Acrobat.ContextMenu, ANotepad++64, EPP, IDriveMenu, Open With, Open With EncryptionMenu, Sharing, TortoiseSVN, WinRAR, WinRAR32
02:18:46.826 33728 explorer.exe  [WH] [local@context-menu-overhaul] [2648:LogHandlerCandidates]: Handler candidates for '&Print' (AllFilesystemObjects): ACShell, CopyAsPathMenu, DeleteFiles, MBAMShlExt, ModernSharing, SendTo, {474C98EE-CF3D-41f5-80E3-4AAB0AB04301}, {596AB062-B4D2-4215-9F74-E9109B0A8153}, {a2a9545d-a0c2-42b4-9708-a0b2badd77c8}
02:18:46.827 33728 explorer.exe  [WH] [local@context-menu-overhaul] [2691:ApplyRegistryIcons]: No registry icon for '&Print' (verb 'print')
02:18:46.829 33728 explorer.exe  [WH] [local@context-menu-overhaul] [2648:LogHandlerCandidates]: Handler candidates for '' (SystemFileAssociations\.jpg): ShellImagePreview
02:18:46.830 33728 explorer.exe  [WH] [local@context-menu-overhaul] [2648:LogHandlerCandidates]: Handler candidates for '' (*): {C52B9871-E5E9-41FD-B84D-C5ACADBEC7AE}
02:18:46.830 33728 explorer.exe  [WH] [local@context-menu-overhaul] [2648:LogHandlerCandidates]: Handler candidates for '' (*): 7-Zip, AccExt, Adobe.Acrobat.ContextMenu, ANotepad++64, EPP, IDriveMenu, Open With, Open With EncryptionMenu, Sharing, TortoiseSVN, WinRAR, WinRAR32
02:18:46.834 33728 explorer.exe  [WH] [local@context-menu-overhaul] [2648:LogHandlerCandidates]: Handler candidates for '' (AllFilesystemObjects): ACShell, CopyAsPathMenu, DeleteFiles, MBAMShlExt, ModernSharing, SendTo, {474C98EE-CF3D-41f5-80E3-4AAB0AB04301}, {596AB062-B4D2-4215-9F74-E9109B0A8153}, {a2a9545d-a0c2-42b4-9708-a0b2badd77c8}
02:18:46.835 33728 explorer.exe  [WH] [local@context-menu-overhaul] [2691:ApplyRegistryIcons]: No registry icon for '' (verb '')
02:18:46.851 33728 explorer.exe  [WH] [local@context-menu-overhaul] [2648:LogHandlerCandidates]: Handler candidates for 'Add to &Favorites' (SystemFileAssociations\.jpg): ShellImagePreview
02:18:46.851 33728 explorer.exe  [WH] [local@context-menu-overhaul] [2648:LogHandlerCandidates]: Handler candidates for 'Add to &Favorites' (*): {C52B9871-E5E9-41FD-B84D-C5ACADBEC7AE}
02:18:46.852 33728 explorer.exe  [WH] [local@context-menu-overhaul] [2648:LogHandlerCandidates]: Handler candidates for 'Add to &Favorites' (*): 7-Zip, AccExt, Adobe.Acrobat.ContextMenu, ANotepad++64, EPP, IDriveMenu, Open With, Open With EncryptionMenu, Sharing, TortoiseSVN, WinRAR, WinRAR32
02:18:46.852 33728 explorer.exe  [WH] [local@context-menu-overhaul] [2648:LogHandlerCandidates]: Handler candidates for 'Add to &Favorites' (AllFilesystemObjects): ACShell, CopyAsPathMenu, DeleteFiles, MBAMShlExt, ModernSharing, SendTo, {474C98EE-CF3D-41f5-80E3-4AAB0AB04301}, {596AB062-B4D2-4215-9F74-E9109B0A8153}, {a2a9545d-a0c2-42b4-9708-a0b2badd77c8}
02:18:46.852 33728 explorer.exe  [WH] [local@context-menu-overhaul] [2691:ApplyRegistryIcons]: No registry icon for 'Add to &Favorites' (verb 'pintohomefile')
02:18:46.878 33728 explorer.exe  [WH] [local@context-menu-overhaul] [2648:LogHandlerCandidates]: Handler candidates for 'Rotate righ&t' (SystemFileAssociations\.jpg): ShellImagePreview
02:18:46.878 33728 explorer.exe  [WH] [local@context-menu-overhaul] [2648:LogHandlerCandidates]: Handler candidates for 'Rotate righ&t' (*): {C52B9871-E5E9-41FD-B84D-C5ACADBEC7AE}
02:18:46.878 33728 explorer.exe  [WH] [local@context-menu-overhaul] [2648:LogHandlerCandidates]: Handler candidates for 'Rotate righ&t' (*): 7-Zip, AccExt, Adobe.Acrobat.ContextMenu, ANotepad++64, EPP, IDriveMenu, Open With, Open With EncryptionMenu, Sharing, TortoiseSVN, WinRAR, WinRAR32
02:18:46.878 33728 explorer.exe  [WH] [local@context-menu-overhaul] [2648:LogHandlerCandidates]: Handler candidates for 'Rotate righ&t' (AllFilesystemObjects): ACShell, CopyAsPathMenu, DeleteFiles, MBAMShlExt, ModernSharing, SendTo, {474C98EE-CF3D-41f5-80E3-4AAB0AB04301}, {596AB062-B4D2-4215-9F74-E9109B0A8153}, {a2a9545d-a0c2-42b4-9708-a0b2badd77c8}
02:18:46.879 33728 explorer.exe  [WH] [local@context-menu-overhaul] [2691:ApplyRegistryIcons]: No registry icon for 'Rotate righ&t' (verb 'rotate90')
02:18:46.888 33728 explorer.exe  [WH] [local@context-menu-overhaul] [2648:LogHandlerCandidates]: Handler candidates for 'Rotate &left' (SystemFileAssociations\.jpg): ShellImagePreview
02:18:46.888 33728 explorer.exe  [WH] [local@context-menu-overhaul] [2648:LogHandlerCandidates]: Handler candidates for 'Rotate &left' (*): {C52B9871-E5E9-41FD-B84D-C5ACADBEC7AE}
02:18:46.888 33728 explorer.exe  [WH] [local@context-menu-overhaul] [2648:LogHandlerCandidates]: Handler candidates for 'Rotate &left' (*): 7-Zip, AccExt, Adobe.Acrobat.ContextMenu, ANotepad++64, EPP, IDriveMenu, Open With, Open With EncryptionMenu, Sharing, TortoiseSVN, WinRAR, WinRAR32
02:18:46.888 33728 explorer.exe  [WH] [local@context-menu-overhaul] [2648:LogHandlerCandidates]: Handler candidates for 'Rotate &left' (AllFilesystemObjects): ACShell, CopyAsPathMenu, DeleteFiles, MBAMShlExt, ModernSharing, SendTo, {474C98EE-CF3D-41f5-80E3-4AAB0AB04301}, {596AB062-B4D2-4215-9F74-E9109B0A8153}, {a2a9545d-a0c2-42b4-9708-a0b2badd77c8}
02:18:46.889 33728 explorer.exe  [WH] [local@context-menu-overhaul] [2691:ApplyRegistryIcons]: No registry icon for 'Rotate &left' (verb 'rotate270')
02:18:46.910 33728 explorer.exe  [WH] [local@context-menu-overhaul] [2648:LogHandlerCandidates]: Handler candidates for 'Open wit&h' (SystemFileAssociations\.jpg): ShellImagePreview
02:18:46.910 33728 explorer.exe  [WH] [local@context-menu-overhaul] [2648:LogHandlerCandidates]: Handler candidates for 'Open wit&h' (*): {C52B9871-E5E9-41FD-B84D-C5ACADBEC7AE}
02:18:46.911 33728 explorer.exe  [WH] [local@context-menu-overhaul] [2648:LogHandlerCandidates]: Handler candidates for 'Open wit&h' (*): 7-Zip, AccExt, Adobe.Acrobat.ContextMenu, ANotepad++64, EPP, IDriveMenu, Open With, Open With EncryptionMenu, Sharing, TortoiseSVN, WinRAR, WinRAR32
02:18:46.911 33728 explorer.exe  [WH] [local@context-menu-overhaul] [2648:LogHandlerCandidates]: Handler candidates for 'Open wit&h' (AllFilesystemObjects): ACShell, CopyAsPathMenu, DeleteFiles, MBAMShlExt, ModernSharing, SendTo, {474C98EE-CF3D-41f5-80E3-4AAB0AB04301}, {596AB062-B4D2-4215-9F74-E9109B0A8153}, {a2a9545d-a0c2-42b4-9708-a0b2badd77c8}
02:18:46.911 33728 explorer.exe  [WH] [local@context-menu-overhaul] [2691:ApplyRegistryIcons]: No registry icon for 'Open wit&h' (verb '')
02:18:47.015 19196 explorer.exe  [WH] [local@context-menu-overhaul] [2648:LogHandlerCandidates]: Handler candidates for '&Open' (SystemFileAssociations\.jpg): ShellImagePreview
02:18:47.015 19196 explorer.exe  [WH] [local@context-menu-overhaul] [2648:LogHandlerCandidates]: Handler candidates for '&Open' (*): {C52B9871-E5E9-41FD-B84D-C5ACADBEC7AE}
02:18:47.015 19196 explorer.exe  [WH] [local@context-menu-overhaul] [2648:LogHandlerCandidates]: Handler candidates for '&Open' (*): 7-Zip, AccExt, Adobe.Acrobat.ContextMenu, ANotepad++64, EPP, IDriveMenu, Open With, Open With EncryptionMenu, Sharing, TortoiseSVN, WinRAR, WinRAR32
02:18:47.015 19196 explorer.exe  [WH] [local@context-menu-overhaul] [2648:LogHandlerCandidates]: Handler candidates for '&Open' (AllFilesystemObjects): ACShell, CopyAsPathMenu, DeleteFiles, MBAMShlExt, ModernSharing, SendTo, {474C98EE-CF3D-41f5-80E3-4AAB0AB04301}, {596AB062-B4D2-4215-9F74-E9109B0A8153}, {a2a9545d-a0c2-42b4-9708-a0b2badd77c8}
02:18:47.016 19196 explorer.exe  [WH] [local@context-menu-overhaul] [2691:ApplyRegistryIcons]: No registry icon for '&Open' (verb 'open')
02:18:47.020 33728 explorer.exe  [WH] [local@context-menu-overhaul] [2648:LogHandlerCandidates]: Handler candidates for 'Copy &as path' (SystemFileAssociations\.jpg): ShellImagePreview
02:18:47.021 33728 explorer.exe  [WH] [local@context-menu-overhaul] [2648:LogHandlerCandidates]: Handler candidates for 'Copy &as path' (*): {C52B9871-E5E9-41FD-B84D-C5ACADBEC7AE}
02:18:47.021 33728 explorer.exe  [WH] [local@context-menu-overhaul] [2648:LogHandlerCandidates]: Handler candidates for 'Copy &as path' (*): 7-Zip, AccExt, Adobe.Acrobat.ContextMenu, ANotepad++64, EPP, IDriveMenu, Open With, Open With EncryptionMenu, Sharing, TortoiseSVN, WinRAR, WinRAR32
02:18:47.021 33728 explorer.exe  [WH] [local@context-menu-overhaul] [2648:LogHandlerCandidates]: Handler candidates for 'Copy &as path' (AllFilesystemObjects): ACShell, CopyAsPathMenu, DeleteFiles, MBAMShlExt, ModernSharing, SendTo, {474C98EE-CF3D-41f5-80E3-4AAB0AB04301}, {596AB062-B4D2-4215-9F74-E9109B0A8153}, {a2a9545d-a0c2-42b4-9708-a0b2badd77c8}
02:18:47.021 33728 explorer.exe  [WH] [local@context-menu-overhaul] [2691:ApplyRegistryIcons]: No registry icon for 'Copy &as path' (verb 'copyaspath')
02:18:47.038 19196 explorer.exe  [WH] [local@context-menu-overhaul] [2648:LogHandlerCandidates]: Handler candidates for 'Set as desktop &background' (SystemFileAssociations\.jpg): ShellImagePreview
02:18:47.038 19196 explorer.exe  [WH] [local@context-menu-overhaul] [2648:LogHandlerCandidates]: Handler candidates for 'Set as desktop &background' (*): {C52B9871-E5E9-41FD-B84D-C5ACADBEC7AE}
02:18:47.038 19196 explorer.exe  [WH] [local@context-menu-overhaul] [2648:LogHandlerCandidates]: Handler candidates for 'Set as desktop &background' (*): 7-Zip, AccExt, Adobe.Acrobat.ContextMenu, ANotepad++64, EPP, IDriveMenu, Open With, Open With EncryptionMenu, Sharing, TortoiseSVN, WinRAR, WinRAR32
02:18:47.039 19196 explorer.exe  [WH] [local@context-menu-overhaul] [2648:LogHandlerCandidates]: Handler candidates for 'Set as desktop &background' (AllFilesystemObjects): ACShell, CopyAsPathMenu, DeleteFiles, MBAMShlExt, ModernSharing, SendTo, {474C98EE-CF3D-41f5-80E3-4AAB0AB04301}, {596AB062-B4D2-4215-9F74-E9109B0A8153}, {a2a9545d-a0c2-42b4-9708-a0b2badd77c8}
02:18:47.039 19196 explorer.exe  [WH] [local@context-menu-overhaul] [2691:ApplyRegistryIcons]: No registry icon for 'Set as desktop &background' (verb 'setdesktopwallpaper')
02:18:47.048 33728 explorer.exe  [WH] [local@context-menu-overhaul] [2648:LogHandlerCandidates]: Handler candidates for 'Restore previous &versions' (SystemFileAssociations\.jpg): ShellImagePreview
02:18:47.049 33728 explorer.exe  [WH] [local@context-menu-overhaul] [2648:LogHandlerCandidates]: Handler candidates for 'Restore previous &versions' (*): {C52B9871-E5E9-41FD-B84D-C5ACADBEC7AE}
02:18:47.049 33728 explorer.exe  [WH] [local@context-menu-overhaul] [2648:LogHandlerCandidates]: Handler candidates for 'Restore previous &versions' (*): 7-Zip, AccExt, Adobe.Acrobat.ContextMenu, ANotepad++64, EPP, IDriveMenu, Open With, Open With EncryptionMenu, Sharing, TortoiseSVN, WinRAR, WinRAR32
02:18:47.049 33728 explorer.exe  [WH] [local@context-menu-overhaul] [2648:LogHandlerCandidates]: Handler candidates for 'Restore previous &versions' (AllFilesystemObjects): ACShell, CopyAsPathMenu, DeleteFiles, MBAMShlExt, ModernSharing, SendTo, {474C98EE-CF3D-41f5-80E3-4AAB0AB04301}, {596AB062-B4D2-4215-9F74-E9109B0A8153}, {a2a9545d-a0c2-42b4-9708-a0b2badd77c8}
02:18:47.050 33728 explorer.exe  [WH] [local@context-menu-overhaul] [2691:ApplyRegistryIcons]: No registry icon for 'Restore previous &versions' (verb 'PreviousVersions')
02:18:47.051 19196 explorer.exe  [WH] [local@context-menu-overhaul] [2648:LogHandlerCandidates]: Handler candidates for '&Print' (SystemFileAssociations\.jpg): ShellImagePreview
02:18:47.052 19196 explorer.exe  [WH] [local@context-menu-overhaul] [2648:LogHandlerCandidates]: Handler candidates for '&Print' (*): {C52B9871-E5E9-41FD-B84D-C5ACADBEC7AE}
02:18:47.052 19196 explorer.exe  [WH] [local@context-menu-overhaul] [2648:LogHandlerCandidates]: Handler candidates for '&Print' (*): 7-Zip, AccExt, Adobe.Acrobat.ContextMenu, ANotepad++64, EPP, IDriveMenu, Open With, Open With EncryptionMenu, Sharing, TortoiseSVN, WinRAR, WinRAR32
02:18:47.052 19196 explorer.exe  [WH] [local@context-menu-overhaul] [2648:LogHandlerCandidates]: Handler candidates for '&Print' (AllFilesystemObjects): ACShell, CopyAsPathMenu, DeleteFiles, MBAMShlExt, ModernSharing, SendTo, {474C98EE-CF3D-41f5-80E3-4AAB0AB04301}, {596AB062-B4D2-4215-9F74-E9109B0A8153}, {a2a9545d-a0c2-42b4-9708-a0b2badd77c8}
02:18:47.053 19196 explorer.exe  [WH] [local@context-menu-overhaul] [2691:ApplyRegistryIcons]: No registry icon for '&Print' (verb 'print')
02:18:47.056 19196 explorer.exe  [WH] [local@context-menu-overhaul] [2648:LogHandlerCandidates]: Handler candidates for '' (SystemFileAssociations\.jpg): ShellImagePreview
02:18:47.057 19196 explorer.exe  [WH] [local@context-menu-overhaul] [2648:LogHandlerCandidates]: Handler candidates for '' (*): {C52B9871-E5E9-41FD-B84D-C5ACADBEC7AE}
02:18:47.057 19196 explorer.exe  [WH] [local@context-menu-overhaul] [2648:LogHandlerCandidates]: Handler candidates for '' (*): 7-Zip, AccExt, Adobe.Acrobat.ContextMenu, ANotepad++64, EPP, IDriveMenu, Open With, Open With EncryptionMenu, Sharing, TortoiseSVN, WinRAR, WinRAR32
02:18:47.057 19196 explorer.exe  [WH] [local@context-menu-overhaul] [2648:LogHandlerCandidates]: Handler candidates for '' (AllFilesystemObjects): ACShell, CopyAsPathMenu, DeleteFiles, MBAMShlExt, ModernSharing, SendTo, {474C98EE-CF3D-41f5-80E3-4AAB0AB04301}, {596AB062-B4D2-4215-9F74-E9109B0A8153}, {a2a9545d-a0c2-42b4-9708-a0b2badd77c8}
02:18:47.058 19196 explorer.exe  [WH] [local@context-menu-overhaul] [2691:ApplyRegistryIcons]: No registry icon for '' (verb '')
02:18:47.077 19196 explorer.exe  [WH] [local@context-menu-overhaul] [2648:LogHandlerCandidates]: Handler candidates for 'Add to &Favorites' (SystemFileAssociations\.jpg): ShellImagePreview
02:18:47.077 19196 explorer.exe  [WH] [local@context-menu-overhaul] [2648:LogHandlerCandidates]: Handler candidates for 'Add to &Favorites' (*): {C52B9871-E5E9-41FD-B84D-C5ACADBEC7AE}
02:18:47.077 19196 explorer.exe  [WH] [local@context-menu-overhaul] [2648:LogHandlerCandidates]: Handler candidates for 'Add to &Favorites' (*): 7-Zip, AccExt, Adobe.Acrobat.ContextMenu, ANotepad++64, EPP, IDriveMenu, Open With, Open With EncryptionMenu, Sharing, TortoiseSVN, WinRAR, WinRAR32
02:18:47.078 19196 explorer.exe  [WH] [local@context-menu-overhaul] [2648:LogHandlerCandidates]: Handler candidates for 'Add to &Favorites' (AllFilesystemObjects): ACShell, CopyAsPathMenu, DeleteFiles, MBAMShlExt, ModernSharing, SendTo, {474C98EE-CF3D-41f5-80E3-4AAB0AB04301}, {596AB062-B4D2-4215-9F74-E9109B0A8153}, {a2a9545d-a0c2-42b4-9708-a0b2badd77c8}
02:18:47.078 19196 explorer.exe  [WH] [local@context-menu-overhaul] [2691:ApplyRegistryIcons]: No registry icon for 'Add to &Favorites' (verb 'pintohomefile')
02:18:47.110 19196 explorer.exe  [WH] [local@context-menu-overhaul] [2648:LogHandlerCandidates]: Handler candidates for 'Rotate righ&t' (SystemFileAssociations\.jpg): ShellImagePreview
02:18:47.110 19196 explorer.exe  [WH] [local@context-menu-overhaul] [2648:LogHandlerCandidates]: Handler candidates for 'Rotate righ&t' (*): {C52B9871-E5E9-41FD-B84D-C5ACADBEC7AE}
02:18:47.111 19196 explorer.exe  [WH] [local@context-menu-overhaul] [2648:LogHandlerCandidates]: Handler candidates for 'Rotate righ&t' (*): 7-Zip, AccExt, Adobe.Acrobat.ContextMenu, ANotepad++64, EPP, IDriveMenu, Open With, Open With EncryptionMenu, Sharing, TortoiseSVN, WinRAR, WinRAR32
02:18:47.111 19196 explorer.exe  [WH] [local@context-menu-overhaul] [2648:LogHandlerCandidates]: Handler candidates for 'Rotate righ&t' (AllFilesystemObjects): ACShell, CopyAsPathMenu, DeleteFiles, MBAMShlExt, ModernSharing, SendTo, {474C98EE-CF3D-41f5-80E3-4AAB0AB04301}, {596AB062-B4D2-4215-9F74-E9109B0A8153}, {a2a9545d-a0c2-42b4-9708-a0b2badd77c8}
02:18:47.112 19196 explorer.exe  [WH] [local@context-menu-overhaul] [2691:ApplyRegistryIcons]: No registry icon for 'Rotate righ&t' (verb 'rotate90')
02:18:47.133 19196 explorer.exe  [WH] [local@context-menu-overhaul] [2648:LogHandlerCandidates]: Handler candidates for 'Rotate &left' (SystemFileAssociations\.jpg): ShellImagePreview
02:18:47.134 19196 explorer.exe  [WH] [local@context-menu-overhaul] [2648:LogHandlerCandidates]: Handler candidates for 'Rotate &left' (*): {C52B9871-E5E9-41FD-B84D-C5ACADBEC7AE}
02:18:47.135 19196 explorer.exe  [WH] [local@context-menu-overhaul] [2648:LogHandlerCandidates]: Handler candidates for 'Rotate &left' (*): 7-Zip, AccExt, Adobe.Acrobat.ContextMenu, ANotepad++64, EPP, IDriveMenu, Open With, Open With EncryptionMenu, Sharing, TortoiseSVN, WinRAR, WinRAR32
02:18:47.135 19196 explorer.exe  [WH] [local@context-menu-overhaul] [2648:LogHandlerCandidates]: Handler candidates for 'Rotate &left' (AllFilesystemObjects): ACShell, CopyAsPathMenu, DeleteFiles, MBAMShlExt, ModernSharing, SendTo, {474C98EE-CF3D-41f5-80E3-4AAB0AB04301}, {596AB062-B4D2-4215-9F74-E9109B0A8153}, {a2a9545d-a0c2-42b4-9708-a0b2badd77c8}
02:18:47.136 19196 explorer.exe  [WH] [local@context-menu-overhaul] [2691:ApplyRegistryIcons]: No registry icon for 'Rotate &left' (verb 'rotate270')
02:18:47.166 33728 explorer.exe  [WH] [local@context-menu-overhaul] [2648:LogHandlerCandidates]: Handler candidates for 'Cu&t' (SystemFileAssociations\.jpg): ShellImagePreview
02:18:47.167 33728 explorer.exe  [WH] [local@context-menu-overhaul] [2648:LogHandlerCandidates]: Handler candidates for 'Cu&t' (*): {C52B9871-E5E9-41FD-B84D-C5ACADBEC7AE}
02:18:47.167 19196 explorer.exe  [WH] [local@context-menu-overhaul] [2648:LogHandlerCandidates]: Handler candidates for 'Open wit&h' (SystemFileAssociations\.jpg): ShellImagePreview
02:18:47.167 33728 explorer.exe  [WH] [local@context-menu-overhaul] [2648:LogHandlerCandidates]: Handler candidates for 'Cu&t' (*): 7-Zip, AccExt, Adobe.Acrobat.ContextMenu, ANotepad++64, EPP, IDriveMenu, Open With, Open With EncryptionMenu, Sharing, TortoiseSVN, WinRAR, WinRAR32
02:18:47.167 19196 explorer.exe  [WH] [local@context-menu-overhaul] [2648:LogHandlerCandidates]: Handler candidates for 'Open wit&h' (*): {C52B9871-E5E9-41FD-B84D-C5ACADBEC7AE}
02:18:47.168 33728 explorer.exe  [WH] [local@context-menu-overhaul] [2648:LogHandlerCandidates]: Handler candidates for 'Cu&t' (AllFilesystemObjects): ACShell, CopyAsPathMenu, DeleteFiles, MBAMShlExt, ModernSharing, SendTo, {474C98EE-CF3D-41f5-80E3-4AAB0AB04301}, {596AB062-B4D2-4215-9F74-E9109B0A8153}, {a2a9545d-a0c2-42b4-9708-a0b2badd77c8}
02:18:47.169 19196 explorer.exe  [WH] [local@context-menu-overhaul] [2648:LogHandlerCandidates]: Handler candidates for 'Open wit&h' (*): 7-Zip, AccExt, Adobe.Acrobat.ContextMenu, ANotepad++64, EPP, IDriveMenu, Open With, Open With EncryptionMenu, Sharing, TortoiseSVN, WinRAR, WinRAR32
02:18:47.169 33728 explorer.exe  [WH] [local@context-menu-overhaul] [2691:ApplyRegistryIcons]: No registry icon for 'Cu&t' (verb 'cut')
02:18:47.169 19196 explorer.exe  [WH] [local@context-menu-overhaul] [2648:LogHandlerCandidates]: Handler candidates for 'Open wit&h' (AllFilesystemObjects): ACShell, CopyAsPathMenu, DeleteFiles, MBAMShlExt, ModernSharing, SendTo, {474C98EE-CF3D-41f5-80E3-4AAB0AB04301}, {596AB062-B4D2-4215-9F74-E9109B0A8153}, {a2a9545d-a0c2-42b4-9708-a0b2badd77c8}
02:18:47.170 19196 explorer.exe  [WH] [local@context-menu-overhaul] [2691:ApplyRegistryIcons]: No registry icon for 'Open wit&h' (verb '')
02:18:47.179 33728 explorer.exe  [WH] [local@context-menu-overhaul] [2648:LogHandlerCandidates]: Handler candidates for '&Copy' (SystemFileAssociations\.jpg): ShellImagePreview
02:18:47.180 33728 explorer.exe  [WH] [local@context-menu-overhaul] [2648:LogHandlerCandidates]: Handler candidates for '&Copy' (*): {C52B9871-E5E9-41FD-B84D-C5ACADBEC7AE}
02:18:47.180 33728 explorer.exe  [WH] [local@context-menu-overhaul] [2648:LogHandlerCandidates]: Handler candidates for '&Copy' (*): 7-Zip, AccExt, Adobe.Acrobat.ContextMenu, ANotepad++64, EPP, IDriveMenu, Open With, Open With EncryptionMenu, Sharing, TortoiseSVN, WinRAR, WinRAR32
02:18:47.180 33728 explorer.exe  [WH] [local@context-menu-overhaul] [2648:LogHandlerCandidates]: Handler candidates for '&Copy' (AllFilesystemObjects): ACShell, CopyAsPathMenu, DeleteFiles, MBAMShlExt, ModernSharing, SendTo, {474C98EE-CF3D-41f5-80E3-4AAB0AB04301}, {596AB062-B4D2-4215-9F74-E9109B0A8153}, {a2a9545d-a0c2-42b4-9708-a0b2badd77c8}
02:18:47.180 33728 explorer.exe  [WH] [local@context-menu-overhaul] [2691:ApplyRegistryIcons]: No registry icon for '&Copy' (verb 'copy')
02:18:47.189 33728 explorer.exe  [WH] [local@context-menu-overhaul] [2648:LogHandlerCandidates]: Handler candidates for 'Create &shortcut' (SystemFileAssociations\.jpg): ShellImagePreview
02:18:47.189 33728 explorer.exe  [WH] [local@context-menu-overhaul] [2648:LogHandlerCandidates]: Handler candidates for 'Create &shortcut' (*): {C52B9871-E5E9-41FD-B84D-C5ACADBEC7AE}
02:18:47.189 33728 explorer.exe  [WH] [local@context-menu-overhaul] [2648:LogHandlerCandidates]: Handler candidates for 'Create &shortcut' (*): 7-Zip, AccExt, Adobe.Acrobat.ContextMenu, ANotepad++64, EPP, IDriveMenu, Open With, Open With EncryptionMenu, Sharing, TortoiseSVN, WinRAR, WinRAR32
02:18:47.190 33728 explorer.exe  [WH] [local@context-menu-overhaul] [2648:LogHandlerCandidates]: Handler candidates for 'Create &shortcut' (AllFilesystemObjects): ACShell, CopyAsPathMenu, DeleteFiles, MBAMShlExt, ModernSharing, SendTo, {474C98EE-CF3D-41f5-80E3-4AAB0AB04301}, {596AB062-B4D2-4215-9F74-E9109B0A8153}, {a2a9545d-a0c2-42b4-9708-a0b2badd77c8}
02:18:47.190 33728 explorer.exe  [WH] [local@context-menu-overhaul] [2691:ApplyRegistryIcons]: No registry icon for 'Create &shortcut' (verb 'link')
02:18:47.199 33728 explorer.exe  [WH] [local@context-menu-overhaul] [2648:LogHandlerCandidates]: Handler candidates for '&Delete' (SystemFileAssociations\.jpg): ShellImagePreview
02:18:47.199 33728 explorer.exe  [WH] [local@context-menu-overhaul] [2648:LogHandlerCandidates]: Handler candidates for '&Delete' (*): {C52B9871-E5E9-41FD-B84D-C5ACADBEC7AE}
02:18:47.200 33728 explorer.exe  [WH] [local@context-menu-overhaul] [2648:LogHandlerCandidates]: Handler candidates for '&Delete' (*): 7-Zip, AccExt, Adobe.Acrobat.ContextMenu, ANotepad++64, EPP, IDriveMenu, Open With, Open With EncryptionMenu, Sharing, TortoiseSVN, WinRAR, WinRAR32
02:18:47.200 33728 explorer.exe  [WH] [local@context-menu-overhaul] [2648:LogHandlerCandidates]: Handler candidates for '&Delete' (AllFilesystemObjects): ACShell, CopyAsPathMenu, DeleteFiles, MBAMShlExt, ModernSharing, SendTo, {474C98EE-CF3D-41f5-80E3-4AAB0AB04301}, {596AB062-B4D2-4215-9F74-E9109B0A8153}, {a2a9545d-a0c2-42b4-9708-a0b2badd77c8}
02:18:47.200 33728 explorer.exe  [WH] [local@context-menu-overhaul] [2691:ApplyRegistryIcons]: No registry icon for '&Delete' (verb 'delete')
02:18:47.209 33728 explorer.exe  [WH] [local@context-menu-overhaul] [2648:LogHandlerCandidates]: Handler candidates for 'P&roperties' (SystemFileAssociations\.jpg): ShellImagePreview
02:18:47.210 33728 explorer.exe  [WH] [local@context-menu-overhaul] [2648:LogHandlerCandidates]: Handler candidates for 'P&roperties' (*): {C52B9871-E5E9-41FD-B84D-C5ACADBEC7AE}
02:18:47.210 33728 explorer.exe  [WH] [local@context-menu-overhaul] [2648:LogHandlerCandidates]: Handler candidates for 'P&roperties' (*): 7-Zip, AccExt, Adobe.Acrobat.ContextMenu, ANotepad++64, EPP, IDriveMenu, Open With, Open With EncryptionMenu, Sharing, TortoiseSVN, WinRAR, WinRAR32
02:18:47.211 33728 explorer.exe  [WH] [local@context-menu-overhaul] [2648:LogHandlerCandidates]: Handler candidates for 'P&roperties' (AllFilesystemObjects): ACShell, CopyAsPathMenu, DeleteFiles, MBAMShlExt, ModernSharing, SendTo, {474C98EE-CF3D-41f5-80E3-4AAB0AB04301}, {596AB062-B4D2-4215-9F74-E9109B0A8153}, {a2a9545d-a0c2-42b4-9708-a0b2badd77c8}
02:18:47.211 33728 explorer.exe  [WH] [local@context-menu-overhaul] [2691:ApplyRegistryIcons]: No registry icon for 'P&roperties' (verb 'properties')
02:18:47.266 19196 explorer.exe  [WH] [local@context-menu-overhaul] [2648:LogHandlerCandidates]: Handler candidates for 'Copy &as path' (SystemFileAssociations\.jpg): ShellImagePreview
02:18:47.266 19196 explorer.exe  [WH] [local@context-menu-overhaul] [2648:LogHandlerCandidates]: Handler candidates for 'Copy &as path' (*): {C52B9871-E5E9-41FD-B84D-C5ACADBEC7AE}
02:18:47.266 19196 explorer.exe  [WH] [local@context-menu-overhaul] [2648:LogHandlerCandidates]: Handler candidates for 'Copy &as path' (*): 7-Zip, AccExt, Adobe.Acrobat.ContextMenu, ANotepad++64, EPP, IDriveMenu, Open With, Open With EncryptionMenu, Sharing, TortoiseSVN, WinRAR, WinRAR32
02:18:47.266 19196 explorer.exe  [WH] [local@context-menu-overhaul] [2648:LogHandlerCandidates]: Handler candidates for 'Copy &as path' (AllFilesystemObjects): ACShell, CopyAsPathMenu, DeleteFiles, MBAMShlExt, ModernSharing, SendTo, {474C98EE-CF3D-41f5-80E3-4AAB0AB04301}, {596AB062-B4D2-4215-9F74-E9109B0A8153}, {a2a9545d-a0c2-42b4-9708-a0b2badd77c8}
02:18:47.267 19196 explorer.exe  [WH] [local@context-menu-overhaul] [2691:ApplyRegistryIcons]: No registry icon for 'Copy &as path' (verb 'copyaspath')
02:18:47.304 19196 explorer.exe  [WH] [local@context-menu-overhaul] [2648:LogHandlerCandidates]: Handler candidates for 'Restore previous &versions' (SystemFileAssociations\.jpg): ShellImagePreview
02:18:47.305 19196 explorer.exe  [WH] [local@context-menu-overhaul] [2648:LogHandlerCandidates]: Handler candidates for 'Restore previous &versions' (*): {C52B9871-E5E9-41FD-B84D-C5ACADBEC7AE}
02:18:47.305 19196 explorer.exe  [WH] [local@context-menu-overhaul] [2648:LogHandlerCandidates]: Handler candidates for 'Restore previous &versions' (*): 7-Zip, AccExt, Adobe.Acrobat.ContextMenu, ANotepad++64, EPP, IDriveMenu, Open With, Open With EncryptionMenu, Sharing, TortoiseSVN, WinRAR, WinRAR32
02:18:47.305 19196 explorer.exe  [WH] [local@context-menu-overhaul] [2648:LogHandlerCandidates]: Handler candidates for 'Restore previous &versions' (AllFilesystemObjects): ACShell, CopyAsPathMenu, DeleteFiles, MBAMShlExt, ModernSharing, SendTo, {474C98EE-CF3D-41f5-80E3-4AAB0AB04301}, {596AB062-B4D2-4215-9F74-E9109B0A8153}, {a2a9545d-a0c2-42b4-9708-a0b2badd77c8}
02:18:47.306 19196 explorer.exe  [WH] [local@context-menu-overhaul] [2691:ApplyRegistryIcons]: No registry icon for 'Restore previous &versions' (verb 'PreviousVersions')
02:18:47.420 19196 explorer.exe  [WH] [local@context-menu-overhaul] [2648:LogHandlerCandidates]: Handler candidates for 'Cu&t' (SystemFileAssociations\.jpg): ShellImagePreview
02:18:47.420 19196 explorer.exe  [WH] [local@context-menu-overhaul] [2648:LogHandlerCandidates]: Handler candidates for 'Cu&t' (*): {C52B9871-E5E9-41FD-B84D-C5ACADBEC7AE}
02:18:47.420 19196 explorer.exe  [WH] [local@context-menu-overhaul] [2648:LogHandlerCandidates]: Handler candidates for 'Cu&t' (*): 7-Zip, AccExt, Adobe.Acrobat.ContextMenu, ANotepad++64, EPP, IDriveMenu, Open With, Open With EncryptionMenu, Sharing, TortoiseSVN, WinRAR, WinRAR32
02:18:47.420 19196 explorer.exe  [WH] [local@context-menu-overhaul] [2648:LogHandlerCandidates]: Handler candidates for 'Cu&t' (AllFilesystemObjects): ACShell, CopyAsPathMenu, DeleteFiles, MBAMShlExt, ModernSharing, SendTo, {474C98EE-CF3D-41f5-80E3-4AAB0AB04301}, {596AB062-B4D2-4215-9F74-E9109B0A8153}, {a2a9545d-a0c2-42b4-9708-a0b2badd77c8}
02:18:47.420 19196 explorer.exe  [WH] [local@context-menu-overhaul] [2691:ApplyRegistryIcons]: No registry icon for 'Cu&t' (verb 'cut')
02:18:47.434 19196 explorer.exe  [WH] [local@context-menu-overhaul] [2648:LogHandlerCandidates]: Handler candidates for '&Copy' (SystemFileAssociations\.jpg): ShellImagePreview
02:18:47.434 19196 explorer.exe  [WH] [local@context-menu-overhaul] [2648:LogHandlerCandidates]: Handler candidates for '&Copy' (*): {C52B9871-E5E9-41FD-B84D-C5ACADBEC7AE}
02:18:47.434 19196 explorer.exe  [WH] [local@context-menu-overhaul] [2648:LogHandlerCandidates]: Handler candidates for '&Copy' (*): 7-Zip, AccExt, Adobe.Acrobat.ContextMenu, ANotepad++64, EPP, IDriveMenu, Open With, Open With EncryptionMenu, Sharing, TortoiseSVN, WinRAR, WinRAR32
02:18:47.434 19196 explorer.exe  [WH] [local@context-menu-overhaul] [2648:LogHandlerCandidates]: Handler candidates for '&Copy' (AllFilesystemObjects): ACShell, CopyAsPathMenu, DeleteFiles, MBAMShlExt, ModernSharing, SendTo, {474C98EE-CF3D-41f5-80E3-4AAB0AB04301}, {596AB062-B4D2-4215-9F74-E9109B0A8153}, {a2a9545d-a0c2-42b4-9708-a0b2badd77c8}
02:18:47.435 19196 explorer.exe  [WH] [local@context-menu-overhaul] [2691:ApplyRegistryIcons]: No registry icon for '&Copy' (verb 'copy')
02:18:47.446 19196 explorer.exe  [WH] [local@context-menu-overhaul] [2648:LogHandlerCandidates]: Handler candidates for 'Create &shortcut' (SystemFileAssociations\.jpg): ShellImagePreview
02:18:47.447 19196 explorer.exe  [WH] [local@context-menu-overhaul] [2648:LogHandlerCandidates]: Handler candidates for 'Create &shortcut' (*): {C52B9871-E5E9-41FD-B84D-C5ACADBEC7AE}
02:18:47.447 19196 explorer.exe  [WH] [local@context-menu-overhaul] [2648:LogHandlerCandidates]: Handler candidates for 'Create &shortcut' (*): 7-Zip, AccExt, Adobe.Acrobat.ContextMenu, ANotepad++64, EPP, IDriveMenu, Open With, Open With EncryptionMenu, Sharing, TortoiseSVN, WinRAR, WinRAR32
02:18:47.447 19196 explorer.exe  [WH] [local@context-menu-overhaul] [2648:LogHandlerCandidates]: Handler candidates for 'Create &shortcut' (AllFilesystemObjects): ACShell, CopyAsPathMenu, DeleteFiles, MBAMShlExt, ModernSharing, SendTo, {474C98EE-CF3D-41f5-80E3-4AAB0AB04301}, {596AB062-B4D2-4215-9F74-E9109B0A8153}, {a2a9545d-a0c2-42b4-9708-a0b2badd77c8}
02:18:47.448 19196 explorer.exe  [WH] [local@context-menu-overhaul] [2691:ApplyRegistryIcons]: No registry icon for 'Create &shortcut' (verb 'link')
02:18:47.458 19196 explorer.exe  [WH] [local@context-menu-overhaul] [2648:LogHandlerCandidates]: Handler candidates for '&Delete' (SystemFileAssociations\.jpg): ShellImagePreview
02:18:47.458 19196 explorer.exe  [WH] [local@context-menu-overhaul] [2648:LogHandlerCandidates]: Handler candidates for '&Delete' (*): {C52B9871-E5E9-41FD-B84D-C5ACADBEC7AE}
02:18:47.459 19196 explorer.exe  [WH] [local@context-menu-overhaul] [2648:LogHandlerCandidates]: Handler candidates for '&Delete' (*): 7-Zip, AccExt, Adobe.Acrobat.ContextMenu, ANotepad++64, EPP, IDriveMenu, Open With, Open With EncryptionMenu, Sharing, TortoiseSVN, WinRAR, WinRAR32
02:18:47.459 19196 explorer.exe  [WH] [local@context-menu-overhaul] [2648:LogHandlerCandidates]: Handler candidates for '&Delete' (AllFilesystemObjects): ACShell, CopyAsPathMenu, DeleteFiles, MBAMShlExt, ModernSharing, SendTo, {474C98EE-CF3D-41f5-80E3-4AAB0AB04301}, {596AB062-B4D2-4215-9F74-E9109B0A8153}, {a2a9545d-a0c2-42b4-9708-a0b2badd77c8}
02:18:47.459 19196 explorer.exe  [WH] [local@context-menu-overhaul] [2691:ApplyRegistryIcons]: No registry icon for '&Delete' (verb 'delete')
02:18:47.470 19196 explorer.exe  [WH] [local@context-menu-overhaul] [2648:LogHandlerCandidates]: Handler candidates for 'P&roperties' (SystemFileAssociations\.jpg): ShellImagePreview
02:18:47.470 19196 explorer.exe  [WH] [local@context-menu-overhaul] [2648:LogHandlerCandidates]: Handler candidates for 'P&roperties' (*): {C52B9871-E5E9-41FD-B84D-C5ACADBEC7AE}
02:18:47.470 19196 explorer.exe  [WH] [local@context-menu-overhaul] [2648:LogHandlerCandidates]: Handler candidates for 'P&roperties' (*): 7-Zip, AccExt, Adobe.Acrobat.ContextMenu, ANotepad++64, EPP, IDriveMenu, Open With, Open With EncryptionMenu, Sharing, TortoiseSVN, WinRAR, WinRAR32
02:18:47.471 19196 explorer.exe  [WH] [local@context-menu-overhaul] [2648:LogHandlerCandidates]: Handler candidates for 'P&roperties' (AllFilesystemObjects): ACShell, CopyAsPathMenu, DeleteFiles, MBAMShlExt, ModernSharing, SendTo, {474C98EE-CF3D-41f5-80E3-4AAB0AB04301}, {596AB062-B4D2-4215-9F74-E9109B0A8153}, {a2a9545d-a0c2-42b4-9708-a0b2badd77c8}
02:18:47.471 19196 explorer.exe  [WH] [local@context-menu-overhaul] [2691:ApplyRegistryIcons]: No registry icon for 'P&roperties' (verb 'properties')
02:18:47.473 33728 explorer.exe  [WH] [local@context-menu-overhaul] [2648:LogHandlerCandidates]: Handler candidates for '&Open' (SystemFileAssociations\.png): ShellImagePreview
02:18:47.473 33728 explorer.exe  [WH] [local@context-menu-overhaul] [2648:LogHandlerCandidates]: Handler candidates for '&Open' (*): {C52B9871-E5E9-41FD-B84D-C5ACADBEC7AE}
02:18:47.473 33728 explorer.exe  [WH] [local@context-menu-overhaul] [2648:LogHandlerCandidates]: Handler candidates for '&Open' (*): 7-Zip, AccExt, Adobe.Acrobat.ContextMenu, ANotepad++64, EPP, IDriveMenu, Open With, Open With EncryptionMenu, Sharing, TortoiseSVN, WinRAR, WinRAR32
02:18:47.474 33728 explorer.exe  [WH] [local@context-menu-overhaul] [2648:LogHandlerCandidates]: Handler candidates for '&Open' (AllFilesystemObjects): ACShell, CopyAsPathMenu, DeleteFiles, MBAMShlExt, ModernSharing, SendTo, {474C98EE-CF3D-41f5-80E3-4AAB0AB04301}, {596AB062-B4D2-4215-9F74-E9109B0A8153}, {a2a9545d-a0c2-42b4-9708-a0b2badd77c8}
02:18:47.474 33728 explorer.exe  [WH] [local@context-menu-overhaul] [2691:ApplyRegistryIcons]: No registry icon for '&Open' (verb 'open')
02:18:47.490 33728 explorer.exe  [WH] [local@context-menu-overhaul] [2648:LogHandlerCandidates]: Handler candidates for 'Set as desktop &background' (SystemFileAssociations\.png): ShellImagePreview
02:18:47.490 33728 explorer.exe  [WH] [local@context-menu-overhaul] [2648:LogHandlerCandidates]: Handler candidates for 'Set as desktop &background' (*): {C52B9871-E5E9-41FD-B84D-C5ACADBEC7AE}
02:18:47.490 33728 explorer.exe  [WH] [local@context-menu-overhaul] [2648:LogHandlerCandidates]: Handler candidates for 'Set as desktop &background' (*): 7-Zip, AccExt, Adobe.Acrobat.ContextMenu, ANotepad++64, EPP, IDriveMenu, Open With, Open With EncryptionMenu, Sharing, TortoiseSVN, WinRAR, WinRAR32
02:18:47.490 33728 explorer.exe  [WH] [local@context-menu-overhaul] [2648:LogHandlerCandidates]: Handler candidates for 'Set as desktop &background' (AllFilesystemObjects): ACShell, CopyAsPathMenu, DeleteFiles, MBAMShlExt, ModernSharing, SendTo, {474C98EE-CF3D-41f5-80E3-4AAB0AB04301}, {596AB062-B4D2-4215-9F74-E9109B0A8153}, {a2a9545d-a0c2-42b4-9708-a0b2badd77c8}
02:18:47.491 33728 explorer.exe  [WH] [local@context-menu-overhaul] [2691:ApplyRegistryIcons]: No registry icon for 'Set as desktop &background' (verb 'setdesktopwallpaper')
02:18:47.499 33728 explorer.exe  [WH] [local@context-menu-overhaul] [2648:LogHandlerCandidates]: Handler candidates for '&Print' (SystemFileAssociations\.png): ShellImagePreview
02:18:47.500 33728 explorer.exe  [WH] [local@context-menu-overhaul] [2648:LogHandlerCandidates]: Handler candidates for '&Print' (*): {C52B9871-E5E9-41FD-B84D-C5ACADBEC7AE}
02:18:47.500 33728 explorer.exe  [WH] [local@context-menu-overhaul] [2648:LogHandlerCandidates]: Handler candidates for '&Print' (*): 7-Zip, AccExt, Adobe.Acrobat.ContextMenu, ANotepad++64, EPP, IDriveMenu, Open With, Open With EncryptionMenu, Sharing, TortoiseSVN, WinRAR, WinRAR32
02:18:47.500 33728 explorer.exe  [WH] [local@context-menu-overhaul] [2648:LogHandlerCandidates]: Handler candidates for '&Print' (AllFilesystemObjects): ACShell, CopyAsPathMenu, DeleteFiles, MBAMShlExt, ModernSharing, SendTo, {474C98EE-CF3D-41f5-80E3-4AAB0AB04301}, {596AB062-B4D2-4215-9F74-E9109B0A8153}, {a2a9545d-a0c2-42b4-9708-a0b2badd77c8}
02:18:47.501 33728 explorer.exe  [WH] [local@context-menu-overhaul] [2691:ApplyRegistryIcons]: No registry icon for '&Print' (verb 'print')
02:18:47.503 33728 explorer.exe  [WH] [local@context-menu-overhaul] [2648:LogHandlerCandidates]: Handler candidates for '' (SystemFileAssociations\.png): ShellImagePreview
02:18:47.504 33728 explorer.exe  [WH] [local@context-menu-overhaul] [2648:LogHandlerCandidates]: Handler candidates for '' (*): {C52B9871-E5E9-41FD-B84D-C5ACADBEC7AE}
02:18:47.504 33728 explorer.exe  [WH] [local@context-menu-overhaul] [2648:LogHandlerCandidates]: Handler candidates for '' (*): 7-Zip, AccExt, Adobe.Acrobat.ContextMenu, ANotepad++64, EPP, IDriveMenu, Open With, Open With EncryptionMenu, Sharing, TortoiseSVN, WinRAR, WinRAR32
02:18:47.504 33728 explorer.exe  [WH] [local@context-menu-overhaul] [2648:LogHandlerCandidates]: Handler candidates for '' (AllFilesystemObjects): ACShell, CopyAsPathMenu, DeleteFiles, MBAMShlExt, ModernSharing, SendTo, {474C98EE-CF3D-41f5-80E3-4AAB0AB04301}, {596AB062-B4D2-4215-9F74-E9109B0A8153}, {a2a9545d-a0c2-42b4-9708-a0b2badd77c8}
02:18:47.504 33728 explorer.exe  [WH] [local@context-menu-overhaul] [2691:ApplyRegistryIcons]: No registry icon for '' (verb '')
02:18:47.517 33728 explorer.exe  [WH] [local@context-menu-overhaul] [2648:LogHandlerCandidates]: Handler candidates for 'Add to &Favorites' (SystemFileAssociations\.png): ShellImagePreview
02:18:47.518 33728 explorer.exe  [WH] [local@context-menu-overhaul] [2648:LogHandlerCandidates]: Handler candidates for 'Add to &Favorites' (*): {C52B9871-E5E9-41FD-B84D-C5ACADBEC7AE}
02:18:47.518 33728 explorer.exe  [WH] [local@context-menu-overhaul] [2648:LogHandlerCandidates]: Handler candidates for 'Add to &Favorites' (*): 7-Zip, AccExt, Adobe.Acrobat.ContextMenu, ANotepad++64, EPP, IDriveMenu, Open With, Open With EncryptionMenu, Sharing, TortoiseSVN, WinRAR, WinRAR32
02:18:47.518 33728 explorer.exe  [WH] [local@context-menu-overhaul] [2648:LogHandlerCandidates]: Handler candidates for 'Add to &Favorites' (AllFilesystemObjects): ACShell, CopyAsPathMenu, DeleteFiles, MBAMShlExt, ModernSharing, SendTo, {474C98EE-CF3D-41f5-80E3-4AAB0AB04301}, {596AB062-B4D2-4215-9F74-E9109B0A8153}, {a2a9545d-a0c2-42b4-9708-a0b2badd77c8}
02:18:47.518 33728 explorer.exe  [WH] [local@context-menu-overhaul] [2691:ApplyRegistryIcons]: No registry icon for 'Add to &Favorites' (verb 'pintohomefile')
02:18:47.544 33728 explorer.exe  [WH] [local@context-menu-overhaul] [2648:LogHandlerCandidates]: Handler candidates for 'Rotate righ&t' (SystemFileAssociations\.png): ShellImagePreview
02:18:47.544 33728 explorer.exe  [WH] [local@context-menu-overhaul] [2648:LogHandlerCandidates]: Handler candidates for 'Rotate righ&t' (*): {C52B9871-E5E9-41FD-B84D-C5ACADBEC7AE}
02:18:47.545 33728 explorer.exe  [WH] [local@context-menu-overhaul] [2648:LogHandlerCandidates]: Handler candidates for 'Rotate righ&t' (*): 7-Zip, AccExt, Adobe.Acrobat.ContextMenu, ANotepad++64, EPP, IDriveMenu, Open With, Open With EncryptionMenu, Sharing, TortoiseSVN, WinRAR, WinRAR32
02:18:47.545 33728 explorer.exe  [WH] [local@context-menu-overhaul] [2648:LogHandlerCandidates]: Handler candidates for 'Rotate righ&t' (AllFilesystemObjects): ACShell, CopyAsPathMenu, DeleteFiles, MBAMShlExt, ModernSharing, SendTo, {474C98EE-CF3D-41f5-80E3-4AAB0AB04301}, {596AB062-B4D2-4215-9F74-E9109B0A8153}, {a2a9545d-a0c2-42b4-9708-a0b2badd77c8}
02:18:47.547 33728 explorer.exe  [WH] [local@context-menu-overhaul] [2691:ApplyRegistryIcons]: No registry icon for 'Rotate righ&t' (verb 'rotate90')
02:18:47.562 33728 explorer.exe  [WH] [local@context-menu-overhaul] [2648:LogHandlerCandidates]: Handler candidates for 'Rotate &left' (SystemFileAssociations\.png): ShellImagePreview
02:18:47.562 33728 explorer.exe  [WH] [local@context-menu-overhaul] [2648:LogHandlerCandidates]: Handler candidates for 'Rotate &left' (*): {C52B9871-E5E9-41FD-B84D-C5ACADBEC7AE}
02:18:47.563 33728 explorer.exe  [WH] [local@context-menu-overhaul] [2648:LogHandlerCandidates]: Handler candidates for 'Rotate &left' (*): 7-Zip, AccExt, Adobe.Acrobat.ContextMenu, ANotepad++64, EPP, IDriveMenu, Open With, Open With EncryptionMenu, Sharing, TortoiseSVN, WinRAR, WinRAR32
02:18:47.563 33728 explorer.exe  [WH] [local@context-menu-overhaul] [2648:LogHandlerCandidates]: Handler candidates for 'Rotate &left' (AllFilesystemObjects): ACShell, CopyAsPathMenu, DeleteFiles, MBAMShlExt, ModernSharing, SendTo, {474C98EE-CF3D-41f5-80E3-4AAB0AB04301}, {596AB062-B4D2-4215-9F74-E9109B0A8153}, {a2a9545d-a0c2-42b4-9708-a0b2badd77c8}
02:18:47.564 33728 explorer.exe  [WH] [local@context-menu-overhaul] [2691:ApplyRegistryIcons]: No registry icon for 'Rotate &left' (verb 'rotate270')
02:18:47.585 33728 explorer.exe  [WH] [local@context-menu-overhaul] [2648:LogHandlerCandidates]: Handler candidates for 'Open wit&h' (SystemFileAssociations\.png): ShellImagePreview
02:18:47.585 33728 explorer.exe  [WH] [local@context-menu-overhaul] [2648:LogHandlerCandidates]: Handler candidates for 'Open wit&h' (*): {C52B9871-E5E9-41FD-B84D-C5ACADBEC7AE}
02:18:47.585 33728 explorer.exe  [WH] [local@context-menu-overhaul] [2648:LogHandlerCandidates]: Handler candidates for 'Open wit&h' (*): 7-Zip, AccExt, Adobe.Acrobat.ContextMenu, ANotepad++64, EPP, IDriveMenu, Open With, Open With EncryptionMenu, Sharing, TortoiseSVN, WinRAR, WinRAR32
02:18:47.585 33728 explorer.exe  [WH] [local@context-menu-overhaul] [2648:LogHandlerCandidates]: Handler candidates for 'Open wit&h' (AllFilesystemObjects): ACShell, CopyAsPathMenu, DeleteFiles, MBAMShlExt, ModernSharing, SendTo, {474C98EE-CF3D-41f5-80E3-4AAB0AB04301}, {596AB062-B4D2-4215-9F74-E9109B0A8153}, {a2a9545d-a0c2-42b4-9708-a0b2badd77c8}
02:18:47.586 33728 explorer.exe  [WH] [local@context-menu-overhaul] [2691:ApplyRegistryIcons]: No registry icon for 'Open wit&h' (verb '')
02:18:47.658 33728 explorer.exe  [WH] [local@context-menu-overhaul] [2648:LogHandlerCandidates]: Handler candidates for 'Copy &as path' (SystemFileAssociations\.png): ShellImagePreview
02:18:47.658 33728 explorer.exe  [WH] [local@context-menu-overhaul] [2648:LogHandlerCandidates]: Handler candidates for 'Copy &as path' (*): {C52B9871-E5E9-41FD-B84D-C5ACADBEC7AE}
02:18:47.658 33728 explorer.exe  [WH] [local@context-menu-overhaul] [2648:LogHandlerCandidates]: Handler candidates for 'Copy &as path' (*): 7-Zip, AccExt, Adobe.Acrobat.ContextMenu, ANotepad++64, EPP, IDriveMenu, Open With, Open With EncryptionMenu, Sharing, TortoiseSVN, WinRAR, WinRAR32
02:18:47.659 33728 explorer.exe  [WH] [local@context-menu-overhaul] [2648:LogHandlerCandidates]: Handler candidates for 'Copy &as path' (AllFilesystemObjects): ACShell, CopyAsPathMenu, DeleteFiles, MBAMShlExt, ModernSharing, SendTo, {474C98EE-CF3D-41f5-80E3-4AAB0AB04301}, {596AB062-B4D2-4215-9F74-E9109B0A8153}, {a2a9545d-a0c2-42b4-9708-a0b2badd77c8}
02:18:47.659 33728 explorer.exe  [WH] [local@context-menu-overhaul] [2691:ApplyRegistryIcons]: No registry icon for 'Copy &as path' (verb 'copyaspath')
02:18:47.700 33728 explorer.exe  [WH] [local@context-menu-overhaul] [2648:LogHandlerCandidates]: Handler candidates for 'Restore previous &versions' (SystemFileAssociations\.png): ShellImagePreview
02:18:47.700 33728 explorer.exe  [WH] [local@context-menu-overhaul] [2648:LogHandlerCandidates]: Handler candidates for 'Restore previous &versions' (*): {C52B9871-E5E9-41FD-B84D-C5ACADBEC7AE}
02:18:47.700 33728 explorer.exe  [WH] [local@context-menu-overhaul] [2648:LogHandlerCandidates]: Handler candidates for 'Restore previous &versions' (*): 7-Zip, AccExt, Adobe.Acrobat.ContextMenu, ANotepad++64, EPP, IDriveMenu, Open With, Open With EncryptionMenu, Sharing, TortoiseSVN, WinRAR, WinRAR32
02:18:47.700 33728 explorer.exe  [WH] [local@context-menu-overhaul] [2648:LogHandlerCandidates]: Handler candidates for 'Restore previous &versions' (AllFilesystemObjects): ACShell, CopyAsPathMenu, DeleteFiles, MBAMShlExt, ModernSharing, SendTo, {474C98EE-CF3D-41f5-80E3-4AAB0AB04301}, {596AB062-B4D2-4215-9F74-E9109B0A8153}, {a2a9545d-a0c2-42b4-9708-a0b2badd77c8}
02:18:47.700 33728 explorer.exe  [WH] [local@context-menu-overhaul] [2691:ApplyRegistryIcons]: No registry icon for 'Restore previous &versions' (verb 'PreviousVersions')
02:18:47.709 19196 explorer.exe  [WH] [local@context-menu-overhaul] [2648:LogHandlerCandidates]: Handler candidates for '&Open' (SystemFileAssociations\.png): ShellImagePreview
02:18:47.709 19196 explorer.exe  [WH] [local@context-menu-overhaul] [2648:LogHandlerCandidates]: Handler candidates for '&Open' (*): {C52B9871-E5E9-41FD-B84D-C5ACADBEC7AE}
02:18:47.709 19196 explorer.exe  [WH] [local@context-menu-overhaul] [2648:LogHandlerCandidates]: Handler candidates for '&Open' (*): 7-Zip, AccExt, Adobe.Acrobat.ContextMenu, ANotepad++64, EPP, IDriveMenu, Open With, Open With EncryptionMenu, Sharing, TortoiseSVN, WinRAR, WinRAR32
02:18:47.710 19196 explorer.exe  [WH] [local@context-menu-overhaul] [2648:LogHandlerCandidates]: Handler candidates for '&Open' (AllFilesystemObjects): ACShell, CopyAsPathMenu, DeleteFiles, MBAMShlExt, ModernSharing, SendTo, {474C98EE-CF3D-41f5-80E3-4AAB0AB04301}, {596AB062-B4D2-4215-9F74-E9109B0A8153}, {a2a9545d-a0c2-42b4-9708-a0b2badd77c8}
02:18:47.710 19196 explorer.exe  [WH] [local@context-menu-overhaul] [2691:ApplyRegistryIcons]: No registry icon for '&Open' (verb 'open')
02:18:47.737 19196 explorer.exe  [WH] [local@context-menu-overhaul] [2648:LogHandlerCandidates]: Handler candidates for 'Set as desktop &background' (SystemFileAssociations\.png): ShellImagePreview
02:18:47.737 19196 explorer.exe  [WH] [local@context-menu-overhaul] [2648:LogHandlerCandidates]: Handler candidates for 'Set as desktop &background' (*): {C52B9871-E5E9-41FD-B84D-C5ACADBEC7AE}
02:18:47.738 19196 explorer.exe  [WH] [local@context-menu-overhaul] [2648:LogHandlerCandidates]: Handler candidates for 'Set as desktop &background' (*): 7-Zip, AccExt, Adobe.Acrobat.ContextMenu, ANotepad++64, EPP, IDriveMenu, Open With, Open With EncryptionMenu, Sharing, TortoiseSVN, WinRAR, WinRAR32
02:18:47.738 19196 explorer.exe  [WH] [local@context-menu-overhaul] [2648:LogHandlerCandidates]: Handler candidates for 'Set as desktop &background' (AllFilesystemObjects): ACShell, CopyAsPathMenu, DeleteFiles, MBAMShlExt, ModernSharing, SendTo, {474C98EE-CF3D-41f5-80E3-4AAB0AB04301}, {596AB062-B4D2-4215-9F74-E9109B0A8153}, {a2a9545d-a0c2-42b4-9708-a0b2badd77c8}
02:18:47.738 19196 explorer.exe  [WH] [local@context-menu-overhaul] [2691:ApplyRegistryIcons]: No registry icon for 'Set as desktop &background' (verb 'setdesktopwallpaper')
02:18:47.747 19196 explorer.exe  [WH] [local@context-menu-overhaul] [2648:LogHandlerCandidates]: Handler candidates for '&Print' (SystemFileAssociations\.png): ShellImagePreview
02:18:47.747 19196 explorer.exe  [WH] [local@context-menu-overhaul] [2648:LogHandlerCandidates]: Handler candidates for '&Print' (*): {C52B9871-E5E9-41FD-B84D-C5ACADBEC7AE}
02:18:47.747 19196 explorer.exe  [WH] [local@context-menu-overhaul] [2648:LogHandlerCandidates]: Handler candidates for '&Print' (*): 7-Zip, AccExt, Adobe.Acrobat.ContextMenu, ANotepad++64, EPP, IDriveMenu, Open With, Open With EncryptionMenu, Sharing, TortoiseSVN, WinRAR, WinRAR32
02:18:47.748 19196 explorer.exe  [WH] [local@context-menu-overhaul] [2648:LogHandlerCandidates]: Handler candidates for '&Print' (AllFilesystemObjects): ACShell, CopyAsPathMenu, DeleteFiles, MBAMShlExt, ModernSharing, SendTo, {474C98EE-CF3D-41f5-80E3-4AAB0AB04301}, {596AB062-B4D2-4215-9F74-E9109B0A8153}, {a2a9545d-a0c2-42b4-9708-a0b2badd77c8}
02:18:47.749 19196 explorer.exe  [WH] [local@context-menu-overhaul] [2691:ApplyRegistryIcons]: No registry icon for '&Print' (verb 'print')
02:18:47.751 19196 explorer.exe  [WH] [local@context-menu-overhaul] [2648:LogHandlerCandidates]: Handler candidates for '' (SystemFileAssociations\.png): ShellImagePreview
02:18:47.751 19196 explorer.exe  [WH] [local@context-menu-overhaul] [2648:LogHandlerCandidates]: Handler candidates for '' (*): {C52B9871-E5E9-41FD-B84D-C5ACADBEC7AE}
02:18:47.752 19196 explorer.exe  [WH] [local@context-menu-overhaul] [2648:LogHandlerCandidates]: Handler candidates for '' (*): 7-Zip, AccExt, Adobe.Acrobat.ContextMenu, ANotepad++64, EPP, IDriveMenu, Open With, Open With EncryptionMenu, Sharing, TortoiseSVN, WinRAR, WinRAR32
02:18:47.752 19196 explorer.exe  [WH] [local@context-menu-overhaul] [2648:LogHandlerCandidates]: Handler candidates for '' (AllFilesystemObjects): ACShell, CopyAsPathMenu, DeleteFiles, MBAMShlExt, ModernSharing, SendTo, {474C98EE-CF3D-41f5-80E3-4AAB0AB04301}, {596AB062-B4D2-4215-9F74-E9109B0A8153}, {a2a9545d-a0c2-42b4-9708-a0b2badd77c8}
02:18:47.752 19196 explorer.exe  [WH] [local@context-menu-overhaul] [2691:ApplyRegistryIcons]: No registry icon for '' (verb '')
02:18:47.769 19196 explorer.exe  [WH] [local@context-menu-overhaul] [2648:LogHandlerCandidates]: Handler candidates for 'Add to &Favorites' (SystemFileAssociations\.png): ShellImagePreview
02:18:47.770 19196 explorer.exe  [WH] [local@context-menu-overhaul] [2648:LogHandlerCandidates]: Handler candidates for 'Add to &Favorites' (*): {C52B9871-E5E9-41FD-B84D-C5ACADBEC7AE}
02:18:47.770 19196 explorer.exe  [WH] [local@context-menu-overhaul] [2648:LogHandlerCandidates]: Handler candidates for 'Add to &Favorites' (*): 7-Zip, AccExt, Adobe.Acrobat.ContextMenu, ANotepad++64, EPP, IDriveMenu, Open With, Open With EncryptionMenu, Sharing, TortoiseSVN, WinRAR, WinRAR32
02:18:47.770 19196 explorer.exe  [WH] [local@context-menu-overhaul] [2648:LogHandlerCandidates]: Handler candidates for 'Add to &Favorites' (AllFilesystemObjects): ACShell, CopyAsPathMenu, DeleteFiles, MBAMShlExt, ModernSharing, SendTo, {474C98EE-CF3D-41f5-80E3-4AAB0AB04301}, {596AB062-B4D2-4215-9F74-E9109B0A8153}, {a2a9545d-a0c2-42b4-9708-a0b2badd77c8}
02:18:47.771 19196 explorer.exe  [WH] [local@context-menu-overhaul] [2691:ApplyRegistryIcons]: No registry icon for 'Add to &Favorites' (verb 'pintohomefile')
02:18:47.791 33728 explorer.exe  [WH] [local@context-menu-overhaul] [2648:LogHandlerCandidates]: Handler candidates for 'Cu&t' (SystemFileAssociations\.png): ShellImagePreview
02:18:47.792 33728 explorer.exe  [WH] [local@context-menu-overhaul] [2648:LogHandlerCandidates]: Handler candidates for 'Cu&t' (*): {C52B9871-E5E9-41FD-B84D-C5ACADBEC7AE}
02:18:47.792 33728 explorer.exe  [WH] [local@context-menu-overhaul] [2648:LogHandlerCandidates]: Handler candidates for 'Cu&t' (*): 7-Zip, AccExt, Adobe.Acrobat.ContextMenu, ANotepad++64, EPP, IDriveMenu, Open With, Open With EncryptionMenu, Sharing, TortoiseSVN, WinRAR, WinRAR32
02:18:47.792 33728 explorer.exe  [WH] [local@context-menu-overhaul] [2648:LogHandlerCandidates]: Handler candidates for 'Cu&t' (AllFilesystemObjects): ACShell, CopyAsPathMenu, DeleteFiles, MBAMShlExt, ModernSharing, SendTo, {474C98EE-CF3D-41f5-80E3-4AAB0AB04301}, {596AB062-B4D2-4215-9F74-E9109B0A8153}, {a2a9545d-a0c2-42b4-9708-a0b2badd77c8}
02:18:47.793 33728 explorer.exe  [WH] [local@context-menu-overhaul] [2691:ApplyRegistryIcons]: No registry icon for 'Cu&t' (verb 'cut')
02:18:47.800 33728 explorer.exe  [WH] [local@context-menu-overhaul] [2648:LogHandlerCandidates]: Handler candidates for '&Copy' (SystemFileAssociations\.png): ShellImagePreview
02:18:47.800 33728 explorer.exe  [WH] [local@context-menu-overhaul] [2648:LogHandlerCandidates]: Handler candidates for '&Copy' (*): {C52B9871-E5E9-41FD-B84D-C5ACADBEC7AE}
02:18:47.801 19196 explorer.exe  [WH] [local@context-menu-overhaul] [2648:LogHandlerCandidates]: Handler candidates for 'Rotate righ&t' (SystemFileAssociations\.png): ShellImagePreview
02:18:47.801 33728 explorer.exe  [WH] [local@context-menu-overhaul] [2648:LogHandlerCandidates]: Handler candidates for '&Copy' (*): 7-Zip, AccExt, Adobe.Acrobat.ContextMenu, ANotepad++64, EPP, IDriveMenu, Open With, Open With EncryptionMenu, Sharing, TortoiseSVN, WinRAR, WinRAR32
02:18:47.801 19196 explorer.exe  [WH] [local@context-menu-overhaul] [2648:LogHandlerCandidates]: Handler candidates for 'Rotate righ&t' (*): {C52B9871-E5E9-41FD-B84D-C5ACADBEC7AE}
02:18:47.801 33728 explorer.exe  [WH] [local@context-menu-overhaul] [2648:LogHandlerCandidates]: Handler candidates for '&Copy' (AllFilesystemObjects): ACShell, CopyAsPathMenu, DeleteFiles, MBAMShlExt, ModernSharing, SendTo, {474C98EE-CF3D-41f5-80E3-4AAB0AB04301}, {596AB062-B4D2-4215-9F74-E9109B0A8153}, {a2a9545d-a0c2-42b4-9708-a0b2badd77c8}
02:18:47.801 19196 explorer.exe  [WH] [local@context-menu-overhaul] [2648:LogHandlerCandidates]: Handler candidates for 'Rotate righ&t' (*): 7-Zip, AccExt, Adobe.Acrobat.ContextMenu, ANotepad++64, EPP, IDriveMenu, Open With, Open With EncryptionMenu, Sharing, TortoiseSVN, WinRAR, WinRAR32
02:18:47.802 33728 explorer.exe  [WH] [local@context-menu-overhaul] [2691:ApplyRegistryIcons]: No registry icon for '&Copy' (verb 'copy')
02:18:47.802 19196 explorer.exe  [WH] [local@context-menu-overhaul] [2648:LogHandlerCandidates]: Handler candidates for 'Rotate righ&t' (AllFilesystemObjects): ACShell, CopyAsPathMenu, DeleteFiles, MBAMShlExt, ModernSharing, SendTo, {474C98EE-CF3D-41f5-80E3-4AAB0AB04301}, {596AB062-B4D2-4215-9F74-E9109B0A8153}, {a2a9545d-a0c2-42b4-9708-a0b2badd77c8}
02:18:47.802 19196 explorer.exe  [WH] [local@context-menu-overhaul] [2691:ApplyRegistryIcons]: No registry icon for 'Rotate righ&t' (verb 'rotate90')
02:18:47.812 33728 explorer.exe  [WH] [local@context-menu-overhaul] [2648:LogHandlerCandidates]: Handler candidates for 'Create &shortcut' (SystemFileAssociations\.png): ShellImagePreview
02:18:47.814 33728 explorer.exe  [WH] [local@context-menu-overhaul] [2648:LogHandlerCandidates]: Handler candidates for 'Create &shortcut' (*): {C52B9871-E5E9-41FD-B84D-C5ACADBEC7AE}
02:18:47.814 33728 explorer.exe  [WH] [local@context-menu-overhaul] [2648:LogHandlerCandidates]: Handler candidates for 'Create &shortcut' (*): 7-Zip, AccExt, Adobe.Acrobat.ContextMenu, ANotepad++64, EPP, IDriveMenu, Open With, Open With EncryptionMenu, Sharing, TortoiseSVN, WinRAR, WinRAR32
02:18:47.815 33728 explorer.exe  [WH] [local@context-menu-overhaul] [2648:LogHandlerCandidates]: Handler candidates for 'Create &shortcut' (AllFilesystemObjects): ACShell, CopyAsPathMenu, DeleteFiles, MBAMShlExt, ModernSharing, SendTo, {474C98EE-CF3D-41f5-80E3-4AAB0AB04301}, {596AB062-B4D2-4215-9F74-E9109B0A8153}, {a2a9545d-a0c2-42b4-9708-a0b2badd77c8}
02:18:47.817 33728 explorer.exe  [WH] [local@context-menu-overhaul] [2691:ApplyRegistryIcons]: No registry icon for 'Create &shortcut' (verb 'link')
02:18:47.817 19196 explorer.exe  [WH] [local@context-menu-overhaul] [2648:LogHandlerCandidates]: Handler candidates for 'Rotate &left' (SystemFileAssociations\.png): ShellImagePreview
02:18:47.817 19196 explorer.exe  [WH] [local@context-menu-overhaul] [2648:LogHandlerCandidates]: Handler candidates for 'Rotate &left' (*): {C52B9871-E5E9-41FD-B84D-C5ACADBEC7AE}
02:18:47.818 19196 explorer.exe  [WH] [local@context-menu-overhaul] [2648:LogHandlerCandidates]: Handler candidates for 'Rotate &left' (*): 7-Zip, AccExt, Adobe.Acrobat.ContextMenu, ANotepad++64, EPP, IDriveMenu, Open With, Open With EncryptionMenu, Sharing, TortoiseSVN, WinRAR, WinRAR32
02:18:47.818 19196 explorer.exe  [WH] [local@context-menu-overhaul] [2648:LogHandlerCandidates]: Handler candidates for 'Rotate &left' (AllFilesystemObjects): ACShell, CopyAsPathMenu, DeleteFiles, MBAMShlExt, ModernSharing, SendTo, {474C98EE-CF3D-41f5-80E3-4AAB0AB04301}, {596AB062-B4D2-4215-9F74-E9109B0A8153}, {a2a9545d-a0c2-42b4-9708-a0b2badd77c8}
02:18:47.819 19196 explorer.exe  [WH] [local@context-menu-overhaul] [2691:ApplyRegistryIcons]: No registry icon for 'Rotate &left' (verb 'rotate270')
02:18:47.828 33728 explorer.exe  [WH] [local@context-menu-overhaul] [2648:LogHandlerCandidates]: Handler candidates for '&Delete' (SystemFileAssociations\.png): ShellImagePreview
02:18:47.828 33728 explorer.exe  [WH] [local@context-menu-overhaul] [2648:LogHandlerCandidates]: Handler candidates for '&Delete' (*): {C52B9871-E5E9-41FD-B84D-C5ACADBEC7AE}
02:18:47.829 33728 explorer.exe  [WH] [local@context-menu-overhaul] [2648:LogHandlerCandidates]: Handler candidates for '&Delete' (*): 7-Zip, AccExt, Adobe.Acrobat.ContextMenu, ANotepad++64, EPP, IDriveMenu, Open With, Open With EncryptionMenu, Sharing, TortoiseSVN, WinRAR, WinRAR32
02:18:47.829 33728 explorer.exe  [WH] [local@context-menu-overhaul] [2648:LogHandlerCandidates]: Handler candidates for '&Delete' (AllFilesystemObjects): ACShell, CopyAsPathMenu, DeleteFiles, MBAMShlExt, ModernSharing, SendTo, {474C98EE-CF3D-41f5-80E3-4AAB0AB04301}, {596AB062-B4D2-4215-9F74-E9109B0A8153}, {a2a9545d-a0c2-42b4-9708-a0b2badd77c8}
02:18:47.829 33728 explorer.exe  [WH] [local@context-menu-overhaul] [2691:ApplyRegistryIcons]: No registry icon for '&Delete' (verb 'delete')
02:18:47.839 33728 explorer.exe  [WH] [local@context-menu-overhaul] [2648:LogHandlerCandidates]: Handler candidates for 'P&roperties' (SystemFileAssociations\.png): ShellImagePreview
02:18:47.840 33728 explorer.exe  [WH] [local@context-menu-overhaul] [2648:LogHandlerCandidates]: Handler candidates for 'P&roperties' (*): {C52B9871-E5E9-41FD-B84D-C5ACADBEC7AE}
02:18:47.840 33728 explorer.exe  [WH] [local@context-menu-overhaul] [2648:LogHandlerCandidates]: Handler candidates for 'P&roperties' (*): 7-Zip, AccExt, Adobe.Acrobat.ContextMenu, ANotepad++64, EPP, IDriveMenu, Open With, Open With EncryptionMenu, Sharing, TortoiseSVN, WinRAR, WinRAR32
02:18:47.840 33728 explorer.exe  [WH] [local@context-menu-overhaul] [2648:LogHandlerCandidates]: Handler candidates for 'P&roperties' (AllFilesystemObjects): ACShell, CopyAsPathMenu, DeleteFiles, MBAMShlExt, ModernSharing, SendTo, {474C98EE-CF3D-41f5-80E3-4AAB0AB04301}, {596AB062-B4D2-4215-9F74-E9109B0A8153}, {a2a9545d-a0c2-42b4-9708-a0b2badd77c8}
02:18:47.840 33728 explorer.exe  [WH] [local@context-menu-overhaul] [2691:ApplyRegistryIcons]: No registry icon for 'P&roperties' (verb 'properties')
02:18:47.848 19196 explorer.exe  [WH] [local@context-menu-overhaul] [2648:LogHandlerCandidates]: Handler candidates for 'Open wit&h' (SystemFileAssociations\.png): ShellImagePreview
02:18:47.848 19196 explorer.exe  [WH] [local@context-menu-overhaul] [2648:LogHandlerCandidates]: Handler candidates for 'Open wit&h' (*): {C52B9871-E5E9-41FD-B84D-C5ACADBEC7AE}
02:18:47.848 19196 explorer.exe  [WH] [local@context-menu-overhaul] [2648:LogHandlerCandidates]: Handler candidates for 'Open wit&h' (*): 7-Zip, AccExt, Adobe.Acrobat.ContextMenu, ANotepad++64, EPP, IDriveMenu, Open With, Open With EncryptionMenu, Sharing, TortoiseSVN, WinRAR, WinRAR32
02:18:47.848 19196 explorer.exe  [WH] [local@context-menu-overhaul] [2648:LogHandlerCandidates]: Handler candidates for 'Open wit&h' (AllFilesystemObjects): ACShell, CopyAsPathMenu, DeleteFiles, MBAMShlExt, ModernSharing, SendTo, {474C98EE-CF3D-41f5-80E3-4AAB0AB04301}, {596AB062-B4D2-4215-9F74-E9109B0A8153}, {a2a9545d-a0c2-42b4-9708-a0b2badd77c8}
02:18:47.849 19196 explorer.exe  [WH] [local@context-menu-overhaul] [2691:ApplyRegistryIcons]: No registry icon for 'Open wit&h' (verb '')
02:18:47.943 19196 explorer.exe  [WH] [local@context-menu-overhaul] [2648:LogHandlerCandidates]: Handler candidates for 'Copy &as path' (SystemFileAssociations\.png): ShellImagePreview
02:18:47.943 19196 explorer.exe  [WH] [local@context-menu-overhaul] [2648:LogHandlerCandidates]: Handler candidates for 'Copy &as path' (*): {C52B9871-E5E9-41FD-B84D-C5ACADBEC7AE}
02:18:47.943 19196 explorer.exe  [WH] [local@context-menu-overhaul] [2648:LogHandlerCandidates]: Handler candidates for 'Copy &as path' (*): 7-Zip, AccExt, Adobe.Acrobat.ContextMenu, ANotepad++64, EPP, IDriveMenu, Open With, Open With EncryptionMenu, Sharing, TortoiseSVN, WinRAR, WinRAR32
02:18:47.944 19196 explorer.exe  [WH] [local@context-menu-overhaul] [2648:LogHandlerCandidates]: Handler candidates for 'Copy &as path' (AllFilesystemObjects): ACShell, CopyAsPathMenu, DeleteFiles, MBAMShlExt, ModernSharing, SendTo, {474C98EE-CF3D-41f5-80E3-4AAB0AB04301}, {596AB062-B4D2-4215-9F74-E9109B0A8153}, {a2a9545d-a0c2-42b4-9708-a0b2badd77c8}
02:18:47.944 19196 explorer.exe  [WH] [local@context-menu-overhaul] [2691:ApplyRegistryIcons]: No registry icon for 'Copy &as path' (verb 'copyaspath')
02:18:47.977 19196 explorer.exe  [WH] [local@context-menu-overhaul] [2648:LogHandlerCandidates]: Handler candidates for 'Restore previous &versions' (SystemFileAssociations\.png): ShellImagePreview
02:18:47.977 19196 explorer.exe  [WH] [local@context-menu-overhaul] [2648:LogHandlerCandidates]: Handler candidates for 'Restore previous &versions' (*): {C52B9871-E5E9-41FD-B84D-C5ACADBEC7AE}
02:18:47.977 19196 explorer.exe  [WH] [local@context-menu-overhaul] [2648:LogHandlerCandidates]: Handler candidates for 'Restore previous &versions' (*): 7-Zip, AccExt, Adobe.Acrobat.ContextMenu, ANotepad++64, EPP, IDriveMenu, Open With, Open With EncryptionMenu, Sharing, TortoiseSVN, WinRAR, WinRAR32
02:18:47.977 19196 explorer.exe  [WH] [local@context-menu-overhaul] [2648:LogHandlerCandidates]: Handler candidates for 'Restore previous &versions' (AllFilesystemObjects): ACShell, CopyAsPathMenu, DeleteFiles, MBAMShlExt, ModernSharing, SendTo, {474C98EE-CF3D-41f5-80E3-4AAB0AB04301}, {596AB062-B4D2-4215-9F74-E9109B0A8153}, {a2a9545d-a0c2-42b4-9708-a0b2badd77c8}
02:18:47.978 19196 explorer.exe  [WH] [local@context-menu-overhaul] [2691:ApplyRegistryIcons]: No registry icon for 'Restore previous &versions' (verb 'PreviousVersions')
02:18:48.019 33728 explorer.exe  [WH] [local@context-menu-overhaul] [2648:LogHandlerCandidates]: Handler candidates for '&Open' (SystemFileAssociations\.mp4): PlayTo
02:18:48.019 33728 explorer.exe  [WH] [local@context-menu-overhaul] [2648:LogHandlerCandidates]: Handler candidates for '&Open' (*): {C52B9871-E5E9-41FD-B84D-C5ACADBEC7AE}
02:18:48.019 33728 explorer.exe  [WH] [local@context-menu-overhaul] [2648:LogHandlerCandidates]: Handler candidates for '&Open' (*): 7-Zip, AccExt, Adobe.Acrobat.ContextMenu, ANotepad++64, EPP, IDriveMenu, Open With, Open With EncryptionMenu, Sharing, TortoiseSVN, WinRAR, WinRAR32
02:18:48.020 33728 explorer.exe  [WH] [local@context-menu-overhaul] [2648:LogHandlerCandidates]: Handler candidates for '&Open' (AllFilesystemObjects): ACShell, CopyAsPathMenu, DeleteFiles, MBAMShlExt, ModernSharing, SendTo, {474C98EE-CF3D-41f5-80E3-4AAB0AB04301}, {596AB062-B4D2-4215-9F74-E9109B0A8153}, {a2a9545d-a0c2-42b4-9708-a0b2badd77c8}
02:18:48.020 33728 explorer.exe  [WH] [local@context-menu-overhaul] [2691:ApplyRegistryIcons]: No registry icon for '&Open' (verb 'open')
02:18:48.023 33728 explorer.exe  [WH] [local@context-menu-overhaul] [2648:LogHandlerCandidates]: Handler candidates for '' (SystemFileAssociations\.mp4): PlayTo
02:18:48.023 33728 explorer.exe  [WH] [local@context-menu-overhaul] [2648:LogHandlerCandidates]: Handler candidates for '' (*): {C52B9871-E5E9-41FD-B84D-C5ACADBEC7AE}
02:18:48.024 33728 explorer.exe  [WH] [local@context-menu-overhaul] [2648:LogHandlerCandidates]: Handler candidates for '' (*): 7-Zip, AccExt, Adobe.Acrobat.ContextMenu, ANotepad++64, EPP, IDriveMenu, Open With, Open With EncryptionMenu, Sharing, TortoiseSVN, WinRAR, WinRAR32
02:18:48.024 33728 explorer.exe  [WH] [local@context-menu-overhaul] [2648:LogHandlerCandidates]: Handler candidates for '' (AllFilesystemObjects): ACShell, CopyAsPathMenu, DeleteFiles, MBAMShlExt, ModernSharing, SendTo, {474C98EE-CF3D-41f5-80E3-4AAB0AB04301}, {596AB062-B4D2-4215-9F74-E9109B0A8153}, {a2a9545d-a0c2-42b4-9708-a0b2badd77c8}
02:18:48.024 33728 explorer.exe  [WH] [local@context-menu-overhaul] [2691:ApplyRegistryIcons]: No registry icon for '' (verb '')
02:18:48.037 33728 explorer.exe  [WH] [local@context-menu-overhaul] [2648:LogHandlerCandidates]: Handler candidates for 'Add to &Favorites' (SystemFileAssociations\.mp4): PlayTo
02:18:48.037 33728 explorer.exe  [WH] [local@context-menu-overhaul] [2648:LogHandlerCandidates]: Handler candidates for 'Add to &Favorites' (*): {C52B9871-E5E9-41FD-B84D-C5ACADBEC7AE}
02:18:48.038 33728 explorer.exe  [WH] [local@context-menu-overhaul] [2648:LogHandlerCandidates]: Handler candidates for 'Add to &Favorites' (*): 7-Zip, AccExt, Adobe.Acrobat.ContextMenu, ANotepad++64, EPP, IDriveMenu, Open With, Open With EncryptionMenu, Sharing, TortoiseSVN, WinRAR, WinRAR32
02:18:48.039 33728 explorer.exe  [WH] [local@context-menu-overhaul] [2648:LogHandlerCandidates]: Handler candidates for 'Add to &Favorites' (AllFilesystemObjects): ACShell, CopyAsPathMenu, DeleteFiles, MBAMShlExt, ModernSharing, SendTo, {474C98EE-CF3D-41f5-80E3-4AAB0AB04301}, {596AB062-B4D2-4215-9F74-E9109B0A8153}, {a2a9545d-a0c2-42b4-9708-a0b2badd77c8}
02:18:48.039 33728 explorer.exe  [WH] [local@context-menu-overhaul] [2691:ApplyRegistryIcons]: No registry icon for 'Add to &Favorites' (verb 'pintohomefile')
02:18:48.080 33728 explorer.exe  [WH] [local@context-menu-overhaul] [2648:LogHandlerCandidates]: Handler candidates for 'Open wit&h' (SystemFileAssociations\.mp4): PlayTo
02:18:48.080 33728 explorer.exe  [WH] [local@context-menu-overhaul] [2648:LogHandlerCandidates]: Handler candidates for 'Open wit&h' (*): {C52B9871-E5E9-41FD-B84D-C5ACADBEC7AE}
02:18:48.080 33728 explorer.exe  [WH] [local@context-menu-overhaul] [2648:LogHandlerCandidates]: Handler candidates for 'Open wit&h' (*): 7-Zip, AccExt, Adobe.Acrobat.ContextMenu, ANotepad++64, EPP, IDriveMenu, Open With, Open With EncryptionMenu, Sharing, TortoiseSVN, WinRAR, WinRAR32
02:18:48.081 33728 explorer.exe  [WH] [local@context-menu-overhaul] [2648:LogHandlerCandidates]: Handler candidates for 'Open wit&h' (AllFilesystemObjects): ACShell, CopyAsPathMenu, DeleteFiles, MBAMShlExt, ModernSharing, SendTo, {474C98EE-CF3D-41f5-80E3-4AAB0AB04301}, {596AB062-B4D2-4215-9F74-E9109B0A8153}, {a2a9545d-a0c2-42b4-9708-a0b2badd77c8}
02:18:48.081 33728 explorer.exe  [WH] [local@context-menu-overhaul] [2691:ApplyRegistryIcons]: No registry icon for 'Open wit&h' (verb '')
02:18:48.092 19196 explorer.exe  [WH] [local@context-menu-overhaul] [2648:LogHandlerCandidates]: Handler candidates for 'Cu&t' (SystemFileAssociations\.png): ShellImagePreview
02:18:48.092 19196 explorer.exe  [WH] [local@context-menu-overhaul] [2648:LogHandlerCandidates]: Handler candidates for 'Cu&t' (*): {C52B9871-E5E9-41FD-B84D-C5ACADBEC7AE}
02:18:48.093 19196 explorer.exe  [WH] [local@context-menu-overhaul] [2648:LogHandlerCandidates]: Handler candidates for 'Cu&t' (*): 7-Zip, AccExt, Adobe.Acrobat.ContextMenu, ANotepad++64, EPP, IDriveMenu, Open With, Open With EncryptionMenu, Sharing, TortoiseSVN, WinRAR, WinRAR32
02:18:48.093 19196 explorer.exe  [WH] [local@context-menu-overhaul] [2648:LogHandlerCandidates]: Handler candidates for 'Cu&t' (AllFilesystemObjects): ACShell, CopyAsPathMenu, DeleteFiles, MBAMShlExt, ModernSharing, SendTo, {474C98EE-CF3D-41f5-80E3-4AAB0AB04301}, {596AB062-B4D2-4215-9F74-E9109B0A8153}, {a2a9545d-a0c2-42b4-9708-a0b2badd77c8}
02:18:48.093 19196 explorer.exe  [WH] [local@context-menu-overhaul] [2691:ApplyRegistryIcons]: No registry icon for 'Cu&t' (verb 'cut')
02:18:48.102 19196 explorer.exe  [WH] [local@context-menu-overhaul] [2648:LogHandlerCandidates]: Handler candidates for '&Copy' (SystemFileAssociations\.png): ShellImagePreview
02:18:48.102 19196 explorer.exe  [WH] [local@context-menu-overhaul] [2648:LogHandlerCandidates]: Handler candidates for '&Copy' (*): {C52B9871-E5E9-41FD-B84D-C5ACADBEC7AE}
02:18:48.102 19196 explorer.exe  [WH] [local@context-menu-overhaul] [2648:LogHandlerCandidates]: Handler candidates for '&Copy' (*): 7-Zip, AccExt, Adobe.Acrobat.ContextMenu, ANotepad++64, EPP, IDriveMenu, Open With, Open With EncryptionMenu, Sharing, TortoiseSVN, WinRAR, WinRAR32
02:18:48.102 19196 explorer.exe  [WH] [local@context-menu-overhaul] [2648:LogHandlerCandidates]: Handler candidates for '&Copy' (AllFilesystemObjects): ACShell, CopyAsPathMenu, DeleteFiles, MBAMShlExt, ModernSharing, SendTo, {474C98EE-CF3D-41f5-80E3-4AAB0AB04301}, {596AB062-B4D2-4215-9F74-E9109B0A8153}, {a2a9545d-a0c2-42b4-9708-a0b2badd77c8}
02:18:48.103 19196 explorer.exe  [WH] [local@context-menu-overhaul] [2691:ApplyRegistryIcons]: No registry icon for '&Copy' (verb 'copy')
02:18:48.113 19196 explorer.exe  [WH] [local@context-menu-overhaul] [2648:LogHandlerCandidates]: Handler candidates for 'Create &shortcut' (SystemFileAssociations\.png): ShellImagePreview
02:18:48.113 19196 explorer.exe  [WH] [local@context-menu-overhaul] [2648:LogHandlerCandidates]: Handler candidates for 'Create &shortcut' (*): {C52B9871-E5E9-41FD-B84D-C5ACADBEC7AE}
02:18:48.113 19196 explorer.exe  [WH] [local@context-menu-overhaul] [2648:LogHandlerCandidates]: Handler candidates for 'Create &shortcut' (*): 7-Zip, AccExt, Adobe.Acrobat.ContextMenu, ANotepad++64, EPP, IDriveMenu, Open With, Open With EncryptionMenu, Sharing, TortoiseSVN, WinRAR, WinRAR32
02:18:48.113 19196 explorer.exe  [WH] [local@context-menu-overhaul] [2648:LogHandlerCandidates]: Handler candidates for 'Create &shortcut' (AllFilesystemObjects): ACShell, CopyAsPathMenu, DeleteFiles, MBAMShlExt, ModernSharing, SendTo, {474C98EE-CF3D-41f5-80E3-4AAB0AB04301}, {596AB062-B4D2-4215-9F74-E9109B0A8153}, {a2a9545d-a0c2-42b4-9708-a0b2badd77c8}
02:18:48.114 19196 explorer.exe  [WH] [local@context-menu-overhaul] [2691:ApplyRegistryIcons]: No registry icon for 'Create &shortcut' (verb 'link')
02:18:48.124 19196 explorer.exe  [WH] [local@context-menu-overhaul] [2648:LogHandlerCandidates]: Handler candidates for '&Delete' (SystemFileAssociations\.png): ShellImagePreview
02:18:48.124 19196 explorer.exe  [WH] [local@context-menu-overhaul] [2648:LogHandlerCandidates]: Handler candidates for '&Delete' (*): {C52B9871-E5E9-41FD-B84D-C5ACADBEC7AE}
02:18:48.125 19196 explorer.exe  [WH] [local@context-menu-overhaul] [2648:LogHandlerCandidates]: Handler candidates for '&Delete' (*): 7-Zip, AccExt, Adobe.Acrobat.ContextMenu, ANotepad++64, EPP, IDriveMenu, Open With, Open With EncryptionMenu, Sharing, TortoiseSVN, WinRAR, WinRAR32
02:18:48.125 19196 explorer.exe  [WH] [local@context-menu-overhaul] [2648:LogHandlerCandidates]: Handler candidates for '&Delete' (AllFilesystemObjects): ACShell, CopyAsPathMenu, DeleteFiles, MBAMShlExt, ModernSharing, SendTo, {474C98EE-CF3D-41f5-80E3-4AAB0AB04301}, {596AB062-B4D2-4215-9F74-E9109B0A8153}, {a2a9545d-a0c2-42b4-9708-a0b2badd77c8}
02:18:48.126 19196 explorer.exe  [WH] [local@context-menu-overhaul] [2691:ApplyRegistryIcons]: No registry icon for '&Delete' (verb 'delete')
02:18:48.135 19196 explorer.exe  [WH] [local@context-menu-overhaul] [2648:LogHandlerCandidates]: Handler candidates for 'P&roperties' (SystemFileAssociations\.png): ShellImagePreview
02:18:48.136 19196 explorer.exe  [WH] [local@context-menu-overhaul] [2648:LogHandlerCandidates]: Handler candidates for 'P&roperties' (*): {C52B9871-E5E9-41FD-B84D-C5ACADBEC7AE}
02:18:48.136 19196 explorer.exe  [WH] [local@context-menu-overhaul] [2648:LogHandlerCandidates]: Handler candidates for 'P&roperties' (*): 7-Zip, AccExt, Adobe.Acrobat.ContextMenu, ANotepad++64, EPP, IDriveMenu, Open With, Open With EncryptionMenu, Sharing, TortoiseSVN, WinRAR, WinRAR32
02:18:48.136 19196 explorer.exe  [WH] [local@context-menu-overhaul] [2648:LogHandlerCandidates]: Handler candidates for 'P&roperties' (AllFilesystemObjects): ACShell, CopyAsPathMenu, DeleteFiles, MBAMShlExt, ModernSharing, SendTo, {474C98EE-CF3D-41f5-80E3-4AAB0AB04301}, {596AB062-B4D2-4215-9F74-E9109B0A8153}, {a2a9545d-a0c2-42b4-9708-a0b2badd77c8}
02:18:48.136 19196 explorer.exe  [WH] [local@context-menu-overhaul] [2691:ApplyRegistryIcons]: No registry icon for 'P&roperties' (verb 'properties')
02:18:48.161 33728 explorer.exe  [WH] [local@context-menu-overhaul] [2648:LogHandlerCandidates]: Handler candidates for 'Copy &as path' (SystemFileAssociations\.mp4): PlayTo
02:18:48.161 33728 explorer.exe  [WH] [local@context-menu-overhaul] [2648:LogHandlerCandidates]: Handler candidates for 'Copy &as path' (*): {C52B9871-E5E9-41FD-B84D-C5ACADBEC7AE}
02:18:48.161 33728 explorer.exe  [WH] [local@context-menu-overhaul] [2648:LogHandlerCandidates]: Handler candidates for 'Copy &as path' (*): 7-Zip, AccExt, Adobe.Acrobat.ContextMenu, ANotepad++64, EPP, IDriveMenu, Open With, Open With EncryptionMenu, Sharing, TortoiseSVN, WinRAR, WinRAR32
02:18:48.162 33728 explorer.exe  [WH] [local@context-menu-overhaul] [2648:LogHandlerCandidates]: Handler candidates for 'Copy &as path' (AllFilesystemObjects): ACShell, CopyAsPathMenu, DeleteFiles, MBAMShlExt, ModernSharing, SendTo, {474C98EE-CF3D-41f5-80E3-4AAB0AB04301}, {596AB062-B4D2-4215-9F74-E9109B0A8153}, {a2a9545d-a0c2-42b4-9708-a0b2badd77c8}
02:18:48.162 33728 explorer.exe  [WH] [local@context-menu-overhaul] [2691:ApplyRegistryIcons]: No registry icon for 'Copy &as path' (verb 'copyaspath')
02:18:48.191 33728 explorer.exe  [WH] [local@context-menu-overhaul] [2648:LogHandlerCandidates]: Handler candidates for 'Restore previous &versions' (SystemFileAssociations\.mp4): PlayTo
02:18:48.191 33728 explorer.exe  [WH] [local@context-menu-overhaul] [2648:LogHandlerCandidates]: Handler candidates for 'Restore previous &versions' (*): {C52B9871-E5E9-41FD-B84D-C5ACADBEC7AE}
02:18:48.191 33728 explorer.exe  [WH] [local@context-menu-overhaul] [2648:LogHandlerCandidates]: Handler candidates for 'Restore previous &versions' (*): 7-Zip, AccExt, Adobe.Acrobat.ContextMenu, ANotepad++64, EPP, IDriveMenu, Open With, Open With EncryptionMenu, Sharing, TortoiseSVN, WinRAR, WinRAR32
02:18:48.192 33728 explorer.exe  [WH] [local@context-menu-overhaul] [2648:LogHandlerCandidates]: Handler candidates for 'Restore previous &versions' (AllFilesystemObjects): ACShell, CopyAsPathMenu, DeleteFiles, MBAMShlExt, ModernSharing, SendTo, {474C98EE-CF3D-41f5-80E3-4AAB0AB04301}, {596AB062-B4D2-4215-9F74-E9109B0A8153}, {a2a9545d-a0c2-42b4-9708-a0b2badd77c8}
02:18:48.192 33728 explorer.exe  [WH] [local@context-menu-overhaul] [2691:ApplyRegistryIcons]: No registry icon for 'Restore previous &versions' (verb 'PreviousVersions')
02:18:48.248 33728 explorer.exe  [WH] [local@context-menu-overhaul] [2648:LogHandlerCandidates]: Handler candidates for 'Cu&t' (SystemFileAssociations\.mp4): PlayTo
02:18:48.248 33728 explorer.exe  [WH] [local@context-menu-overhaul] [2648:LogHandlerCandidates]: Handler candidates for 'Cu&t' (*): {C52B9871-E5E9-41FD-B84D-C5ACADBEC7AE}
02:18:48.248 33728 explorer.exe  [WH] [local@context-menu-overhaul] [2648:LogHandlerCandidates]: Handler candidates for 'Cu&t' (*): 7-Zip, AccExt, Adobe.Acrobat.ContextMenu, ANotepad++64, EPP, IDriveMenu, Open With, Open With EncryptionMenu, Sharing, TortoiseSVN, WinRAR, WinRAR32
02:18:48.248 33728 explorer.exe  [WH] [local@context-menu-overhaul] [2648:LogHandlerCandidates]: Handler candidates for 'Cu&t' (AllFilesystemObjects): ACShell, CopyAsPathMenu, DeleteFiles, MBAMShlExt, ModernSharing, SendTo, {474C98EE-CF3D-41f5-80E3-4AAB0AB04301}, {596AB062-B4D2-4215-9F74-E9109B0A8153}, {a2a9545d-a0c2-42b4-9708-a0b2badd77c8}
02:18:48.248 33728 explorer.exe  [WH] [local@context-menu-overhaul] [2691:ApplyRegistryIcons]: No registry icon for 'Cu&t' (verb 'cut')
02:18:48.257 33728 explorer.exe  [WH] [local@context-menu-overhaul] [2648:LogHandlerCandidates]: Handler candidates for '&Copy' (SystemFileAssociations\.mp4): PlayTo
02:18:48.258 33728 explorer.exe  [WH] [local@context-menu-overhaul] [2648:LogHandlerCandidates]: Handler candidates for '&Copy' (*): {C52B9871-E5E9-41FD-B84D-C5ACADBEC7AE}
02:18:48.258 33728 explorer.exe  [WH] [local@context-menu-overhaul] [2648:LogHandlerCandidates]: Handler candidates for '&Copy' (*): 7-Zip, AccExt, Adobe.Acrobat.ContextMenu, ANotepad++64, EPP, IDriveMenu, Open With, Open With EncryptionMenu, Sharing, TortoiseSVN, WinRAR, WinRAR32
02:18:48.258 33728 explorer.exe  [WH] [local@context-menu-overhaul] [2648:LogHandlerCandidates]: Handler candidates for '&Copy' (AllFilesystemObjects): ACShell, CopyAsPathMenu, DeleteFiles, MBAMShlExt, ModernSharing, SendTo, {474C98EE-CF3D-41f5-80E3-4AAB0AB04301}, {596AB062-B4D2-4215-9F74-E9109B0A8153}, {a2a9545d-a0c2-42b4-9708-a0b2badd77c8}
02:18:48.258 33728 explorer.exe  [WH] [local@context-menu-overhaul] [2691:ApplyRegistryIcons]: No registry icon for '&Copy' (verb 'copy')
02:18:48.268 33728 explorer.exe  [WH] [local@context-menu-overhaul] [2648:LogHandlerCandidates]: Handler candidates for 'Create &shortcut' (SystemFileAssociations\.mp4): PlayTo
02:18:48.268 33728 explorer.exe  [WH] [local@context-menu-overhaul] [2648:LogHandlerCandidates]: Handler candidates for 'Create &shortcut' (*): {C52B9871-E5E9-41FD-B84D-C5ACADBEC7AE}
02:18:48.268 33728 explorer.exe  [WH] [local@context-menu-overhaul] [2648:LogHandlerCandidates]: Handler candidates for 'Create &shortcut' (*): 7-Zip, AccExt, Adobe.Acrobat.ContextMenu, ANotepad++64, EPP, IDriveMenu, Open With, Open With EncryptionMenu, Sharing, TortoiseSVN, WinRAR, WinRAR32
02:18:48.268 33728 explorer.exe  [WH] [local@context-menu-overhaul] [2648:LogHandlerCandidates]: Handler candidates for 'Create &shortcut' (AllFilesystemObjects): ACShell, CopyAsPathMenu, DeleteFiles, MBAMShlExt, ModernSharing, SendTo, {474C98EE-CF3D-41f5-80E3-4AAB0AB04301}, {596AB062-B4D2-4215-9F74-E9109B0A8153}, {a2a9545d-a0c2-42b4-9708-a0b2badd77c8}
02:18:48.269 33728 explorer.exe  [WH] [local@context-menu-overhaul] [2691:ApplyRegistryIcons]: No registry icon for 'Create &shortcut' (verb 'link')
02:18:48.277 33728 explorer.exe  [WH] [local@context-menu-overhaul] [2648:LogHandlerCandidates]: Handler candidates for '&Delete' (SystemFileAssociations\.mp4): PlayTo
02:18:48.277 33728 explorer.exe  [WH] [local@context-menu-overhaul] [2648:LogHandlerCandidates]: Handler candidates for '&Delete' (*): {C52B9871-E5E9-41FD-B84D-C5ACADBEC7AE}
02:18:48.277 33728 explorer.exe  [WH] [local@context-menu-overhaul] [2648:LogHandlerCandidates]: Handler candidates for '&Delete' (*): 7-Zip, AccExt, Adobe.Acrobat.ContextMenu, ANotepad++64, EPP, IDriveMenu, Open With, Open With EncryptionMenu, Sharing, TortoiseSVN, WinRAR, WinRAR32
02:18:48.278 33728 explorer.exe  [WH] [local@context-menu-overhaul] [2648:LogHandlerCandidates]: Handler candidates for '&Delete' (AllFilesystemObjects): ACShell, CopyAsPathMenu, DeleteFiles, MBAMShlExt, ModernSharing, SendTo, {474C98EE-CF3D-41f5-80E3-4AAB0AB04301}, {596AB062-B4D2-4215-9F74-E9109B0A8153}, {a2a9545d-a0c2-42b4-9708-a0b2badd77c8}
02:18:48.279 33728 explorer.exe  [WH] [local@context-menu-overhaul] [2691:ApplyRegistryIcons]: No registry icon for '&Delete' (verb 'delete')
02:18:48.293 33728 explorer.exe  [WH] [local@context-menu-overhaul] [2648:LogHandlerCandidates]: Handler candidates for 'P&roperties' (SystemFileAssociations\.mp4): PlayTo
02:18:48.294 33728 explorer.exe  [WH] [local@context-menu-overhaul] [2648:LogHandlerCandidates]: Handler candidates for 'P&roperties' (*): {C52B9871-E5E9-41FD-B84D-C5ACADBEC7AE}
02:18:48.295 33728 explorer.exe  [WH] [local@context-menu-overhaul] [2648:LogHandlerCandidates]: Handler candidates for 'P&roperties' (*): 7-Zip, AccExt, Adobe.Acrobat.ContextMenu, ANotepad++64, EPP, IDriveMenu, Open With, Open With EncryptionMenu, Sharing, TortoiseSVN, WinRAR, WinRAR32
02:18:48.296 33728 explorer.exe  [WH] [local@context-menu-overhaul] [2648:LogHandlerCandidates]: Handler candidates for 'P&roperties' (AllFilesystemObjects): ACShell, CopyAsPathMenu, DeleteFiles, MBAMShlExt, ModernSharing, SendTo, {474C98EE-CF3D-41f5-80E3-4AAB0AB04301}, {596AB062-B4D2-4215-9F74-E9109B0A8153}, {a2a9545d-a0c2-42b4-9708-a0b2badd77c8}
02:18:48.296 33728 explorer.exe  [WH] [local@context-menu-overhaul] [2691:ApplyRegistryIcons]: No registry icon for 'P&roperties' (verb 'properties')
02:18:48.304 19196 explorer.exe  [WH] [local@context-menu-overhaul] [2648:LogHandlerCandidates]: Handler candidates for '&Open' (SystemFileAssociations\.mp4): PlayTo
02:18:48.304 19196 explorer.exe  [WH] [local@context-menu-overhaul] [2648:LogHandlerCandidates]: Handler candidates for '&Open' (*): {C52B9871-E5E9-41FD-B84D-C5ACADBEC7AE}
02:18:48.305 19196 explorer.exe  [WH] [local@context-menu-overhaul] [2648:LogHandlerCandidates]: Handler candidates for '&Open' (*): 7-Zip, AccExt, Adobe.Acrobat.ContextMenu, ANotepad++64, EPP, IDriveMenu, Open With, Open With EncryptionMenu, Sharing, TortoiseSVN, WinRAR, WinRAR32
02:18:48.305 19196 explorer.exe  [WH] [local@context-menu-overhaul] [2648:LogHandlerCandidates]: Handler candidates for '&Open' (AllFilesystemObjects): ACShell, CopyAsPathMenu, DeleteFiles, MBAMShlExt, ModernSharing, SendTo, {474C98EE-CF3D-41f5-80E3-4AAB0AB04301}, {596AB062-B4D2-4215-9F74-E9109B0A8153}, {a2a9545d-a0c2-42b4-9708-a0b2badd77c8}
02:18:48.306 19196 explorer.exe  [WH] [local@context-menu-overhaul] [2691:ApplyRegistryIcons]: No registry icon for '&Open' (verb 'open')
02:18:48.310 19196 explorer.exe  [WH] [local@context-menu-overhaul] [2648:LogHandlerCandidates]: Handler candidates for '' (SystemFileAssociations\.mp4): PlayTo
02:18:48.310 19196 explorer.exe  [WH] [local@context-menu-overhaul] [2648:LogHandlerCandidates]: Handler candidates for '' (*): {C52B9871-E5E9-41FD-B84D-C5ACADBEC7AE}
02:18:48.310 19196 explorer.exe  [WH] [local@context-menu-overhaul] [2648:LogHandlerCandidates]: Handler candidates for '' (*): 7-Zip, AccExt, Adobe.Acrobat.ContextMenu, ANotepad++64, EPP, IDriveMenu, Open With, Open With EncryptionMenu, Sharing, TortoiseSVN, WinRAR, WinRAR32
02:18:48.310 19196 explorer.exe  [WH] [local@context-menu-overhaul] [2648:LogHandlerCandidates]: Handler candidates for '' (AllFilesystemObjects): ACShell, CopyAsPathMenu, DeleteFiles, MBAMShlExt, ModernSharing, SendTo, {474C98EE-CF3D-41f5-80E3-4AAB0AB04301}, {596AB062-B4D2-4215-9F74-E9109B0A8153}, {a2a9545d-a0c2-42b4-9708-a0b2badd77c8}
02:18:48.311 19196 explorer.exe  [WH] [local@context-menu-overhaul] [2691:ApplyRegistryIcons]: No registry icon for '' (verb '')
02:18:48.328 19196 explorer.exe  [WH] [local@context-menu-overhaul] [2648:LogHandlerCandidates]: Handler candidates for 'Add to &Favorites' (SystemFileAssociations\.mp4): PlayTo
02:18:48.328 19196 explorer.exe  [WH] [local@context-menu-overhaul] [2648:LogHandlerCandidates]: Handler candidates for 'Add to &Favorites' (*): {C52B9871-E5E9-41FD-B84D-C5ACADBEC7AE}
02:18:48.328 19196 explorer.exe  [WH] [local@context-menu-overhaul] [2648:LogHandlerCandidates]: Handler candidates for 'Add to &Favorites' (*): 7-Zip, AccExt, Adobe.Acrobat.ContextMenu, ANotepad++64, EPP, IDriveMenu, Open With, Open With EncryptionMenu, Sharing, TortoiseSVN, WinRAR, WinRAR32
02:18:48.329 19196 explorer.exe  [WH] [local@context-menu-overhaul] [2648:LogHandlerCandidates]: Handler candidates for 'Add to &Favorites' (AllFilesystemObjects): ACShell, CopyAsPathMenu, DeleteFiles, MBAMShlExt, ModernSharing, SendTo, {474C98EE-CF3D-41f5-80E3-4AAB0AB04301}, {596AB062-B4D2-4215-9F74-E9109B0A8153}, {a2a9545d-a0c2-42b4-9708-a0b2badd77c8}
02:18:48.329 19196 explorer.exe  [WH] [local@context-menu-overhaul] [2691:ApplyRegistryIcons]: No registry icon for 'Add to &Favorites' (verb 'pintohomefile')
02:18:48.359 19196 explorer.exe  [WH] [local@context-menu-overhaul] [2648:LogHandlerCandidates]: Handler candidates for 'Open wit&h' (SystemFileAssociations\.mp4): PlayTo
02:18:48.359 19196 explorer.exe  [WH] [local@context-menu-overhaul] [2648:LogHandlerCandidates]: Handler candidates for 'Open wit&h' (*): {C52B9871-E5E9-41FD-B84D-C5ACADBEC7AE}
02:18:48.359 19196 explorer.exe  [WH] [local@context-menu-overhaul] [2648:LogHandlerCandidates]: Handler candidates for 'Open wit&h' (*): 7-Zip, AccExt, Adobe.Acrobat.ContextMenu, ANotepad++64, EPP, IDriveMenu, Open With, Open With EncryptionMenu, Sharing, TortoiseSVN, WinRAR, WinRAR32
02:18:48.360 19196 explorer.exe  [WH] [local@context-menu-overhaul] [2648:LogHandlerCandidates]: Handler candidates for 'Open wit&h' (AllFilesystemObjects): ACShell, CopyAsPathMenu, DeleteFiles, MBAMShlExt, ModernSharing, SendTo, {474C98EE-CF3D-41f5-80E3-4AAB0AB04301}, {596AB062-B4D2-4215-9F74-E9109B0A8153}, {a2a9545d-a0c2-42b4-9708-a0b2badd77c8}
02:18:48.360 19196 explorer.exe  [WH] [local@context-menu-overhaul] [2691:ApplyRegistryIcons]: No registry icon for 'Open wit&h' (verb '')
02:18:48.455 33728 explorer.exe  [WH] [local@context-menu-overhaul] [2648:LogHandlerCandidates]: Handler candidates for '&Open' (*): {C52B9871-E5E9-41FD-B84D-C5ACADBEC7AE}
02:18:48.455 33728 explorer.exe  [WH] [local@context-menu-overhaul] [2648:LogHandlerCandidates]: Handler candidates for '&Open' (*): 7-Zip, AccExt, Adobe.Acrobat.ContextMenu, ANotepad++64, EPP, IDriveMenu, Open With, Open With EncryptionMenu, Sharing, TortoiseSVN, WinRAR, WinRAR32
02:18:48.456 33728 explorer.exe  [WH] [local@context-menu-overhaul] [2648:LogHandlerCandidates]: Handler candidates for '&Open' (AllFilesystemObjects): ACShell, CopyAsPathMenu, DeleteFiles, MBAMShlExt, ModernSharing, SendTo, {474C98EE-CF3D-41f5-80E3-4AAB0AB04301}, {596AB062-B4D2-4215-9F74-E9109B0A8153}, {a2a9545d-a0c2-42b4-9708-a0b2badd77c8}
02:18:48.456 33728 explorer.exe  [WH] [local@context-menu-overhaul] [2691:ApplyRegistryIcons]: No registry icon for '&Open' (verb 'open')
02:18:48.463 33728 explorer.exe  [WH] [local@context-menu-overhaul] [2648:LogHandlerCandidates]: Handler candidates for '&Add to Windows Media Player Legacy list' (*): {C52B9871-E5E9-41FD-B84D-C5ACADBEC7AE}
02:18:48.463 33728 explorer.exe  [WH] [local@context-menu-overhaul] [2648:LogHandlerCandidates]: Handler candidates for '&Add to Windows Media Player Legacy list' (*): 7-Zip, AccExt, Adobe.Acrobat.ContextMenu, ANotepad++64, EPP, IDriveMenu, Open With, Open With EncryptionMenu, Sharing, TortoiseSVN, WinRAR, WinRAR32
02:18:48.463 33728 explorer.exe  [WH] [local@context-menu-overhaul] [2648:LogHandlerCandidates]: Handler candidates for '&Add to Windows Media Player Legacy list' (AllFilesystemObjects): ACShell, CopyAsPathMenu, DeleteFiles, MBAMShlExt, ModernSharing, SendTo, {474C98EE-CF3D-41f5-80E3-4AAB0AB04301}, {596AB062-B4D2-4215-9F74-E9109B0A8153}, {a2a9545d-a0c2-42b4-9708-a0b2badd77c8}
02:18:48.464 33728 explorer.exe  [WH] [local@context-menu-overhaul] [2691:ApplyRegistryIcons]: No registry icon for '&Add to Windows Media Player Legacy list' (verb 'Enqueue')
02:18:48.468 19196 explorer.exe  [WH] [local@context-menu-overhaul] [2648:LogHandlerCandidates]: Handler candidates for 'Copy &as path' (SystemFileAssociations\.mp4): PlayTo
02:18:48.468 19196 explorer.exe  [WH] [local@context-menu-overhaul] [2648:LogHandlerCandidates]: Handler candidates for 'Copy &as path' (*): {C52B9871-E5E9-41FD-B84D-C5ACADBEC7AE}
02:18:48.468 19196 explorer.exe  [WH] [local@context-menu-overhaul] [2648:LogHandlerCandidates]: Handler candidates for 'Copy &as path' (*): 7-Zip, AccExt, Adobe.Acrobat.ContextMenu, ANotepad++64, EPP, IDriveMenu, Open With, Open With EncryptionMenu, Sharing, TortoiseSVN, WinRAR, WinRAR32
02:18:48.468 19196 explorer.exe  [WH] [local@context-menu-overhaul] [2648:LogHandlerCandidates]: Handler candidates for 'Copy &as path' (AllFilesystemObjects): ACShell, CopyAsPathMenu, DeleteFiles, MBAMShlExt, ModernSharing, SendTo, {474C98EE-CF3D-41f5-80E3-4AAB0AB04301}, {596AB062-B4D2-4215-9F74-E9109B0A8153}, {a2a9545d-a0c2-42b4-9708-a0b2badd77c8}
02:18:48.469 19196 explorer.exe  [WH] [local@context-menu-overhaul] [2691:ApplyRegistryIcons]: No registry icon for 'Copy &as path' (verb 'copyaspath')
02:18:48.472 33728 explorer.exe  [WH] [local@context-menu-overhaul] [2648:LogHandlerCandidates]: Handler candidates for '&Play with Windows Media Player Legacy' (*): {C52B9871-E5E9-41FD-B84D-C5ACADBEC7AE}
02:18:48.472 33728 explorer.exe  [WH] [local@context-menu-overhaul] [2648:LogHandlerCandidates]: Handler candidates for '&Play with Windows Media Player Legacy' (*): 7-Zip, AccExt, Adobe.Acrobat.ContextMenu, ANotepad++64, EPP, IDriveMenu, Open With, Open With EncryptionMenu, Sharing, TortoiseSVN, WinRAR, WinRAR32
02:18:48.472 33728 explorer.exe  [WH] [local@context-menu-overhaul] [2648:LogHandlerCandidates]: Handler candidates for '&Play with Windows Media Player Legacy' (AllFilesystemObjects): ACShell, CopyAsPathMenu, DeleteFiles, MBAMShlExt, ModernSharing, SendTo, {474C98EE-CF3D-41f5-80E3-4AAB0AB04301}, {596AB062-B4D2-4215-9F74-E9109B0A8153}, {a2a9545d-a0c2-42b4-9708-a0b2badd77c8}
02:18:48.472 33728 explorer.exe  [WH] [local@context-menu-overhaul] [2691:ApplyRegistryIcons]: No registry icon for '&Play with Windows Media Player Legacy' (verb 'Play')
02:18:48.475 33728 explorer.exe  [WH] [local@context-menu-overhaul] [2648:LogHandlerCandidates]: Handler candidates for '' (*): {C52B9871-E5E9-41FD-B84D-C5ACADBEC7AE}
02:18:48.475 33728 explorer.exe  [WH] [local@context-menu-overhaul] [2648:LogHandlerCandidates]: Handler candidates for '' (*): 7-Zip, AccExt, Adobe.Acrobat.ContextMenu, ANotepad++64, EPP, IDriveMenu, Open With, Open With EncryptionMenu, Sharing, TortoiseSVN, WinRAR, WinRAR32
02:18:48.475 33728 explorer.exe  [WH] [local@context-menu-overhaul] [2648:LogHandlerCandidates]: Handler candidates for '' (AllFilesystemObjects): ACShell, CopyAsPathMenu, DeleteFiles, MBAMShlExt, ModernSharing, SendTo, {474C98EE-CF3D-41f5-80E3-4AAB0AB04301}, {596AB062-B4D2-4215-9F74-E9109B0A8153}, {a2a9545d-a0c2-42b4-9708-a0b2badd77c8}
02:18:48.475 33728 explorer.exe  [WH] [local@context-menu-overhaul] [2691:ApplyRegistryIcons]: No registry icon for '' (verb '')
02:18:48.487 33728 explorer.exe  [WH] [local@context-menu-overhaul] [2648:LogHandlerCandidates]: Handler candidates for 'Add to &Favorites' (*): {C52B9871-E5E9-41FD-B84D-C5ACADBEC7AE}
02:18:48.487 33728 explorer.exe  [WH] [local@context-menu-overhaul] [2648:LogHandlerCandidates]: Handler candidates for 'Add to &Favorites' (*): 7-Zip, AccExt, Adobe.Acrobat.ContextMenu, ANotepad++64, EPP, IDriveMenu, Open With, Open With EncryptionMenu, Sharing, TortoiseSVN, WinRAR, WinRAR32
02:18:48.488 33728 explorer.exe  [WH] [local@context-menu-overhaul] [2648:LogHandlerCandidates]: Handler candidates for 'Add to &Favorites' (AllFilesystemObjects): ACShell, CopyAsPathMenu, DeleteFiles, MBAMShlExt, ModernSharing, SendTo, {474C98EE-CF3D-41f5-80E3-4AAB0AB04301}, {596AB062-B4D2-4215-9F74-E9109B0A8153}, {a2a9545d-a0c2-42b4-9708-a0b2badd77c8}
02:18:48.488 33728 explorer.exe  [WH] [local@context-menu-overhaul] [2691:ApplyRegistryIcons]: No registry icon for 'Add to &Favorites' (verb 'pintohomefile')
02:18:48.498 19196 explorer.exe  [WH] [local@context-menu-overhaul] [2648:LogHandlerCandidates]: Handler candidates for 'Restore previous &versions' (SystemFileAssociations\.mp4): PlayTo
02:18:48.498 19196 explorer.exe  [WH] [local@context-menu-overhaul] [2648:LogHandlerCandidates]: Handler candidates for 'Restore previous &versions' (*): {C52B9871-E5E9-41FD-B84D-C5ACADBEC7AE}
02:18:48.499 19196 explorer.exe  [WH] [local@context-menu-overhaul] [2648:LogHandlerCandidates]: Handler candidates for 'Restore previous &versions' (*): 7-Zip, AccExt, Adobe.Acrobat.ContextMenu, ANotepad++64, EPP, IDriveMenu, Open With, Open With EncryptionMenu, Sharing, TortoiseSVN, WinRAR, WinRAR32
02:18:48.499 19196 explorer.exe  [WH] [local@context-menu-overhaul] [2648:LogHandlerCandidates]: Handler candidates for 'Restore previous &versions' (AllFilesystemObjects): ACShell, CopyAsPathMenu, DeleteFiles, MBAMShlExt, ModernSharing, SendTo, {474C98EE-CF3D-41f5-80E3-4AAB0AB04301}, {596AB062-B4D2-4215-9F74-E9109B0A8153}, {a2a9545d-a0c2-42b4-9708-a0b2badd77c8}
02:18:48.499 19196 explorer.exe  [WH] [local@context-menu-overhaul] [2691:ApplyRegistryIcons]: No registry icon for 'Restore previous &versions' (verb 'PreviousVersions')
02:18:48.510 33728 explorer.exe  [WH] [local@context-menu-overhaul] [2648:LogHandlerCandidates]: Handler candidates for 'Open wit&h' (*): {C52B9871-E5E9-41FD-B84D-C5ACADBEC7AE}
02:18:48.511 33728 explorer.exe  [WH] [local@context-menu-overhaul] [2648:LogHandlerCandidates]: Handler candidates for 'Open wit&h' (*): 7-Zip, AccExt, Adobe.Acrobat.ContextMenu, ANotepad++64, EPP, IDriveMenu, Open With, Open With EncryptionMenu, Sharing, TortoiseSVN, WinRAR, WinRAR32
02:18:48.511 33728 explorer.exe  [WH] [local@context-menu-overhaul] [2648:LogHandlerCandidates]: Handler candidates for 'Open wit&h' (AllFilesystemObjects): ACShell, CopyAsPathMenu, DeleteFiles, MBAMShlExt, ModernSharing, SendTo, {474C98EE-CF3D-41f5-80E3-4AAB0AB04301}, {596AB062-B4D2-4215-9F74-E9109B0A8153}, {a2a9545d-a0c2-42b4-9708-a0b2badd77c8}
02:18:48.512 33728 explorer.exe  [WH] [local@context-menu-overhaul] [2691:ApplyRegistryIcons]: No registry icon for 'Open wit&h' (verb '')
02:18:48.578 19196 explorer.exe  [WH] [local@context-menu-overhaul] [2648:LogHandlerCandidates]: Handler candidates for 'Cu&t' (SystemFileAssociations\.mp4): PlayTo
02:18:48.578 19196 explorer.exe  [WH] [local@context-menu-overhaul] [2648:LogHandlerCandidates]: Handler candidates for 'Cu&t' (*): {C52B9871-E5E9-41FD-B84D-C5ACADBEC7AE}
02:18:48.578 19196 explorer.exe  [WH] [local@context-menu-overhaul] [2648:LogHandlerCandidates]: Handler candidates for 'Cu&t' (*): 7-Zip, AccExt, Adobe.Acrobat.ContextMenu, ANotepad++64, EPP, IDriveMenu, Open With, Open With EncryptionMenu, Sharing, TortoiseSVN, WinRAR, WinRAR32
02:18:48.578 19196 explorer.exe  [WH] [local@context-menu-overhaul] [2648:LogHandlerCandidates]: Handler candidates for 'Cu&t' (AllFilesystemObjects): ACShell, CopyAsPathMenu, DeleteFiles, MBAMShlExt, ModernSharing, SendTo, {474C98EE-CF3D-41f5-80E3-4AAB0AB04301}, {596AB062-B4D2-4215-9F74-E9109B0A8153}, {a2a9545d-a0c2-42b4-9708-a0b2badd77c8}
02:18:48.578 19196 explorer.exe  [WH] [local@context-menu-overhaul] [2691:ApplyRegistryIcons]: No registry icon for 'Cu&t' (verb 'cut')
02:18:48.589 19196 explorer.exe  [WH] [local@context-menu-overhaul] [2648:LogHandlerCandidates]: Handler candidates for '&Copy' (SystemFileAssociations\.mp4): PlayTo
02:18:48.589 19196 explorer.exe  [WH] [local@context-menu-overhaul] [2648:LogHandlerCandidates]: Handler candidates for '&Copy' (*): {C52B9871-E5E9-41FD-B84D-C5ACADBEC7AE}
02:18:48.589 19196 explorer.exe  [WH] [local@context-menu-overhaul] [2648:LogHandlerCandidates]: Handler candidates for '&Copy' (*): 7-Zip, AccExt, Adobe.Acrobat.ContextMenu, ANotepad++64, EPP, IDriveMenu, Open With, Open With EncryptionMenu, Sharing, TortoiseSVN, WinRAR, WinRAR32
02:18:48.589 19196 explorer.exe  [WH] [local@context-menu-overhaul] [2648:LogHandlerCandidates]: Handler candidates for '&Copy' (AllFilesystemObjects): ACShell, CopyAsPathMenu, DeleteFiles, MBAMShlExt, ModernSharing, SendTo, {474C98EE-CF3D-41f5-80E3-4AAB0AB04301}, {596AB062-B4D2-4215-9F74-E9109B0A8153}, {a2a9545d-a0c2-42b4-9708-a0b2badd77c8}
02:18:48.590 19196 explorer.exe  [WH] [local@context-menu-overhaul] [2691:ApplyRegistryIcons]: No registry icon for '&Copy' (verb 'copy')
02:18:48.591 33728 explorer.exe  [WH] [local@context-menu-overhaul] [2648:LogHandlerCandidates]: Handler candidates for 'Copy &as path' (*): {C52B9871-E5E9-41FD-B84D-C5ACADBEC7AE}
02:18:48.591 33728 explorer.exe  [WH] [local@context-menu-overhaul] [2648:LogHandlerCandidates]: Handler candidates for 'Copy &as path' (*): 7-Zip, AccExt, Adobe.Acrobat.ContextMenu, ANotepad++64, EPP, IDriveMenu, Open With, Open With EncryptionMenu, Sharing, TortoiseSVN, WinRAR, WinRAR32
02:18:48.591 33728 explorer.exe  [WH] [local@context-menu-overhaul] [2648:LogHandlerCandidates]: Handler candidates for 'Copy &as path' (AllFilesystemObjects): ACShell, CopyAsPathMenu, DeleteFiles, MBAMShlExt, ModernSharing, SendTo, {474C98EE-CF3D-41f5-80E3-4AAB0AB04301}, {596AB062-B4D2-4215-9F74-E9109B0A8153}, {a2a9545d-a0c2-42b4-9708-a0b2badd77c8}
02:18:48.592 33728 explorer.exe  [WH] [local@context-menu-overhaul] [2691:ApplyRegistryIcons]: No registry icon for 'Copy &as path' (verb 'copyaspath')
02:18:48.601 19196 explorer.exe  [WH] [local@context-menu-overhaul] [2648:LogHandlerCandidates]: Handler candidates for 'Create &shortcut' (SystemFileAssociations\.mp4): PlayTo
02:18:48.601 19196 explorer.exe  [WH] [local@context-menu-overhaul] [2648:LogHandlerCandidates]: Handler candidates for 'Create &shortcut' (*): {C52B9871-E5E9-41FD-B84D-C5ACADBEC7AE}
02:18:48.601 19196 explorer.exe  [WH] [local@context-menu-overhaul] [2648:LogHandlerCandidates]: Handler candidates for 'Create &shortcut' (*): 7-Zip, AccExt, Adobe.Acrobat.ContextMenu, ANotepad++64, EPP, IDriveMenu, Open With, Open With EncryptionMenu, Sharing, TortoiseSVN, WinRAR, WinRAR32
02:18:48.602 19196 explorer.exe  [WH] [local@context-menu-overhaul] [2648:LogHandlerCandidates]: Handler candidates for 'Create &shortcut' (AllFilesystemObjects): ACShell, CopyAsPathMenu, DeleteFiles, MBAMShlExt, ModernSharing, SendTo, {474C98EE-CF3D-41f5-80E3-4AAB0AB04301}, {596AB062-B4D2-4215-9F74-E9109B0A8153}, {a2a9545d-a0c2-42b4-9708-a0b2badd77c8}
02:18:48.602 19196 explorer.exe  [WH] [local@context-menu-overhaul] [2691:ApplyRegistryIcons]: No registry icon for 'Create &shortcut' (verb 'link')
02:18:48.613 33728 explorer.exe  [WH] [local@context-menu-overhaul] [2648:LogHandlerCandidates]: Handler candidates for 'Restore previous &versions' (*): {C52B9871-E5E9-41FD-B84D-C5ACADBEC7AE}
02:18:48.613 33728 explorer.exe  [WH] [local@context-menu-overhaul] [2648:LogHandlerCandidates]: Handler candidates for 'Restore previous &versions' (*): 7-Zip, AccExt, Adobe.Acrobat.ContextMenu, ANotepad++64, EPP, IDriveMenu, Open With, Open With EncryptionMenu, Sharing, TortoiseSVN, WinRAR, WinRAR32
02:18:48.613 33728 explorer.exe  [WH] [local@context-menu-overhaul] [2648:LogHandlerCandidates]: Handler candidates for 'Restore previous &versions' (AllFilesystemObjects): ACShell, CopyAsPathMenu, DeleteFiles, MBAMShlExt, ModernSharing, SendTo, {474C98EE-CF3D-41f5-80E3-4AAB0AB04301}, {596AB062-B4D2-4215-9F74-E9109B0A8153}, {a2a9545d-a0c2-42b4-9708-a0b2badd77c8}
02:18:48.613 33728 explorer.exe  [WH] [local@context-menu-overhaul] [2691:ApplyRegistryIcons]: No registry icon for 'Restore previous &versions' (verb 'PreviousVersions')
02:18:48.613 19196 explorer.exe  [WH] [local@context-menu-overhaul] [2648:LogHandlerCandidates]: Handler candidates for '&Delete' (SystemFileAssociations\.mp4): PlayTo
02:18:48.615 19196 explorer.exe  [WH] [local@context-menu-overhaul] [2648:LogHandlerCandidates]: Handler candidates for '&Delete' (*): {C52B9871-E5E9-41FD-B84D-C5ACADBEC7AE}
02:18:48.615 19196 explorer.exe  [WH] [local@context-menu-overhaul] [2648:LogHandlerCandidates]: Handler candidates for '&Delete' (*): 7-Zip, AccExt, Adobe.Acrobat.ContextMenu, ANotepad++64, EPP, IDriveMenu, Open With, Open With EncryptionMenu, Sharing, TortoiseSVN, WinRAR, WinRAR32
02:18:48.615 19196 explorer.exe  [WH] [local@context-menu-overhaul] [2648:LogHandlerCandidates]: Handler candidates for '&Delete' (AllFilesystemObjects): ACShell, CopyAsPathMenu, DeleteFiles, MBAMShlExt, ModernSharing, SendTo, {474C98EE-CF3D-41f5-80E3-4AAB0AB04301}, {596AB062-B4D2-4215-9F74-E9109B0A8153}, {a2a9545d-a0c2-42b4-9708-a0b2badd77c8}
02:18:48.615 19196 explorer.exe  [WH] [local@context-menu-overhaul] [2691:ApplyRegistryIcons]: No registry icon for '&Delete' (verb 'delete')
02:18:48.625 19196 explorer.exe  [WH] [local@context-menu-overhaul] [2648:LogHandlerCandidates]: Handler candidates for 'P&roperties' (SystemFileAssociations\.mp4): PlayTo
02:18:48.625 19196 explorer.exe  [WH] [local@context-menu-overhaul] [2648:LogHandlerCandidates]: Handler candidates for 'P&roperties' (*): {C52B9871-E5E9-41FD-B84D-C5ACADBEC7AE}
02:18:48.626 19196 explorer.exe  [WH] [local@context-menu-overhaul] [2648:LogHandlerCandidates]: Handler candidates for 'P&roperties' (*): 7-Zip, AccExt, Adobe.Acrobat.ContextMenu, ANotepad++64, EPP, IDriveMenu, Open With, Open With EncryptionMenu, Sharing, TortoiseSVN, WinRAR, WinRAR32
02:18:48.626 19196 explorer.exe  [WH] [local@context-menu-overhaul] [2648:LogHandlerCandidates]: Handler candidates for 'P&roperties' (AllFilesystemObjects): ACShell, CopyAsPathMenu, DeleteFiles, MBAMShlExt, ModernSharing, SendTo, {474C98EE-CF3D-41f5-80E3-4AAB0AB04301}, {596AB062-B4D2-4215-9F74-E9109B0A8153}, {a2a9545d-a0c2-42b4-9708-a0b2badd77c8}
02:18:48.626 19196 explorer.exe  [WH] [local@context-menu-overhaul] [2691:ApplyRegistryIcons]: No registry icon for 'P&roperties' (verb 'properties')
02:18:48.676 33728 explorer.exe  [WH] [local@context-menu-overhaul] [2648:LogHandlerCandidates]: Handler candidates for 'Cu&t' (*): {C52B9871-E5E9-41FD-B84D-C5ACADBEC7AE}
02:18:48.676 33728 explorer.exe  [WH] [local@context-menu-overhaul] [2648:LogHandlerCandidates]: Handler candidates for 'Cu&t' (*): 7-Zip, AccExt, Adobe.Acrobat.ContextMenu, ANotepad++64, EPP, IDriveMenu, Open With, Open With EncryptionMenu, Sharing, TortoiseSVN, WinRAR, WinRAR32
02:18:48.677 33728 explorer.exe  [WH] [local@context-menu-overhaul] [2648:LogHandlerCandidates]: Handler candidates for 'Cu&t' (AllFilesystemObjects): ACShell, CopyAsPathMenu, DeleteFiles, MBAMShlExt, ModernSharing, SendTo, {474C98EE-CF3D-41f5-80E3-4AAB0AB04301}, {596AB062-B4D2-4215-9F74-E9109B0A8153}, {a2a9545d-a0c2-42b4-9708-a0b2badd77c8}
02:18:48.677 33728 explorer.exe  [WH] [local@context-menu-overhaul] [2691:ApplyRegistryIcons]: No registry icon for 'Cu&t' (verb 'cut')
02:18:48.684 33728 explorer.exe  [WH] [local@context-menu-overhaul] [2648:LogHandlerCandidates]: Handler candidates for '&Copy' (*): {C52B9871-E5E9-41FD-B84D-C5ACADBEC7AE}
02:18:48.684 33728 explorer.exe  [WH] [local@context-menu-overhaul] [2648:LogHandlerCandidates]: Handler candidates for '&Copy' (*): 7-Zip, AccExt, Adobe.Acrobat.ContextMenu, ANotepad++64, EPP, IDriveMenu, Open With, Open With EncryptionMenu, Sharing, TortoiseSVN, WinRAR, WinRAR32
02:18:48.685 33728 explorer.exe  [WH] [local@context-menu-overhaul] [2648:LogHandlerCandidates]: Handler candidates for '&Copy' (AllFilesystemObjects): ACShell, CopyAsPathMenu, DeleteFiles, MBAMShlExt, ModernSharing, SendTo, {474C98EE-CF3D-41f5-80E3-4AAB0AB04301}, {596AB062-B4D2-4215-9F74-E9109B0A8153}, {a2a9545d-a0c2-42b4-9708-a0b2badd77c8}
02:18:48.685 33728 explorer.exe  [WH] [local@context-menu-overhaul] [2691:ApplyRegistryIcons]: No registry icon for '&Copy' (verb 'copy')
02:18:48.696 33728 explorer.exe  [WH] [local@context-menu-overhaul] [2648:LogHandlerCandidates]: Handler candidates for 'Create &shortcut' (*): {C52B9871-E5E9-41FD-B84D-C5ACADBEC7AE}
02:18:48.696 33728 explorer.exe  [WH] [local@context-menu-overhaul] [2648:LogHandlerCandidates]: Handler candidates for 'Create &shortcut' (*): 7-Zip, AccExt, Adobe.Acrobat.ContextMenu, ANotepad++64, EPP, IDriveMenu, Open With, Open With EncryptionMenu, Sharing, TortoiseSVN, WinRAR, WinRAR32
02:18:48.696 33728 explorer.exe  [WH] [local@context-menu-overhaul] [2648:LogHandlerCandidates]: Handler candidates for 'Create &shortcut' (AllFilesystemObjects): ACShell, CopyAsPathMenu, DeleteFiles, MBAMShlExt, ModernSharing, SendTo, {474C98EE-CF3D-41f5-80E3-4AAB0AB04301}, {596AB062-B4D2-4215-9F74-E9109B0A8153}, {a2a9545d-a0c2-42b4-9708-a0b2badd77c8}
02:18:48.697 33728 explorer.exe  [WH] [local@context-menu-overhaul] [2691:ApplyRegistryIcons]: No registry icon for 'Create &shortcut' (verb 'link')
02:18:48.707 33728 explorer.exe  [WH] [local@context-menu-overhaul] [2648:LogHandlerCandidates]: Handler candidates for '&Delete' (*): {C52B9871-E5E9-41FD-B84D-C5ACADBEC7AE}
02:18:48.707 33728 explorer.exe  [WH] [local@context-menu-overhaul] [2648:LogHandlerCandidates]: Handler candidates for '&Delete' (*): 7-Zip, AccExt, Adobe.Acrobat.ContextMenu, ANotepad++64, EPP, IDriveMenu, Open With, Open With EncryptionMenu, Sharing, TortoiseSVN, WinRAR, WinRAR32
02:18:48.707 33728 explorer.exe  [WH] [local@context-menu-overhaul] [2648:LogHandlerCandidates]: Handler candidates for '&Delete' (AllFilesystemObjects): ACShell, CopyAsPathMenu, DeleteFiles, MBAMShlExt, ModernSharing, SendTo, {474C98EE-CF3D-41f5-80E3-4AAB0AB04301}, {596AB062-B4D2-4215-9F74-E9109B0A8153}, {a2a9545d-a0c2-42b4-9708-a0b2badd77c8}
02:18:48.708 33728 explorer.exe  [WH] [local@context-menu-overhaul] [2691:ApplyRegistryIcons]: No registry icon for '&Delete' (verb 'delete')
02:18:48.718 33728 explorer.exe  [WH] [local@context-menu-overhaul] [2648:LogHandlerCandidates]: Handler candidates for 'P&roperties' (*): {C52B9871-E5E9-41FD-B84D-C5ACADBEC7AE}
02:18:48.719 33728 explorer.exe  [WH] [local@context-menu-overhaul] [2648:LogHandlerCandidates]: Handler candidates for 'P&roperties' (*): 7-Zip, AccExt, Adobe.Acrobat.ContextMenu, ANotepad++64, EPP, IDriveMenu, Open With, Open With EncryptionMenu, Sharing, TortoiseSVN, WinRAR, WinRAR32
02:18:48.719 33728 explorer.exe  [WH] [local@context-menu-overhaul] [2648:LogHandlerCandidates]: Handler candidates for 'P&roperties' (AllFilesystemObjects): ACShell, CopyAsPathMenu, DeleteFiles, MBAMShlExt, ModernSharing, SendTo, {474C98EE-CF3D-41f5-80E3-4AAB0AB04301}, {596AB062-B4D2-4215-9F74-E9109B0A8153}, {a2a9545d-a0c2-42b4-9708-a0b2badd77c8}
02:18:48.720 33728 explorer.exe  [WH] [local@context-menu-overhaul] [2691:ApplyRegistryIcons]: No registry icon for 'P&roperties' (verb 'properties')
02:18:48.809 19196 explorer.exe  [WH] [local@context-menu-overhaul] [2648:LogHandlerCandidates]: Handler candidates for '&Open' (*): {C52B9871-E5E9-41FD-B84D-C5ACADBEC7AE}
02:18:48.810 19196 explorer.exe  [WH] [local@context-menu-overhaul] [2648:LogHandlerCandidates]: Handler candidates for '&Open' (*): 7-Zip, AccExt, Adobe.Acrobat.ContextMenu, ANotepad++64, EPP, IDriveMenu, Open With, Open With EncryptionMenu, Sharing, TortoiseSVN, WinRAR, WinRAR32
02:18:48.810 19196 explorer.exe  [WH] [local@context-menu-overhaul] [2648:LogHandlerCandidates]: Handler candidates for '&Open' (AllFilesystemObjects): ACShell, CopyAsPathMenu, DeleteFiles, MBAMShlExt, ModernSharing, SendTo, {474C98EE-CF3D-41f5-80E3-4AAB0AB04301}, {596AB062-B4D2-4215-9F74-E9109B0A8153}, {a2a9545d-a0c2-42b4-9708-a0b2badd77c8}
02:18:48.810 19196 explorer.exe  [WH] [local@context-menu-overhaul] [2691:ApplyRegistryIcons]: No registry icon for '&Open' (verb 'open')
02:18:48.821 19196 explorer.exe  [WH] [local@context-menu-overhaul] [2648:LogHandlerCandidates]: Handler candidates for '&Add to Windows Media Player Legacy list' (*): {C52B9871-E5E9-41FD-B84D-C5ACADBEC7AE}
02:18:48.822 19196 explorer.exe  [WH] [local@context-menu-overhaul] [2648:LogHandlerCandidates]: Handler candidates for '&Add to Windows Media Player Legacy list' (*): 7-Zip, AccExt, Adobe.Acrobat.ContextMenu, ANotepad++64, EPP, IDriveMenu, Open With, Open With EncryptionMenu, Sharing, TortoiseSVN, WinRAR, WinRAR32
02:18:48.822 19196 explorer.exe  [WH] [local@context-menu-overhaul] [2648:LogHandlerCandidates]: Handler candidates for '&Add to Windows Media Player Legacy list' (AllFilesystemObjects): ACShell, CopyAsPathMenu, DeleteFiles, MBAMShlExt, ModernSharing, SendTo, {474C98EE-CF3D-41f5-80E3-4AAB0AB04301}, {596AB062-B4D2-4215-9F74-E9109B0A8153}, {a2a9545d-a0c2-42b4-9708-a0b2badd77c8}
02:18:48.823 19196 explorer.exe  [WH] [local@context-menu-overhaul] [2691:ApplyRegistryIcons]: No registry icon for '&Add to Windows Media Player Legacy list' (verb 'Enqueue')
02:18:48.833 19196 explorer.exe  [WH] [local@context-menu-overhaul] [2648:LogHandlerCandidates]: Handler candidates for '&Play with Windows Media Player Legacy' (*): {C52B9871-E5E9-41FD-B84D-C5ACADBEC7AE}
02:18:48.833 19196 explorer.exe  [WH] [local@context-menu-overhaul] [2648:LogHandlerCandidates]: Handler candidates for '&Play with Windows Media Player Legacy' (*): 7-Zip, AccExt, Adobe.Acrobat.ContextMenu, ANotepad++64, EPP, IDriveMenu, Open With, Open With EncryptionMenu, Sharing, TortoiseSVN, WinRAR, WinRAR32
02:18:48.834 19196 explorer.exe  [WH] [local@context-menu-overhaul] [2648:LogHandlerCandidates]: Handler candidates for '&Play with Windows Media Player Legacy' (AllFilesystemObjects): ACShell, CopyAsPathMenu, DeleteFiles, MBAMShlExt, ModernSharing, SendTo, {474C98EE-CF3D-41f5-80E3-4AAB0AB04301}, {596AB062-B4D2-4215-9F74-E9109B0A8153}, {a2a9545d-a0c2-42b4-9708-a0b2badd77c8}
02:18:48.834 19196 explorer.exe  [WH] [local@context-menu-overhaul] [2691:ApplyRegistryIcons]: No registry icon for '&Play with Windows Media Player Legacy' (verb 'Play')
02:18:48.836 19196 explorer.exe  [WH] [local@context-menu-overhaul] [2648:LogHandlerCandidates]: Handler candidates for '' (*): {C52B9871-E5E9-41FD-B84D-C5ACADBEC7AE}
02:18:48.836 19196 explorer.exe  [WH] [local@context-menu-overhaul] [2648:LogHandlerCandidates]: Handler candidates for '' (*): 7-Zip, AccExt, Adobe.Acrobat.ContextMenu, ANotepad++64, EPP, IDriveMenu, Open With, Open With EncryptionMenu, Sharing, TortoiseSVN, WinRAR, WinRAR32
02:18:48.836 19196 explorer.exe  [WH] [local@context-menu-overhaul] [2648:LogHandlerCandidates]: Handler candidates for '' (AllFilesystemObjects): ACShell, CopyAsPathMenu, DeleteFiles, MBAMShlExt, ModernSharing, SendTo, {474C98EE-CF3D-41f5-80E3-4AAB0AB04301}, {596AB062-B4D2-4215-9F74-E9109B0A8153}, {a2a9545d-a0c2-42b4-9708-a0b2badd77c8}
02:18:48.836 19196 explorer.exe  [WH] [local@context-menu-overhaul] [2691:ApplyRegistryIcons]: No registry icon for '' (verb '')
02:18:48.850 19196 explorer.exe  [WH] [local@context-menu-overhaul] [2648:LogHandlerCandidates]: Handler candidates for 'Add to &Favorites' (*): {C52B9871-E5E9-41FD-B84D-C5ACADBEC7AE}
02:18:48.850 19196 explorer.exe  [WH] [local@context-menu-overhaul] [2648:LogHandlerCandidates]: Handler candidates for 'Add to &Favorites' (*): 7-Zip, AccExt, Adobe.Acrobat.ContextMenu, ANotepad++64, EPP, IDriveMenu, Open With, Open With EncryptionMenu, Sharing, TortoiseSVN, WinRAR, WinRAR32
02:18:48.851 19196 explorer.exe  [WH] [local@context-menu-overhaul] [2648:LogHandlerCandidates]: Handler candidates for 'Add to &Favorites' (AllFilesystemObjects): ACShell, CopyAsPathMenu, DeleteFiles, MBAMShlExt, ModernSharing, SendTo, {474C98EE-CF3D-41f5-80E3-4AAB0AB04301}, {596AB062-B4D2-4215-9F74-E9109B0A8153}, {a2a9545d-a0c2-42b4-9708-a0b2badd77c8}
02:18:48.851 19196 explorer.exe  [WH] [local@context-menu-overhaul] [2691:ApplyRegistryIcons]: No registry icon for 'Add to &Favorites' (verb 'pintohomefile')
02:18:48.879 19196 explorer.exe  [WH] [local@context-menu-overhaul] [2648:LogHandlerCandidates]: Handler candidates for 'Open wit&h' (*): {C52B9871-E5E9-41FD-B84D-C5ACADBEC7AE}
02:18:48.879 19196 explorer.exe  [WH] [local@context-menu-overhaul] [2648:LogHandlerCandidates]: Handler candidates for 'Open wit&h' (*): 7-Zip, AccExt, Adobe.Acrobat.ContextMenu, ANotepad++64, EPP, IDriveMenu, Open With, Open With EncryptionMenu, Sharing, TortoiseSVN, WinRAR, WinRAR32
02:18:48.879 19196 explorer.exe  [WH] [local@context-menu-overhaul] [2648:LogHandlerCandidates]: Handler candidates for 'Open wit&h' (AllFilesystemObjects): ACShell, CopyAsPathMenu, DeleteFiles, MBAMShlExt, ModernSharing, SendTo, {474C98EE-CF3D-41f5-80E3-4AAB0AB04301}, {596AB062-B4D2-4215-9F74-E9109B0A8153}, {a2a9545d-a0c2-42b4-9708-a0b2badd77c8}
02:18:48.880 19196 explorer.exe  [WH] [local@context-menu-overhaul] [2691:ApplyRegistryIcons]: No registry icon for 'Open wit&h' (verb '')
02:18:48.898 33728 explorer.exe  [WH] [local@context-menu-overhaul] [2648:LogHandlerCandidates]: Handler candidates for '&Open' (*): {C52B9871-E5E9-41FD-B84D-C5ACADBEC7AE}
02:18:48.898 33728 explorer.exe  [WH] [local@context-menu-overhaul] [2648:LogHandlerCandidates]: Handler candidates for '&Open' (*): 7-Zip, AccExt, Adobe.Acrobat.ContextMenu, ANotepad++64, EPP, IDriveMenu, Open With, Open With EncryptionMenu, Sharing, TortoiseSVN, WinRAR, WinRAR32
02:18:48.898 33728 explorer.exe  [WH] [local@context-menu-overhaul] [2648:LogHandlerCandidates]: Handler candidates for '&Open' (AllFilesystemObjects): ACShell, CopyAsPathMenu, DeleteFiles, MBAMShlExt, ModernSharing, SendTo, {474C98EE-CF3D-41f5-80E3-4AAB0AB04301}, {596AB062-B4D2-4215-9F74-E9109B0A8153}, {a2a9545d-a0c2-42b4-9708-a0b2badd77c8}
02:18:48.899 33728 explorer.exe  [WH] [local@context-menu-overhaul] [2691:ApplyRegistryIcons]: No registry icon for '&Open' (verb 'open')
02:18:48.900 33728 explorer.exe  [WH] [local@context-menu-overhaul] [2648:LogHandlerCandidates]: Handler candidates for '' (*): {C52B9871-E5E9-41FD-B84D-C5ACADBEC7AE}
02:18:48.900 33728 explorer.exe  [WH] [local@context-menu-overhaul] [2648:LogHandlerCandidates]: Handler candidates for '' (*): 7-Zip, AccExt, Adobe.Acrobat.ContextMenu, ANotepad++64, EPP, IDriveMenu, Open With, Open With EncryptionMenu, Sharing, TortoiseSVN, WinRAR, WinRAR32
02:18:48.901 33728 explorer.exe  [WH] [local@context-menu-overhaul] [2648:LogHandlerCandidates]: Handler candidates for '' (AllFilesystemObjects): ACShell, CopyAsPathMenu, DeleteFiles, MBAMShlExt, ModernSharing, SendTo, {474C98EE-CF3D-41f5-80E3-4AAB0AB04301}, {596AB062-B4D2-4215-9F74-E9109B0A8153}, {a2a9545d-a0c2-42b4-9708-a0b2badd77c8}
02:18:48.901 33728 explorer.exe  [WH] [local@context-menu-overhaul] [2691:ApplyRegistryIcons]: No registry icon for '' (verb '')
02:18:48.918 33728 explorer.exe  [WH] [local@context-menu-overhaul] [2648:LogHandlerCandidates]: Handler candidates for 'Add to &Favorites' (*): {C52B9871-E5E9-41FD-B84D-C5ACADBEC7AE}
02:18:48.919 33728 explorer.exe  [WH] [local@context-menu-overhaul] [2648:LogHandlerCandidates]: Handler candidates for 'Add to &Favorites' (*): 7-Zip, AccExt, Adobe.Acrobat.ContextMenu, ANotepad++64, EPP, IDriveMenu, Open With, Open With EncryptionMenu, Sharing, TortoiseSVN, WinRAR, WinRAR32
02:18:48.920 33728 explorer.exe  [WH] [local@context-menu-overhaul] [2648:LogHandlerCandidates]: Handler candidates for 'Add to &Favorites' (AllFilesystemObjects): ACShell, CopyAsPathMenu, DeleteFiles, MBAMShlExt, ModernSharing, SendTo, {474C98EE-CF3D-41f5-80E3-4AAB0AB04301}, {596AB062-B4D2-4215-9F74-E9109B0A8153}, {a2a9545d-a0c2-42b4-9708-a0b2badd77c8}
02:18:48.921 33728 explorer.exe  [WH] [local@context-menu-overhaul] [2691:ApplyRegistryIcons]: No registry icon for 'Add to &Favorites' (verb 'pintohomefile')
02:18:48.944 33728 explorer.exe  [WH] [local@context-menu-overhaul] [2648:LogHandlerCandidates]: Handler candidates for 'Open wit&h' (*): {C52B9871-E5E9-41FD-B84D-C5ACADBEC7AE}
02:18:48.945 33728 explorer.exe  [WH] [local@context-menu-overhaul] [2648:LogHandlerCandidates]: Handler candidates for 'Open wit&h' (*): 7-Zip, AccExt, Adobe.Acrobat.ContextMenu, ANotepad++64, EPP, IDriveMenu, Open With, Open With EncryptionMenu, Sharing, TortoiseSVN, WinRAR, WinRAR32
02:18:48.945 33728 explorer.exe  [WH] [local@context-menu-overhaul] [2648:LogHandlerCandidates]: Handler candidates for 'Open wit&h' (AllFilesystemObjects): ACShell, CopyAsPathMenu, DeleteFiles, MBAMShlExt, ModernSharing, SendTo, {474C98EE-CF3D-41f5-80E3-4AAB0AB04301}, {596AB062-B4D2-4215-9F74-E9109B0A8153}, {a2a9545d-a0c2-42b4-9708-a0b2badd77c8}
02:18:48.945 33728 explorer.exe  [WH] [local@context-menu-overhaul] [2691:ApplyRegistryIcons]: No registry icon for 'Open wit&h' (verb '')
02:18:48.973 19196 explorer.exe  [WH] [local@context-menu-overhaul] [2648:LogHandlerCandidates]: Handler candidates for 'Copy &as path' (*): {C52B9871-E5E9-41FD-B84D-C5ACADBEC7AE}
02:18:48.974 19196 explorer.exe  [WH] [local@context-menu-overhaul] [2648:LogHandlerCandidates]: Handler candidates for 'Copy &as path' (*): 7-Zip, AccExt, Adobe.Acrobat.ContextMenu, ANotepad++64, EPP, IDriveMenu, Open With, Open With EncryptionMenu, Sharing, TortoiseSVN, WinRAR, WinRAR32
02:18:48.974 19196 explorer.exe  [WH] [local@context-menu-overhaul] [2648:LogHandlerCandidates]: Handler candidates for 'Copy &as path' (AllFilesystemObjects): ACShell, CopyAsPathMenu, DeleteFiles, MBAMShlExt, ModernSharing, SendTo, {474C98EE-CF3D-41f5-80E3-4AAB0AB04301}, {596AB062-B4D2-4215-9F74-E9109B0A8153}, {a2a9545d-a0c2-42b4-9708-a0b2badd77c8}
02:18:48.974 19196 explorer.exe  [WH] [local@context-menu-overhaul] [2691:ApplyRegistryIcons]: No registry icon for 'Copy &as path' (verb 'copyaspath')
02:18:48.999 19196 explorer.exe  [WH] [local@context-menu-overhaul] [2648:LogHandlerCandidates]: Handler candidates for 'Restore previous &versions' (*): {C52B9871-E5E9-41FD-B84D-C5ACADBEC7AE}
02:18:48.999 19196 explorer.exe  [WH] [local@context-menu-overhaul] [2648:LogHandlerCandidates]: Handler candidates for 'Restore previous &versions' (*): 7-Zip, AccExt, Adobe.Acrobat.ContextMenu, ANotepad++64, EPP, IDriveMenu, Open With, Open With EncryptionMenu, Sharing, TortoiseSVN, WinRAR, WinRAR32
02:18:49.000 19196 explorer.exe  [WH] [local@context-menu-overhaul] [2648:LogHandlerCandidates]: Handler candidates for 'Restore previous &versions' (AllFilesystemObjects): ACShell, CopyAsPathMenu, DeleteFiles, MBAMShlExt, ModernSharing, SendTo, {474C98EE-CF3D-41f5-80E3-4AAB0AB04301}, {596AB062-B4D2-4215-9F74-E9109B0A8153}, {a2a9545d-a0c2-42b4-9708-a0b2badd77c8}
02:18:49.000 19196 explorer.exe  [WH] [local@context-menu-overhaul] [2691:ApplyRegistryIcons]: No registry icon for 'Restore previous &versions' (verb 'PreviousVersions')
02:18:49.012 33728 explorer.exe  [WH] [local@context-menu-overhaul] [2648:LogHandlerCandidates]: Handler candidates for 'Copy &as path' (*): {C52B9871-E5E9-41FD-B84D-C5ACADBEC7AE}
02:18:49.012 33728 explorer.exe  [WH] [local@context-menu-overhaul] [2648:LogHandlerCandidates]: Handler candidates for 'Copy &as path' (*): 7-Zip, AccExt, Adobe.Acrobat.ContextMenu, ANotepad++64, EPP, IDriveMenu, Open With, Open With EncryptionMenu, Sharing, TortoiseSVN, WinRAR, WinRAR32
02:18:49.012 33728 explorer.exe  [WH] [local@context-menu-overhaul] [2648:LogHandlerCandidates]: Handler candidates for 'Copy &as path' (AllFilesystemObjects): ACShell, CopyAsPathMenu, DeleteFiles, MBAMShlExt, ModernSharing, SendTo, {474C98EE-CF3D-41f5-80E3-4AAB0AB04301}, {596AB062-B4D2-4215-9F74-E9109B0A8153}, {a2a9545d-a0c2-42b4-9708-a0b2badd77c8}
02:18:49.012 33728 explorer.exe  [WH] [local@context-menu-overhaul] [2691:ApplyRegistryIcons]: No registry icon for 'Copy &as path' (verb 'copyaspath')
02:18:49.038 33728 explorer.exe  [WH] [local@context-menu-overhaul] [2648:LogHandlerCandidates]: Handler candidates for 'Restore previous &versions' (*): {C52B9871-E5E9-41FD-B84D-C5ACADBEC7AE}
02:18:49.039 33728 explorer.exe  [WH] [local@context-menu-overhaul] [2648:LogHandlerCandidates]: Handler candidates for 'Restore previous &versions' (*): 7-Zip, AccExt, Adobe.Acrobat.ContextMenu, ANotepad++64, EPP, IDriveMenu, Open With, Open With EncryptionMenu, Sharing, TortoiseSVN, WinRAR, WinRAR32
02:18:49.039 33728 explorer.exe  [WH] [local@context-menu-overhaul] [2648:LogHandlerCandidates]: Handler candidates for 'Restore previous &versions' (AllFilesystemObjects): ACShell, CopyAsPathMenu, DeleteFiles, MBAMShlExt, ModernSharing, SendTo, {474C98EE-CF3D-41f5-80E3-4AAB0AB04301}, {596AB062-B4D2-4215-9F74-E9109B0A8153}, {a2a9545d-a0c2-42b4-9708-a0b2badd77c8}
02:18:49.039 33728 explorer.exe  [WH] [local@context-menu-overhaul] [2691:ApplyRegistryIcons]: No registry icon for 'Restore previous &versions' (verb 'PreviousVersions')
02:18:49.074 19196 explorer.exe  [WH] [local@context-menu-overhaul] [2648:LogHandlerCandidates]: Handler candidates for 'Cu&t' (*): {C52B9871-E5E9-41FD-B84D-C5ACADBEC7AE}
02:18:49.074 19196 explorer.exe  [WH] [local@context-menu-overhaul] [2648:LogHandlerCandidates]: Handler candidates for 'Cu&t' (*): 7-Zip, AccExt, Adobe.Acrobat.ContextMenu, ANotepad++64, EPP, IDriveMenu, Open With, Open With EncryptionMenu, Sharing, TortoiseSVN, WinRAR, WinRAR32
02:18:49.075 19196 explorer.exe  [WH] [local@context-menu-overhaul] [2648:LogHandlerCandidates]: Handler candidates for 'Cu&t' (AllFilesystemObjects): ACShell, CopyAsPathMenu, DeleteFiles, MBAMShlExt, ModernSharing, SendTo, {474C98EE-CF3D-41f5-80E3-4AAB0AB04301}, {596AB062-B4D2-4215-9F74-E9109B0A8153}, {a2a9545d-a0c2-42b4-9708-a0b2badd77c8}
02:18:49.075 19196 explorer.exe  [WH] [local@context-menu-overhaul] [2691:ApplyRegistryIcons]: No registry icon for 'Cu&t' (verb 'cut')
02:18:49.084 19196 explorer.exe  [WH] [local@context-menu-overhaul] [2648:LogHandlerCandidates]: Handler candidates for '&Copy' (*): {C52B9871-E5E9-41FD-B84D-C5ACADBEC7AE}
02:18:49.084 19196 explorer.exe  [WH] [local@context-menu-overhaul] [2648:LogHandlerCandidates]: Handler candidates for '&Copy' (*): 7-Zip, AccExt, Adobe.Acrobat.ContextMenu, ANotepad++64, EPP, IDriveMenu, Open With, Open With EncryptionMenu, Sharing, TortoiseSVN, WinRAR, WinRAR32
02:18:49.085 19196 explorer.exe  [WH] [local@context-menu-overhaul] [2648:LogHandlerCandidates]: Handler candidates for '&Copy' (AllFilesystemObjects): ACShell, CopyAsPathMenu, DeleteFiles, MBAMShlExt, ModernSharing, SendTo, {474C98EE-CF3D-41f5-80E3-4AAB0AB04301}, {596AB062-B4D2-4215-9F74-E9109B0A8153}, {a2a9545d-a0c2-42b4-9708-a0b2badd77c8}
02:18:49.085 19196 explorer.exe  [WH] [local@context-menu-overhaul] [2691:ApplyRegistryIcons]: No registry icon for '&Copy' (verb 'copy')
02:18:49.094 19196 explorer.exe  [WH] [local@context-menu-overhaul] [2648:LogHandlerCandidates]: Handler candidates for 'Create &shortcut' (*): {C52B9871-E5E9-41FD-B84D-C5ACADBEC7AE}
02:18:49.095 19196 explorer.exe  [WH] [local@context-menu-overhaul] [2648:LogHandlerCandidates]: Handler candidates for 'Create &shortcut' (*): 7-Zip, AccExt, Adobe.Acrobat.ContextMenu, ANotepad++64, EPP, IDriveMenu, Open With, Open With EncryptionMenu, Sharing, TortoiseSVN, WinRAR, WinRAR32
02:18:49.095 19196 explorer.exe  [WH] [local@context-menu-overhaul] [2648:LogHandlerCandidates]: Handler candidates for 'Create &shortcut' (AllFilesystemObjects): ACShell, CopyAsPathMenu, DeleteFiles, MBAMShlExt, ModernSharing, SendTo, {474C98EE-CF3D-41f5-80E3-4AAB0AB04301}, {596AB062-B4D2-4215-9F74-E9109B0A8153}, {a2a9545d-a0c2-42b4-9708-a0b2badd77c8}
02:18:49.095 19196 explorer.exe  [WH] [local@context-menu-overhaul] [2691:ApplyRegistryIcons]: No registry icon for 'Create &shortcut' (verb 'link')
02:18:49.096 33728 explorer.exe  [WH] [local@context-menu-overhaul] [2648:LogHandlerCandidates]: Handler candidates for 'Cu&t' (*): {C52B9871-E5E9-41FD-B84D-C5ACADBEC7AE}
02:18:49.096 33728 explorer.exe  [WH] [local@context-menu-overhaul] [2648:LogHandlerCandidates]: Handler candidates for 'Cu&t' (*): 7-Zip, AccExt, Adobe.Acrobat.ContextMenu, ANotepad++64, EPP, IDriveMenu, Open With, Open With EncryptionMenu, Sharing, TortoiseSVN, WinRAR, WinRAR32
02:18:49.096 33728 explorer.exe  [WH] [local@context-menu-overhaul] [2648:LogHandlerCandidates]: Handler candidates for 'Cu&t' (AllFilesystemObjects): ACShell, CopyAsPathMenu, DeleteFiles, MBAMShlExt, ModernSharing, SendTo, {474C98EE-CF3D-41f5-80E3-4AAB0AB04301}, {596AB062-B4D2-4215-9F74-E9109B0A8153}, {a2a9545d-a0c2-42b4-9708-a0b2badd77c8}
02:18:49.096 33728 explorer.exe  [WH] [local@context-menu-overhaul] [2691:ApplyRegistryIcons]: No registry icon for 'Cu&t' (verb 'cut')
02:18:49.104 33728 explorer.exe  [WH] [local@context-menu-overhaul] [2648:LogHandlerCandidates]: Handler candidates for '&Copy' (*): {C52B9871-E5E9-41FD-B84D-C5ACADBEC7AE}
02:18:49.104 33728 explorer.exe  [WH] [local@context-menu-overhaul] [2648:LogHandlerCandidates]: Handler candidates for '&Copy' (*): 7-Zip, AccExt, Adobe.Acrobat.ContextMenu, ANotepad++64, EPP, IDriveMenu, Open With, Open With EncryptionMenu, Sharing, TortoiseSVN, WinRAR, WinRAR32
02:18:49.104 33728 explorer.exe  [WH] [local@context-menu-overhaul] [2648:LogHandlerCandidates]: Handler candidates for '&Copy' (AllFilesystemObjects): ACShell, CopyAsPathMenu, DeleteFiles, MBAMShlExt, ModernSharing, SendTo, {474C98EE-CF3D-41f5-80E3-4AAB0AB04301}, {596AB062-B4D2-4215-9F74-E9109B0A8153}, {a2a9545d-a0c2-42b4-9708-a0b2badd77c8}
02:18:49.104 33728 explorer.exe  [WH] [local@context-menu-overhaul] [2691:ApplyRegistryIcons]: No registry icon for '&Copy' (verb 'copy')
02:18:49.105 19196 explorer.exe  [WH] [local@context-menu-overhaul] [2648:LogHandlerCandidates]: Handler candidates for '&Delete' (*): {C52B9871-E5E9-41FD-B84D-C5ACADBEC7AE}
02:18:49.105 19196 explorer.exe  [WH] [local@context-menu-overhaul] [2648:LogHandlerCandidates]: Handler candidates for '&Delete' (*): 7-Zip, AccExt, Adobe.Acrobat.ContextMenu, ANotepad++64, EPP, IDriveMenu, Open With, Open With EncryptionMenu, Sharing, TortoiseSVN, WinRAR, WinRAR32
02:18:49.106 19196 explorer.exe  [WH] [local@context-menu-overhaul] [2648:LogHandlerCandidates]: Handler candidates for '&Delete' (AllFilesystemObjects): ACShell, CopyAsPathMenu, DeleteFiles, MBAMShlExt, ModernSharing, SendTo, {474C98EE-CF3D-41f5-80E3-4AAB0AB04301}, {596AB062-B4D2-4215-9F74-E9109B0A8153}, {a2a9545d-a0c2-42b4-9708-a0b2badd77c8}
02:18:49.106 19196 explorer.exe  [WH] [local@context-menu-overhaul] [2691:ApplyRegistryIcons]: No registry icon for '&Delete' (verb 'delete')
02:18:49.112 33728 explorer.exe  [WH] [local@context-menu-overhaul] [2648:LogHandlerCandidates]: Handler candidates for 'Create &shortcut' (*): {C52B9871-E5E9-41FD-B84D-C5ACADBEC7AE}
02:18:49.112 33728 explorer.exe  [WH] [local@context-menu-overhaul] [2648:LogHandlerCandidates]: Handler candidates for 'Create &shortcut' (*): 7-Zip, AccExt, Adobe.Acrobat.ContextMenu, ANotepad++64, EPP, IDriveMenu, Open With, Open With EncryptionMenu, Sharing, TortoiseSVN, WinRAR, WinRAR32
02:18:49.112 33728 explorer.exe  [WH] [local@context-menu-overhaul] [2648:LogHandlerCandidates]: Handler candidates for 'Create &shortcut' (AllFilesystemObjects): ACShell, CopyAsPathMenu, DeleteFiles, MBAMShlExt, ModernSharing, SendTo, {474C98EE-CF3D-41f5-80E3-4AAB0AB04301}, {596AB062-B4D2-4215-9F74-E9109B0A8153}, {a2a9545d-a0c2-42b4-9708-a0b2badd77c8}
02:18:49.113 33728 explorer.exe  [WH] [local@context-menu-overhaul] [2691:ApplyRegistryIcons]: No registry icon for 'Create &shortcut' (verb 'link')
02:18:49.116 19196 explorer.exe  [WH] [local@context-menu-overhaul] [2648:LogHandlerCandidates]: Handler candidates for 'P&roperties' (*): {C52B9871-E5E9-41FD-B84D-C5ACADBEC7AE}
02:18:49.116 19196 explorer.exe  [WH] [local@context-menu-overhaul] [2648:LogHandlerCandidates]: Handler candidates for 'P&roperties' (*): 7-Zip, AccExt, Adobe.Acrobat.ContextMenu, ANotepad++64, EPP, IDriveMenu, Open With, Open With EncryptionMenu, Sharing, TortoiseSVN, WinRAR, WinRAR32
02:18:49.117 19196 explorer.exe  [WH] [local@context-menu-overhaul] [2648:LogHandlerCandidates]: Handler candidates for 'P&roperties' (AllFilesystemObjects): ACShell, CopyAsPathMenu, DeleteFiles, MBAMShlExt, ModernSharing, SendTo, {474C98EE-CF3D-41f5-80E3-4AAB0AB04301}, {596AB062-B4D2-4215-9F74-E9109B0A8153}, {a2a9545d-a0c2-42b4-9708-a0b2badd77c8}
02:18:49.117 19196 explorer.exe  [WH] [local@context-menu-overhaul] [2691:ApplyRegistryIcons]: No registry icon for 'P&roperties' (verb 'properties')
02:18:49.120 33728 explorer.exe  [WH] [local@context-menu-overhaul] [2648:LogHandlerCandidates]: Handler candidates for '&Delete' (*): {C52B9871-E5E9-41FD-B84D-C5ACADBEC7AE}
02:18:49.120 33728 explorer.exe  [WH] [local@context-menu-overhaul] [2648:LogHandlerCandidates]: Handler candidates for '&Delete' (*): 7-Zip, AccExt, Adobe.Acrobat.ContextMenu, ANotepad++64, EPP, IDriveMenu, Open With, Open With EncryptionMenu, Sharing, TortoiseSVN, WinRAR, WinRAR32
02:18:49.120 33728 explorer.exe  [WH] [local@context-menu-overhaul] [2648:LogHandlerCandidates]: Handler candidates for '&Delete' (AllFilesystemObjects): ACShell, CopyAsPathMenu, DeleteFiles, MBAMShlExt, ModernSharing, SendTo, {474C98EE-CF3D-41f5-80E3-4AAB0AB04301}, {596AB062-B4D2-4215-9F74-E9109B0A8153}, {a2a9545d-a0c2-42b4-9708-a0b2badd77c8}
02:18:49.121 33728 explorer.exe  [WH] [local@context-menu-overhaul] [2691:ApplyRegistryIcons]: No registry icon for '&Delete' (verb 'delete')
02:18:49.128 33728 explorer.exe  [WH] [local@context-menu-overhaul] [2648:LogHandlerCandidates]: Handler candidates for 'P&roperties' (*): {C52B9871-E5E9-41FD-B84D-C5ACADBEC7AE}
02:18:49.128 33728 explorer.exe  [WH] [local@context-menu-overhaul] [2648:LogHandlerCandidates]: Handler candidates for 'P&roperties' (*): 7-Zip, AccExt, Adobe.Acrobat.ContextMenu, ANotepad++64, EPP, IDriveMenu, Open With, Open With EncryptionMenu, Sharing, TortoiseSVN, WinRAR, WinRAR32
02:18:49.129 33728 explorer.exe  [WH] [local@context-menu-overhaul] [2648:LogHandlerCandidates]: Handler candidates for 'P&roperties' (AllFilesystemObjects): ACShell, CopyAsPathMenu, DeleteFiles, MBAMShlExt, ModernSharing, SendTo, {474C98EE-CF3D-41f5-80E3-4AAB0AB04301}, {596AB062-B4D2-4215-9F74-E9109B0A8153}, {a2a9545d-a0c2-42b4-9708-a0b2badd77c8}
02:18:49.129 33728 explorer.exe  [WH] [local@context-menu-overhaul] [2691:ApplyRegistryIcons]: No registry icon for 'P&roperties' (verb 'properties')
02:18:49.281 19196 explorer.exe  [WH] [local@context-menu-overhaul] [2648:LogHandlerCandidates]: Handler candidates for '&Open' (*): {C52B9871-E5E9-41FD-B84D-C5ACADBEC7AE}
02:18:49.281 19196 explorer.exe  [WH] [local@context-menu-overhaul] [2648:LogHandlerCandidates]: Handler candidates for '&Open' (*): 7-Zip, AccExt, Adobe.Acrobat.ContextMenu, ANotepad++64, EPP, IDriveMenu, Open With, Open With EncryptionMenu, Sharing, TortoiseSVN, WinRAR, WinRAR32
02:18:49.281 19196 explorer.exe  [WH] [local@context-menu-overhaul] [2648:LogHandlerCandidates]: Handler candidates for '&Open' (AllFilesystemObjects): ACShell, CopyAsPathMenu, DeleteFiles, MBAMShlExt, ModernSharing, SendTo, {474C98EE-CF3D-41f5-80E3-4AAB0AB04301}, {596AB062-B4D2-4215-9F74-E9109B0A8153}, {a2a9545d-a0c2-42b4-9708-a0b2badd77c8}
02:18:49.282 19196 explorer.exe  [WH] [local@context-menu-overhaul] [2691:ApplyRegistryIcons]: No registry icon for '&Open' (verb 'open')
02:18:49.284 19196 explorer.exe  [WH] [local@context-menu-overhaul] [2648:LogHandlerCandidates]: Handler candidates for '' (*): {C52B9871-E5E9-41FD-B84D-C5ACADBEC7AE}
02:18:49.284 19196 explorer.exe  [WH] [local@context-menu-overhaul] [2648:LogHandlerCandidates]: Handler candidates for '' (*): 7-Zip, AccExt, Adobe.Acrobat.ContextMenu, ANotepad++64, EPP, IDriveMenu, Open With, Open With EncryptionMenu, Sharing, TortoiseSVN, WinRAR, WinRAR32
02:18:49.285 19196 explorer.exe  [WH] [local@context-menu-overhaul] [2648:LogHandlerCandidates]: Handler candidates for '' (AllFilesystemObjects): ACShell, CopyAsPathMenu, DeleteFiles, MBAMShlExt, ModernSharing, SendTo, {474C98EE-CF3D-41f5-80E3-4AAB0AB04301}, {596AB062-B4D2-4215-9F74-E9109B0A8153}, {a2a9545d-a0c2-42b4-9708-a0b2badd77c8}
02:18:49.286 19196 explorer.exe  [WH] [local@context-menu-overhaul] [2691:ApplyRegistryIcons]: No registry icon for '' (verb '')
02:18:49.305 19196 explorer.exe  [WH] [local@context-menu-overhaul] [2648:LogHandlerCandidates]: Handler candidates for 'Add to &Favorites' (*): {C52B9871-E5E9-41FD-B84D-C5ACADBEC7AE}
02:18:49.305 19196 explorer.exe  [WH] [local@context-menu-overhaul] [2648:LogHandlerCandidates]: Handler candidates for 'Add to &Favorites' (*): 7-Zip, AccExt, Adobe.Acrobat.ContextMenu, ANotepad++64, EPP, IDriveMenu, Open With, Open With EncryptionMenu, Sharing, TortoiseSVN, WinRAR, WinRAR32
02:18:49.306 19196 explorer.exe  [WH] [local@context-menu-overhaul] [2648:LogHandlerCandidates]: Handler candidates for 'Add to &Favorites' (AllFilesystemObjects): ACShell, CopyAsPathMenu, DeleteFiles, MBAMShlExt, ModernSharing, SendTo, {474C98EE-CF3D-41f5-80E3-4AAB0AB04301}, {596AB062-B4D2-4215-9F74-E9109B0A8153}, {a2a9545d-a0c2-42b4-9708-a0b2badd77c8}
02:18:49.306 19196 explorer.exe  [WH] [local@context-menu-overhaul] [2691:ApplyRegistryIcons]: No registry icon for 'Add to &Favorites' (verb 'pintohomefile')
02:18:49.336 19196 explorer.exe  [WH] [local@context-menu-overhaul] [2648:LogHandlerCandidates]: Handler candidates for 'Open wit&h' (*): {C52B9871-E5E9-41FD-B84D-C5ACADBEC7AE}
02:18:49.337 19196 explorer.exe  [WH] [local@context-menu-overhaul] [2648:LogHandlerCandidates]: Handler candidates for 'Open wit&h' (*): 7-Zip, AccExt, Adobe.Acrobat.ContextMenu, ANotepad++64, EPP, IDriveMenu, Open With, Open With EncryptionMenu, Sharing, TortoiseSVN, WinRAR, WinRAR32
02:18:49.337 33728 explorer.exe  [WH] [local@context-menu-overhaul] [2648:LogHandlerCandidates]: Handler candidates for 'Open wit&h' (*): {C52B9871-E5E9-41FD-B84D-C5ACADBEC7AE}
02:18:49.337 19196 explorer.exe  [WH] [local@context-menu-overhaul] [2648:LogHandlerCandidates]: Handler candidates for 'Open wit&h' (AllFilesystemObjects): ACShell, CopyAsPathMenu, DeleteFiles, MBAMShlExt, ModernSharing, SendTo, {474C98EE-CF3D-41f5-80E3-4AAB0AB04301}, {596AB062-B4D2-4215-9F74-E9109B0A8153}, {a2a9545d-a0c2-42b4-9708-a0b2badd77c8}
02:18:49.337 33728 explorer.exe  [WH] [local@context-menu-overhaul] [2648:LogHandlerCandidates]: Handler candidates for 'Open wit&h' (*): 7-Zip, AccExt, Adobe.Acrobat.ContextMenu, ANotepad++64, EPP, IDriveMenu, Open With, Open With EncryptionMenu, Sharing, TortoiseSVN, WinRAR, WinRAR32
02:18:49.338 19196 explorer.exe  [WH] [local@context-menu-overhaul] [2691:ApplyRegistryIcons]: No registry icon for 'Open wit&h' (verb '')
02:18:49.338 33728 explorer.exe  [WH] [local@context-menu-overhaul] [2648:LogHandlerCandidates]: Handler candidates for 'Open wit&h' (AllFilesystemObjects): ACShell, CopyAsPathMenu, DeleteFiles, MBAMShlExt, ModernSharing, SendTo, {474C98EE-CF3D-41f5-80E3-4AAB0AB04301}, {596AB062-B4D2-4215-9F74-E9109B0A8153}, {a2a9545d-a0c2-42b4-9708-a0b2badd77c8}
02:18:49.338 33728 explorer.exe  [WH] [local@context-menu-overhaul] [2691:ApplyRegistryIcons]: No registry icon for 'Open wit&h' (verb 'openas')
02:18:49.340 33728 explorer.exe  [WH] [local@context-menu-overhaul] [2648:LogHandlerCandidates]: Handler candidates for '' (*): {C52B9871-E5E9-41FD-B84D-C5ACADBEC7AE}
02:18:49.340 33728 explorer.exe  [WH] [local@context-menu-overhaul] [2648:LogHandlerCandidates]: Handler candidates for '' (*): 7-Zip, AccExt, Adobe.Acrobat.ContextMenu, ANotepad++64, EPP, IDriveMenu, Open With, Open With EncryptionMenu, Sharing, TortoiseSVN, WinRAR, WinRAR32
02:18:49.340 33728 explorer.exe  [WH] [local@context-menu-overhaul] [2648:LogHandlerCandidates]: Handler candidates for '' (AllFilesystemObjects): ACShell, CopyAsPathMenu, DeleteFiles, MBAMShlExt, ModernSharing, SendTo, {474C98EE-CF3D-41f5-80E3-4AAB0AB04301}, {596AB062-B4D2-4215-9F74-E9109B0A8153}, {a2a9545d-a0c2-42b4-9708-a0b2badd77c8}
02:18:49.341 33728 explorer.exe  [WH] [local@context-menu-overhaul] [2691:ApplyRegistryIcons]: No registry icon for '' (verb '')
02:18:49.352 33728 explorer.exe  [WH] [local@context-menu-overhaul] [2648:LogHandlerCandidates]: Handler candidates for 'Add to &Favorites' (*): {C52B9871-E5E9-41FD-B84D-C5ACADBEC7AE}
02:18:49.352 33728 explorer.exe  [WH] [local@context-menu-overhaul] [2648:LogHandlerCandidates]: Handler candidates for 'Add to &Favorites' (*): 7-Zip, AccExt, Adobe.Acrobat.ContextMenu, ANotepad++64, EPP, IDriveMenu, Open With, Open With EncryptionMenu, Sharing, TortoiseSVN, WinRAR, WinRAR32
02:18:49.353 33728 explorer.exe  [WH] [local@context-menu-overhaul] [2648:LogHandlerCandidates]: Handler candidates for 'Add to &Favorites' (AllFilesystemObjects): ACShell, CopyAsPathMenu, DeleteFiles, MBAMShlExt, ModernSharing, SendTo, {474C98EE-CF3D-41f5-80E3-4AAB0AB04301}, {596AB062-B4D2-4215-9F74-E9109B0A8153}, {a2a9545d-a0c2-42b4-9708-a0b2badd77c8}
02:18:49.353 33728 explorer.exe  [WH] [local@context-menu-overhaul] [2691:ApplyRegistryIcons]: No registry icon for 'Add to &Favorites' (verb 'pintohomefile')
02:18:49.430 19196 explorer.exe  [WH] [local@context-menu-overhaul] [2648:LogHandlerCandidates]: Handler candidates for 'Copy &as path' (*): {C52B9871-E5E9-41FD-B84D-C5ACADBEC7AE}
02:18:49.430 19196 explorer.exe  [WH] [local@context-menu-overhaul] [2648:LogHandlerCandidates]: Handler candidates for 'Copy &as path' (*): 7-Zip, AccExt, Adobe.Acrobat.ContextMenu, ANotepad++64, EPP, IDriveMenu, Open With, Open With EncryptionMenu, Sharing, TortoiseSVN, WinRAR, WinRAR32
02:18:49.430 19196 explorer.exe  [WH] [local@context-menu-overhaul] [2648:LogHandlerCandidates]: Handler candidates for 'Copy &as path' (AllFilesystemObjects): ACShell, CopyAsPathMenu, DeleteFiles, MBAMShlExt, ModernSharing, SendTo, {474C98EE-CF3D-41f5-80E3-4AAB0AB04301}, {596AB062-B4D2-4215-9F74-E9109B0A8153}, {a2a9545d-a0c2-42b4-9708-a0b2badd77c8}
02:18:49.430 19196 explorer.exe  [WH] [local@context-menu-overhaul] [2691:ApplyRegistryIcons]: No registry icon for 'Copy &as path' (verb 'copyaspath')
02:18:49.438 33728 explorer.exe  [WH] [local@context-menu-overhaul] [2648:LogHandlerCandidates]: Handler candidates for 'Copy &as path' (*): {C52B9871-E5E9-41FD-B84D-C5ACADBEC7AE}
02:18:49.439 33728 explorer.exe  [WH] [local@context-menu-overhaul] [2648:LogHandlerCandidates]: Handler candidates for 'Copy &as path' (*): 7-Zip, AccExt, Adobe.Acrobat.ContextMenu, ANotepad++64, EPP, IDriveMenu, Open With, Open With EncryptionMenu, Sharing, TortoiseSVN, WinRAR, WinRAR32
02:18:49.439 33728 explorer.exe  [WH] [local@context-menu-overhaul] [2648:LogHandlerCandidates]: Handler candidates for 'Copy &as path' (AllFilesystemObjects): ACShell, CopyAsPathMenu, DeleteFiles, MBAMShlExt, ModernSharing, SendTo, {474C98EE-CF3D-41f5-80E3-4AAB0AB04301}, {596AB062-B4D2-4215-9F74-E9109B0A8153}, {a2a9545d-a0c2-42b4-9708-a0b2badd77c8}
02:18:49.439 33728 explorer.exe  [WH] [local@context-menu-overhaul] [2691:ApplyRegistryIcons]: No registry icon for 'Copy &as path' (verb 'copyaspath')
02:18:49.453 19196 explorer.exe  [WH] [local@context-menu-overhaul] [2648:LogHandlerCandidates]: Handler candidates for 'Restore previous &versions' (*): {C52B9871-E5E9-41FD-B84D-C5ACADBEC7AE}
02:18:49.453 19196 explorer.exe  [WH] [local@context-menu-overhaul] [2648:LogHandlerCandidates]: Handler candidates for 'Restore previous &versions' (*): 7-Zip, AccExt, Adobe.Acrobat.ContextMenu, ANotepad++64, EPP, IDriveMenu, Open With, Open With EncryptionMenu, Sharing, TortoiseSVN, WinRAR, WinRAR32
02:18:49.453 19196 explorer.exe  [WH] [local@context-menu-overhaul] [2648:LogHandlerCandidates]: Handler candidates for 'Restore previous &versions' (AllFilesystemObjects): ACShell, CopyAsPathMenu, DeleteFiles, MBAMShlExt, ModernSharing, SendTo, {474C98EE-CF3D-41f5-80E3-4AAB0AB04301}, {596AB062-B4D2-4215-9F74-E9109B0A8153}, {a2a9545d-a0c2-42b4-9708-a0b2badd77c8}
02:18:49.454 19196 explorer.exe  [WH] [local@context-menu-overhaul] [2691:ApplyRegistryIcons]: No registry icon for 'Restore previous &versions' (verb 'PreviousVersions')
02:18:49.457 33728 explorer.exe  [WH] [local@context-menu-overhaul] [2648:LogHandlerCandidates]: Handler candidates for 'Restore previous &versions' (*): {C52B9871-E5E9-41FD-B84D-C5ACADBEC7AE}
02:18:49.457 33728 explorer.exe  [WH] [local@context-menu-overhaul] [2648:LogHandlerCandidates]: Handler candidates for 'Restore previous &versions' (*): 7-Zip, AccExt, Adobe.Acrobat.ContextMenu, ANotepad++64, EPP, IDriveMenu, Open With, Open With EncryptionMenu, Sharing, TortoiseSVN, WinRAR, WinRAR32
02:18:49.458 33728 explorer.exe  [WH] [local@context-menu-overhaul] [2648:LogHandlerCandidates]: Handler candidates for 'Restore previous &versions' (AllFilesystemObjects): ACShell, CopyAsPathMenu, DeleteFiles, MBAMShlExt, ModernSharing, SendTo, {474C98EE-CF3D-41f5-80E3-4AAB0AB04301}, {596AB062-B4D2-4215-9F74-E9109B0A8153}, {a2a9545d-a0c2-42b4-9708-a0b2badd77c8}
02:18:49.458 33728 explorer.exe  [WH] [local@context-menu-overhaul] [2691:ApplyRegistryIcons]: No registry icon for 'Restore previous &versions' (verb 'PreviousVersions')
02:18:49.502 33728 explorer.exe  [WH] [local@context-menu-overhaul] [2648:LogHandlerCandidates]: Handler candidates for 'Cu&t' (*): {C52B9871-E5E9-41FD-B84D-C5ACADBEC7AE}
02:18:49.502 33728 explorer.exe  [WH] [local@context-menu-overhaul] [2648:LogHandlerCandidates]: Handler candidates for 'Cu&t' (*): 7-Zip, AccExt, Adobe.Acrobat.ContextMenu, ANotepad++64, EPP, IDriveMenu, Open With, Open With EncryptionMenu, Sharing, TortoiseSVN, WinRAR, WinRAR32
02:18:49.503 33728 explorer.exe  [WH] [local@context-menu-overhaul] [2648:LogHandlerCandidates]: Handler candidates for 'Cu&t' (AllFilesystemObjects): ACShell, CopyAsPathMenu, DeleteFiles, MBAMShlExt, ModernSharing, SendTo, {474C98EE-CF3D-41f5-80E3-4AAB0AB04301}, {596AB062-B4D2-4215-9F74-E9109B0A8153}, {a2a9545d-a0c2-42b4-9708-a0b2badd77c8}
02:18:49.503 33728 explorer.exe  [WH] [local@context-menu-overhaul] [2691:ApplyRegistryIcons]: No registry icon for 'Cu&t' (verb 'cut')
02:18:49.514 19196 explorer.exe  [WH] [local@context-menu-overhaul] [2648:LogHandlerCandidates]: Handler candidates for 'Cu&t' (*): {C52B9871-E5E9-41FD-B84D-C5ACADBEC7AE}
02:18:49.518 19196 explorer.exe  [WH] [local@context-menu-overhaul] [2648:LogHandlerCandidates]: Handler candidates for 'Cu&t' (*): 7-Zip, AccExt, Adobe.Acrobat.ContextMenu, ANotepad++64, EPP, IDriveMenu, Open With, Open With EncryptionMenu, Sharing, TortoiseSVN, WinRAR, WinRAR32
02:18:49.519 19196 explorer.exe  [WH] [local@context-menu-overhaul] [2648:LogHandlerCandidates]: Handler candidates for 'Cu&t' (AllFilesystemObjects): ACShell, CopyAsPathMenu, DeleteFiles, MBAMShlExt, ModernSharing, SendTo, {474C98EE-CF3D-41f5-80E3-4AAB0AB04301}, {596AB062-B4D2-4215-9F74-E9109B0A8153}, {a2a9545d-a0c2-42b4-9708-a0b2badd77c8}
02:18:49.521 19196 explorer.exe  [WH] [local@context-menu-overhaul] [2691:ApplyRegistryIcons]: No registry icon for 'Cu&t' (verb 'cut')
02:18:49.526 33728 explorer.exe  [WH] [local@context-menu-overhaul] [2648:LogHandlerCandidates]: Handler candidates for '&Copy' (*): {C52B9871-E5E9-41FD-B84D-C5ACADBEC7AE}
02:18:49.526 33728 explorer.exe  [WH] [local@context-menu-overhaul] [2648:LogHandlerCandidates]: Handler candidates for '&Copy' (*): 7-Zip, AccExt, Adobe.Acrobat.ContextMenu, ANotepad++64, EPP, IDriveMenu, Open With, Open With EncryptionMenu, Sharing, TortoiseSVN, WinRAR, WinRAR32
02:18:49.527 33728 explorer.exe  [WH] [local@context-menu-overhaul] [2648:LogHandlerCandidates]: Handler candidates for '&Copy' (AllFilesystemObjects): ACShell, CopyAsPathMenu, DeleteFiles, MBAMShlExt, ModernSharing, SendTo, {474C98EE-CF3D-41f5-80E3-4AAB0AB04301}, {596AB062-B4D2-4215-9F74-E9109B0A8153}, {a2a9545d-a0c2-42b4-9708-a0b2badd77c8}
02:18:49.527 33728 explorer.exe  [WH] [local@context-menu-overhaul] [2691:ApplyRegistryIcons]: No registry icon for '&Copy' (verb 'copy')
02:18:49.537 33728 explorer.exe  [WH] [local@context-menu-overhaul] [2648:LogHandlerCandidates]: Handler candidates for 'Create &shortcut' (*): {C52B9871-E5E9-41FD-B84D-C5ACADBEC7AE}
02:18:49.537 33728 explorer.exe  [WH] [local@context-menu-overhaul] [2648:LogHandlerCandidates]: Handler candidates for 'Create &shortcut' (*): 7-Zip, AccExt, Adobe.Acrobat.ContextMenu, ANotepad++64, EPP, IDriveMenu, Open With, Open With EncryptionMenu, Sharing, TortoiseSVN, WinRAR, WinRAR32
02:18:49.538 19196 explorer.exe  [WH] [local@context-menu-overhaul] [2648:LogHandlerCandidates]: Handler candidates for '&Copy' (*): {C52B9871-E5E9-41FD-B84D-C5ACADBEC7AE}
02:18:49.538 33728 explorer.exe  [WH] [local@context-menu-overhaul] [2648:LogHandlerCandidates]: Handler candidates for 'Create &shortcut' (AllFilesystemObjects): ACShell, CopyAsPathMenu, DeleteFiles, MBAMShlExt, ModernSharing, SendTo, {474C98EE-CF3D-41f5-80E3-4AAB0AB04301}, {596AB062-B4D2-4215-9F74-E9109B0A8153}, {a2a9545d-a0c2-42b4-9708-a0b2badd77c8}
02:18:49.538 19196 explorer.exe  [WH] [local@context-menu-overhaul] [2648:LogHandlerCandidates]: Handler candidates for '&Copy' (*): 7-Zip, AccExt, Adobe.Acrobat.ContextMenu, ANotepad++64, EPP, IDriveMenu, Open With, Open With EncryptionMenu, Sharing, TortoiseSVN, WinRAR, WinRAR32
02:18:49.539 33728 explorer.exe  [WH] [local@context-menu-overhaul] [2691:ApplyRegistryIcons]: No registry icon for 'Create &shortcut' (verb 'link')
02:18:49.539 19196 explorer.exe  [WH] [local@context-menu-overhaul] [2648:LogHandlerCandidates]: Handler candidates for '&Copy' (AllFilesystemObjects): ACShell, CopyAsPathMenu, DeleteFiles, MBAMShlExt, ModernSharing, SendTo, {474C98EE-CF3D-41f5-80E3-4AAB0AB04301}, {596AB062-B4D2-4215-9F74-E9109B0A8153}, {a2a9545d-a0c2-42b4-9708-a0b2badd77c8}
02:18:49.539 19196 explorer.exe  [WH] [local@context-menu-overhaul] [2691:ApplyRegistryIcons]: No registry icon for '&Copy' (verb 'copy')
02:18:49.548 33728 explorer.exe  [WH] [local@context-menu-overhaul] [2648:LogHandlerCandidates]: Handler candidates for '&Delete' (*): {C52B9871-E5E9-41FD-B84D-C5ACADBEC7AE}
02:18:49.549 33728 explorer.exe  [WH] [local@context-menu-overhaul] [2648:LogHandlerCandidates]: Handler candidates for '&Delete' (*): 7-Zip, AccExt, Adobe.Acrobat.ContextMenu, ANotepad++64, EPP, IDriveMenu, Open With, Open With EncryptionMenu, Sharing, TortoiseSVN, WinRAR, WinRAR32
02:18:49.549 33728 explorer.exe  [WH] [local@context-menu-overhaul] [2648:LogHandlerCandidates]: Handler candidates for '&Delete' (AllFilesystemObjects): ACShell, CopyAsPathMenu, DeleteFiles, MBAMShlExt, ModernSharing, SendTo, {474C98EE-CF3D-41f5-80E3-4AAB0AB04301}, {596AB062-B4D2-4215-9F74-E9109B0A8153}, {a2a9545d-a0c2-42b4-9708-a0b2badd77c8}
02:18:49.549 33728 explorer.exe  [WH] [local@context-menu-overhaul] [2691:ApplyRegistryIcons]: No registry icon for '&Delete' (verb 'delete')
02:18:49.550 19196 explorer.exe  [WH] [local@context-menu-overhaul] [2648:LogHandlerCandidates]: Handler candidates for 'Create &shortcut' (*): {C52B9871-E5E9-41FD-B84D-C5ACADBEC7AE}
02:18:49.551 19196 explorer.exe  [WH] [local@context-menu-overhaul] [2648:LogHandlerCandidates]: Handler candidates for 'Create &shortcut' (*): 7-Zip, AccExt, Adobe.Acrobat.ContextMenu, ANotepad++64, EPP, IDriveMenu, Open With, Open With EncryptionMenu, Sharing, TortoiseSVN, WinRAR, WinRAR32
02:18:49.551 19196 explorer.exe  [WH] [local@context-menu-overhaul] [2648:LogHandlerCandidates]: Handler candidates for 'Create &shortcut' (AllFilesystemObjects): ACShell, CopyAsPathMenu, DeleteFiles, MBAMShlExt, ModernSharing, SendTo, {474C98EE-CF3D-41f5-80E3-4AAB0AB04301}, {596AB062-B4D2-4215-9F74-E9109B0A8153}, {a2a9545d-a0c2-42b4-9708-a0b2badd77c8}
02:18:49.551 19196 explorer.exe  [WH] [local@context-menu-overhaul] [2691:ApplyRegistryIcons]: No registry icon for 'Create &shortcut' (verb 'link')
02:18:49.556 33728 explorer.exe  [WH] [local@context-menu-overhaul] [2648:LogHandlerCandidates]: Handler candidates for 'P&roperties' (*): {C52B9871-E5E9-41FD-B84D-C5ACADBEC7AE}
02:18:49.557 33728 explorer.exe  [WH] [local@context-menu-overhaul] [2648:LogHandlerCandidates]: Handler candidates for 'P&roperties' (*): 7-Zip, AccExt, Adobe.Acrobat.ContextMenu, ANotepad++64, EPP, IDriveMenu, Open With, Open With EncryptionMenu, Sharing, TortoiseSVN, WinRAR, WinRAR32
02:18:49.557 33728 explorer.exe  [WH] [local@context-menu-overhaul] [2648:LogHandlerCandidates]: Handler candidates for 'P&roperties' (AllFilesystemObjects): ACShell, CopyAsPathMenu, DeleteFiles, MBAMShlExt, ModernSharing, SendTo, {474C98EE-CF3D-41f5-80E3-4AAB0AB04301}, {596AB062-B4D2-4215-9F74-E9109B0A8153}, {a2a9545d-a0c2-42b4-9708-a0b2badd77c8}
02:18:49.557 33728 explorer.exe  [WH] [local@context-menu-overhaul] [2691:ApplyRegistryIcons]: No registry icon for 'P&roperties' (verb 'properties')
02:18:49.560 19196 explorer.exe  [WH] [local@context-menu-overhaul] [2648:LogHandlerCandidates]: Handler candidates for '&Delete' (*): {C52B9871-E5E9-41FD-B84D-C5ACADBEC7AE}
02:18:49.561 19196 explorer.exe  [WH] [local@context-menu-overhaul] [2648:LogHandlerCandidates]: Handler candidates for '&Delete' (*): 7-Zip, AccExt, Adobe.Acrobat.ContextMenu, ANotepad++64, EPP, IDriveMenu, Open With, Open With EncryptionMenu, Sharing, TortoiseSVN, WinRAR, WinRAR32
02:18:49.561 19196 explorer.exe  [WH] [local@context-menu-overhaul] [2648:LogHandlerCandidates]: Handler candidates for '&Delete' (AllFilesystemObjects): ACShell, CopyAsPathMenu, DeleteFiles, MBAMShlExt, ModernSharing, SendTo, {474C98EE-CF3D-41f5-80E3-4AAB0AB04301}, {596AB062-B4D2-4215-9F74-E9109B0A8153}, {a2a9545d-a0c2-42b4-9708-a0b2badd77c8}
02:18:49.561 19196 explorer.exe  [WH] [local@context-menu-overhaul] [2691:ApplyRegistryIcons]: No registry icon for '&Delete' (verb 'delete')
02:18:49.569 19196 explorer.exe  [WH] [local@context-menu-overhaul] [2648:LogHandlerCandidates]: Handler candidates for 'P&roperties' (*): {C52B9871-E5E9-41FD-B84D-C5ACADBEC7AE}
02:18:49.569 19196 explorer.exe  [WH] [local@context-menu-overhaul] [2648:LogHandlerCandidates]: Handler candidates for 'P&roperties' (*): 7-Zip, AccExt, Adobe.Acrobat.ContextMenu, ANotepad++64, EPP, IDriveMenu, Open With, Open With EncryptionMenu, Sharing, TortoiseSVN, WinRAR, WinRAR32
02:18:49.569 19196 explorer.exe  [WH] [local@context-menu-overhaul] [2648:LogHandlerCandidates]: Handler candidates for 'P&roperties' (AllFilesystemObjects): ACShell, CopyAsPathMenu, DeleteFiles, MBAMShlExt, ModernSharing, SendTo, {474C98EE-CF3D-41f5-80E3-4AAB0AB04301}, {596AB062-B4D2-4215-9F74-E9109B0A8153}, {a2a9545d-a0c2-42b4-9708-a0b2badd77c8}
02:18:49.571 19196 explorer.exe  [WH] [local@context-menu-overhaul] [2691:ApplyRegistryIcons]: No registry icon for 'P&roperties' (verb 'properties')
02:18:49.758 33728 explorer.exe  [WH] [local@context-menu-overhaul] [2648:LogHandlerCandidates]: Handler candidates for '&Open' (exefile): Compatibility, NvAppShExt, OpenGLShExt, PintoStartScreen, RUShellExt, StartMenuExt
02:18:49.758 33728 explorer.exe  [WH] [local@context-menu-overhaul] [2648:LogHandlerCandidates]: Handler candidates for '&Open' (*): {C52B9871-E5E9-41FD-B84D-C5ACADBEC7AE}
02:18:49.758 33728 explorer.exe  [WH] [local@context-menu-overhaul] [2648:LogHandlerCandidates]: Handler candidates for '&Open' (*): 7-Zip, AccExt, Adobe.Acrobat.ContextMenu, ANotepad++64, EPP, IDriveMenu, Open With, Open With EncryptionMenu, Sharing, TortoiseSVN, WinRAR, WinRAR32
02:18:49.758 33728 explorer.exe  [WH] [local@context-menu-overhaul] [2648:LogHandlerCandidates]: Handler candidates for '&Open' (AllFilesystemObjects): ACShell, CopyAsPathMenu, DeleteFiles, MBAMShlExt, ModernSharing, SendTo, {474C98EE-CF3D-41f5-80E3-4AAB0AB04301}, {596AB062-B4D2-4215-9F74-E9109B0A8153}, {a2a9545d-a0c2-42b4-9708-a0b2badd77c8}
02:18:49.759 33728 explorer.exe  [WH] [local@context-menu-overhaul] [2691:ApplyRegistryIcons]: No registry icon for '&Open' (verb 'open')
02:18:49.769 33728 explorer.exe  [WH] [local@context-menu-overhaul] [2648:LogHandlerCandidates]: Handler candidates for '&Browse with .NET Reflector' (exefile): Compatibility, NvAppShExt, OpenGLShExt, PintoStartScreen, RUShellExt, StartMenuExt
02:18:49.769 33728 explorer.exe  [WH] [local@context-menu-overhaul] [2648:LogHandlerCandidates]: Handler candidates for '&Browse with .NET Reflector' (*): {C52B9871-E5E9-41FD-B84D-C5ACADBEC7AE}
02:18:49.769 33728 explorer.exe  [WH] [local@context-menu-overhaul] [2648:LogHandlerCandidates]: Handler candidates for '&Browse with .NET Reflector' (*): 7-Zip, AccExt, Adobe.Acrobat.ContextMenu, ANotepad++64, EPP, IDriveMenu, Open With, Open With EncryptionMenu, Sharing, TortoiseSVN, WinRAR, WinRAR32
02:18:49.770 33728 explorer.exe  [WH] [local@context-menu-overhaul] [2648:LogHandlerCandidates]: Handler candidates for '&Browse with .NET Reflector' (AllFilesystemObjects): ACShell, CopyAsPathMenu, DeleteFiles, MBAMShlExt, ModernSharing, SendTo, {474C98EE-CF3D-41f5-80E3-4AAB0AB04301}, {596AB062-B4D2-4215-9F74-E9109B0A8153}, {a2a9545d-a0c2-42b4-9708-a0b2badd77c8}
02:18:49.770 33728 explorer.exe  [WH] [local@context-menu-overhaul] [2691:ApplyRegistryIcons]: No registry icon for '&Browse with .NET Reflector' (verb 'Browse with .NET Reflector')
02:18:49.790 19196 explorer.exe  [WH] [local@context-menu-overhaul] [2648:LogHandlerCandidates]: Handler candidates for 'Open wit&h' (*): {C52B9871-E5E9-41FD-B84D-C5ACADBEC7AE}
02:18:49.790 19196 explorer.exe  [WH] [local@context-menu-overhaul] [2648:LogHandlerCandidates]: Handler candidates for 'Open wit&h' (*): 7-Zip, AccExt, Adobe.Acrobat.ContextMenu, ANotepad++64, EPP, IDriveMenu, Open With, Open With EncryptionMenu, Sharing, TortoiseSVN, WinRAR, WinRAR32
02:18:49.790 19196 explorer.exe  [WH] [local@context-menu-overhaul] [2648:LogHandlerCandidates]: Handler candidates for 'Open wit&h' (AllFilesystemObjects): ACShell, CopyAsPathMenu, DeleteFiles, MBAMShlExt, ModernSharing, SendTo, {474C98EE-CF3D-41f5-80E3-4AAB0AB04301}, {596AB062-B4D2-4215-9F74-E9109B0A8153}, {a2a9545d-a0c2-42b4-9708-a0b2badd77c8}
02:18:49.790 19196 explorer.exe  [WH] [local@context-menu-overhaul] [2691:ApplyRegistryIcons]: No registry icon for 'Open wit&h' (verb 'openas')
02:18:49.793 19196 explorer.exe  [WH] [local@context-menu-overhaul] [2648:LogHandlerCandidates]: Handler candidates for '' (*): {C52B9871-E5E9-41FD-B84D-C5ACADBEC7AE}
02:18:49.793 19196 explorer.exe  [WH] [local@context-menu-overhaul] [2648:LogHandlerCandidates]: Handler candidates for '' (*): 7-Zip, AccExt, Adobe.Acrobat.ContextMenu, ANotepad++64, EPP, IDriveMenu, Open With, Open With EncryptionMenu, Sharing, TortoiseSVN, WinRAR, WinRAR32
02:18:49.793 19196 explorer.exe  [WH] [local@context-menu-overhaul] [2648:LogHandlerCandidates]: Handler candidates for '' (AllFilesystemObjects): ACShell, CopyAsPathMenu, DeleteFiles, MBAMShlExt, ModernSharing, SendTo, {474C98EE-CF3D-41f5-80E3-4AAB0AB04301}, {596AB062-B4D2-4215-9F74-E9109B0A8153}, {a2a9545d-a0c2-42b4-9708-a0b2badd77c8}
02:18:49.793 19196 explorer.exe  [WH] [local@context-menu-overhaul] [2691:ApplyRegistryIcons]: No registry icon for '' (verb '')
02:18:49.799 33728 explorer.exe  [WH] [local@context-menu-overhaul] [2648:LogHandlerCandidates]: Handler candidates for '' (exefile): Compatibility, NvAppShExt, OpenGLShExt, PintoStartScreen, RUShellExt, StartMenuExt
02:18:49.799 33728 explorer.exe  [WH] [local@context-menu-overhaul] [2648:LogHandlerCandidates]: Handler candidates for '' (*): {C52B9871-E5E9-41FD-B84D-C5ACADBEC7AE}
02:18:49.799 33728 explorer.exe  [WH] [local@context-menu-overhaul] [2648:LogHandlerCandidates]: Handler candidates for '' (*): 7-Zip, AccExt, Adobe.Acrobat.ContextMenu, ANotepad++64, EPP, IDriveMenu, Open With, Open With EncryptionMenu, Sharing, TortoiseSVN, WinRAR, WinRAR32
02:18:49.799 33728 explorer.exe  [WH] [local@context-menu-overhaul] [2648:LogHandlerCandidates]: Handler candidates for '' (AllFilesystemObjects): ACShell, CopyAsPathMenu, DeleteFiles, MBAMShlExt, ModernSharing, SendTo, {474C98EE-CF3D-41f5-80E3-4AAB0AB04301}, {596AB062-B4D2-4215-9F74-E9109B0A8153}, {a2a9545d-a0c2-42b4-9708-a0b2badd77c8}
02:18:49.800 33728 explorer.exe  [WH] [local@context-menu-overhaul] [2691:ApplyRegistryIcons]: No registry icon for '' (verb '')
02:18:49.808 19196 explorer.exe  [WH] [local@context-menu-overhaul] [2648:LogHandlerCandidates]: Handler candidates for 'Add to &Favorites' (*): {C52B9871-E5E9-41FD-B84D-C5ACADBEC7AE}
02:18:49.808 19196 explorer.exe  [WH] [local@context-menu-overhaul] [2648:LogHandlerCandidates]: Handler candidates for 'Add to &Favorites' (*): 7-Zip, AccExt, Adobe.Acrobat.ContextMenu, ANotepad++64, EPP, IDriveMenu, Open With, Open With EncryptionMenu, Sharing, TortoiseSVN, WinRAR, WinRAR32
02:18:49.808 19196 explorer.exe  [WH] [local@context-menu-overhaul] [2648:LogHandlerCandidates]: Handler candidates for 'Add to &Favorites' (AllFilesystemObjects): ACShell, CopyAsPathMenu, DeleteFiles, MBAMShlExt, ModernSharing, SendTo, {474C98EE-CF3D-41f5-80E3-4AAB0AB04301}, {596AB062-B4D2-4215-9F74-E9109B0A8153}, {a2a9545d-a0c2-42b4-9708-a0b2badd77c8}
02:18:49.809 19196 explorer.exe  [WH] [local@context-menu-overhaul] [2691:ApplyRegistryIcons]: No registry icon for 'Add to &Favorites' (verb 'pintohomefile')
02:18:49.815 33728 explorer.exe  [WH] [local@context-menu-overhaul] [2648:LogHandlerCandidates]: Handler candidates for 'Add to &Favorites' (exefile): Compatibility, NvAppShExt, OpenGLShExt, PintoStartScreen, RUShellExt, StartMenuExt
02:18:49.815 33728 explorer.exe  [WH] [local@context-menu-overhaul] [2648:LogHandlerCandidates]: Handler candidates for 'Add to &Favorites' (*): {C52B9871-E5E9-41FD-B84D-C5ACADBEC7AE}
02:18:49.815 33728 explorer.exe  [WH] [local@context-menu-overhaul] [2648:LogHandlerCandidates]: Handler candidates for 'Add to &Favorites' (*): 7-Zip, AccExt, Adobe.Acrobat.ContextMenu, ANotepad++64, EPP, IDriveMenu, Open With, Open With EncryptionMenu, Sharing, TortoiseSVN, WinRAR, WinRAR32
02:18:49.815 33728 explorer.exe  [WH] [local@context-menu-overhaul] [2648:LogHandlerCandidates]: Handler candidates for 'Add to &Favorites' (AllFilesystemObjects): ACShell, CopyAsPathMenu, DeleteFiles, MBAMShlExt, ModernSharing, SendTo, {474C98EE-CF3D-41f5-80E3-4AAB0AB04301}, {596AB062-B4D2-4215-9F74-E9109B0A8153}, {a2a9545d-a0c2-42b4-9708-a0b2badd77c8}
02:18:49.816 33728 explorer.exe  [WH] [local@context-menu-overhaul] [2691:ApplyRegistryIcons]: No registry icon for 'Add to &Favorites' (verb 'pintohomefile')
02:18:49.845 33728 explorer.exe  [WH] [local@context-menu-overhaul] [2648:LogHandlerCandidates]: Handler candidates for 'Troubleshoot compatibilit&y' (exefile): Compatibility, NvAppShExt, OpenGLShExt, PintoStartScreen, RUShellExt, StartMenuExt
02:18:49.845 33728 explorer.exe  [WH] [local@context-menu-overhaul] [2648:LogHandlerCandidates]: Handler candidates for 'Troubleshoot compatibilit&y' (*): {C52B9871-E5E9-41FD-B84D-C5ACADBEC7AE}
02:18:49.845 33728 explorer.exe  [WH] [local@context-menu-overhaul] [2648:LogHandlerCandidates]: Handler candidates for 'Troubleshoot compatibilit&y' (*): 7-Zip, AccExt, Adobe.Acrobat.ContextMenu, ANotepad++64, EPP, IDriveMenu, Open With, Open With EncryptionMenu, Sharing, TortoiseSVN, WinRAR, WinRAR32
02:18:49.846 33728 explorer.exe  [WH] [local@context-menu-overhaul] [2648:LogHandlerCandidates]: Handler candidates for 'Troubleshoot compatibilit&y' (AllFilesystemObjects): ACShell, CopyAsPathMenu, DeleteFiles, MBAMShlExt, ModernSharing, SendTo, {474C98EE-CF3D-41f5-80E3-4AAB0AB04301}, {596AB062-B4D2-4215-9F74-E9109B0A8153}, {a2a9545d-a0c2-42b4-9708-a0b2badd77c8}
02:18:49.846 33728 explorer.exe  [WH] [local@context-menu-overhaul] [2691:ApplyRegistryIcons]: No registry icon for 'Troubleshoot compatibilit&y' (verb 'Troubleshoot')
02:18:49.936 19196 explorer.exe  [WH] [local@context-menu-overhaul] [2648:LogHandlerCandidates]: Handler candidates for 'Copy &as path' (*): {C52B9871-E5E9-41FD-B84D-C5ACADBEC7AE}
02:18:49.936 19196 explorer.exe  [WH] [local@context-menu-overhaul] [2648:LogHandlerCandidates]: Handler candidates for 'Copy &as path' (*): 7-Zip, AccExt, Adobe.Acrobat.ContextMenu, ANotepad++64, EPP, IDriveMenu, Open With, Open With EncryptionMenu, Sharing, TortoiseSVN, WinRAR, WinRAR32
02:18:49.936 19196 explorer.exe  [WH] [local@context-menu-overhaul] [2648:LogHandlerCandidates]: Handler candidates for 'Copy &as path' (AllFilesystemObjects): ACShell, CopyAsPathMenu, DeleteFiles, MBAMShlExt, ModernSharing, SendTo, {474C98EE-CF3D-41f5-80E3-4AAB0AB04301}, {596AB062-B4D2-4215-9F74-E9109B0A8153}, {a2a9545d-a0c2-42b4-9708-a0b2badd77c8}
02:18:49.937 19196 explorer.exe  [WH] [local@context-menu-overhaul] [2691:ApplyRegistryIcons]: No registry icon for 'Copy &as path' (verb 'copyaspath')
02:18:49.943 33728 explorer.exe  [WH] [local@context-menu-overhaul] [2648:LogHandlerCandidates]: Handler candidates for 'Pin to tas&kbar' (exefile): Compatibility, NvAppShExt, OpenGLShExt, PintoStartScreen, RUShellExt, StartMenuExt
02:18:49.943 33728 explorer.exe  [WH] [local@context-menu-overhaul] [2648:LogHandlerCandidates]: Handler candidates for 'Pin to tas&kbar' (*): {C52B9871-E5E9-41FD-B84D-C5ACADBEC7AE}
02:18:49.944 33728 explorer.exe  [WH] [local@context-menu-overhaul] [2648:LogHandlerCandidates]: Handler candidates for 'Pin to tas&kbar' (*): 7-Zip, AccExt, Adobe.Acrobat.ContextMenu, ANotepad++64, EPP, IDriveMenu, Open With, Open With EncryptionMenu, Sharing, TortoiseSVN, WinRAR, WinRAR32
02:18:49.944 33728 explorer.exe  [WH] [local@context-menu-overhaul] [2648:LogHandlerCandidates]: Handler candidates for 'Pin to tas&kbar' (AllFilesystemObjects): ACShell, CopyAsPathMenu, DeleteFiles, MBAMShlExt, ModernSharing, SendTo, {474C98EE-CF3D-41f5-80E3-4AAB0AB04301}, {596AB062-B4D2-4215-9F74-E9109B0A8153}, {a2a9545d-a0c2-42b4-9708-a0b2badd77c8}
02:18:49.944 33728 explorer.exe  [WH] [local@context-menu-overhaul] [2691:ApplyRegistryIcons]: No registry icon for 'Pin to tas&kbar' (verb 'taskbarpin')
02:18:49.956 33728 explorer.exe  [WH] [local@context-menu-overhaul] [2648:LogHandlerCandidates]: Handler candidates for 'Copy &as path' (exefile): Compatibility, NvAppShExt, OpenGLShExt, PintoStartScreen, RUShellExt, StartMenuExt
02:18:49.956 33728 explorer.exe  [WH] [local@context-menu-overhaul] [2648:LogHandlerCandidates]: Handler candidates for 'Copy &as path' (*): {C52B9871-E5E9-41FD-B84D-C5ACADBEC7AE}
02:18:49.956 33728 explorer.exe  [WH] [local@context-menu-overhaul] [2648:LogHandlerCandidates]: Handler candidates for 'Copy &as path' (*): 7-Zip, AccExt, Adobe.Acrobat.ContextMenu, ANotepad++64, EPP, IDriveMenu, Open With, Open With EncryptionMenu, Sharing, TortoiseSVN, WinRAR, WinRAR32
02:18:49.956 33728 explorer.exe  [WH] [local@context-menu-overhaul] [2648:LogHandlerCandidates]: Handler candidates for 'Copy &as path' (AllFilesystemObjects): ACShell, CopyAsPathMenu, DeleteFiles, MBAMShlExt, ModernSharing, SendTo, {474C98EE-CF3D-41f5-80E3-4AAB0AB04301}, {596AB062-B4D2-4215-9F74-E9109B0A8153}, {a2a9545d-a0c2-42b4-9708-a0b2badd77c8}
02:18:49.957 33728 explorer.exe  [WH] [local@context-menu-overhaul] [2691:ApplyRegistryIcons]: No registry icon for 'Copy &as path' (verb 'copyaspath')
02:18:49.967 19196 explorer.exe  [WH] [local@context-menu-overhaul] [2648:LogHandlerCandidates]: Handler candidates for 'Restore previous &versions' (*): {C52B9871-E5E9-41FD-B84D-C5ACADBEC7AE}
02:18:49.967 19196 explorer.exe  [WH] [local@context-menu-overhaul] [2648:LogHandlerCandidates]: Handler candidates for 'Restore previous &versions' (*): 7-Zip, AccExt, Adobe.Acrobat.ContextMenu, ANotepad++64, EPP, IDriveMenu, Open With, Open With EncryptionMenu, Sharing, TortoiseSVN, WinRAR, WinRAR32
02:18:49.968 19196 explorer.exe  [WH] [local@context-menu-overhaul] [2648:LogHandlerCandidates]: Handler candidates for 'Restore previous &versions' (AllFilesystemObjects): ACShell, CopyAsPathMenu, DeleteFiles, MBAMShlExt, ModernSharing, SendTo, {474C98EE-CF3D-41f5-80E3-4AAB0AB04301}, {596AB062-B4D2-4215-9F74-E9109B0A8153}, {a2a9545d-a0c2-42b4-9708-a0b2badd77c8}
02:18:49.968 19196 explorer.exe  [WH] [local@context-menu-overhaul] [2691:ApplyRegistryIcons]: No registry icon for 'Restore previous &versions' (verb 'PreviousVersions')
02:18:49.984 33728 explorer.exe  [WH] [local@context-menu-overhaul] [2648:LogHandlerCandidates]: Handler candidates for 'Restore previous &versions' (exefile): Compatibility, NvAppShExt, OpenGLShExt, PintoStartScreen, RUShellExt, StartMenuExt
02:18:49.985 33728 explorer.exe  [WH] [local@context-menu-overhaul] [2648:LogHandlerCandidates]: Handler candidates for 'Restore previous &versions' (*): {C52B9871-E5E9-41FD-B84D-C5ACADBEC7AE}
02:18:49.985 33728 explorer.exe  [WH] [local@context-menu-overhaul] [2648:LogHandlerCandidates]: Handler candidates for 'Restore previous &versions' (*): 7-Zip, AccExt, Adobe.Acrobat.ContextMenu, ANotepad++64, EPP, IDriveMenu, Open With, Open With EncryptionMenu, Sharing, TortoiseSVN, WinRAR, WinRAR32
02:18:49.985 33728 explorer.exe  [WH] [local@context-menu-overhaul] [2648:LogHandlerCandidates]: Handler candidates for 'Restore previous &versions' (AllFilesystemObjects): ACShell, CopyAsPathMenu, DeleteFiles, MBAMShlExt, ModernSharing, SendTo, {474C98EE-CF3D-41f5-80E3-4AAB0AB04301}, {596AB062-B4D2-4215-9F74-E9109B0A8153}, {a2a9545d-a0c2-42b4-9708-a0b2badd77c8}
02:18:49.986 33728 explorer.exe  [WH] [local@context-menu-overhaul] [2691:ApplyRegistryIcons]: No registry icon for 'Restore previous &versions' (verb 'PreviousVersions')
02:18:50.039 19196 explorer.exe  [WH] [local@context-menu-overhaul] [2648:LogHandlerCandidates]: Handler candidates for 'Cu&t' (*): {C52B9871-E5E9-41FD-B84D-C5ACADBEC7AE}
02:18:50.040 19196 explorer.exe  [WH] [local@context-menu-overhaul] [2648:LogHandlerCandidates]: Handler candidates for 'Cu&t' (*): 7-Zip, AccExt, Adobe.Acrobat.ContextMenu, ANotepad++64, EPP, IDriveMenu, Open With, Open With EncryptionMenu, Sharing, TortoiseSVN, WinRAR, WinRAR32
02:18:50.040 19196 explorer.exe  [WH] [local@context-menu-overhaul] [2648:LogHandlerCandidates]: Handler candidates for 'Cu&t' (AllFilesystemObjects): ACShell, CopyAsPathMenu, DeleteFiles, MBAMShlExt, ModernSharing, SendTo, {474C98EE-CF3D-41f5-80E3-4AAB0AB04301}, {596AB062-B4D2-4215-9F74-E9109B0A8153}, {a2a9545d-a0c2-42b4-9708-a0b2badd77c8}
02:18:50.041 19196 explorer.exe  [WH] [local@context-menu-overhaul] [2691:ApplyRegistryIcons]: No registry icon for 'Cu&t' (verb 'cut')
02:18:50.052 19196 explorer.exe  [WH] [local@context-menu-overhaul] [2648:LogHandlerCandidates]: Handler candidates for '&Copy' (*): {C52B9871-E5E9-41FD-B84D-C5ACADBEC7AE}
02:18:50.052 19196 explorer.exe  [WH] [local@context-menu-overhaul] [2648:LogHandlerCandidates]: Handler candidates for '&Copy' (*): 7-Zip, AccExt, Adobe.Acrobat.ContextMenu, ANotepad++64, EPP, IDriveMenu, Open With, Open With EncryptionMenu, Sharing, TortoiseSVN, WinRAR, WinRAR32
02:18:50.053 19196 explorer.exe  [WH] [local@context-menu-overhaul] [2648:LogHandlerCandidates]: Handler candidates for '&Copy' (AllFilesystemObjects): ACShell, CopyAsPathMenu, DeleteFiles, MBAMShlExt, ModernSharing, SendTo, {474C98EE-CF3D-41f5-80E3-4AAB0AB04301}, {596AB062-B4D2-4215-9F74-E9109B0A8153}, {a2a9545d-a0c2-42b4-9708-a0b2badd77c8}
02:18:50.053 19196 explorer.exe  [WH] [local@context-menu-overhaul] [2691:ApplyRegistryIcons]: No registry icon for '&Copy' (verb 'copy')
02:18:50.065 19196 explorer.exe  [WH] [local@context-menu-overhaul] [2648:LogHandlerCandidates]: Handler candidates for 'Create &shortcut' (*): {C52B9871-E5E9-41FD-B84D-C5ACADBEC7AE}
02:18:50.065 19196 explorer.exe  [WH] [local@context-menu-overhaul] [2648:LogHandlerCandidates]: Handler candidates for 'Create &shortcut' (*): 7-Zip, AccExt, Adobe.Acrobat.ContextMenu, ANotepad++64, EPP, IDriveMenu, Open With, Open With EncryptionMenu, Sharing, TortoiseSVN, WinRAR, WinRAR32
02:18:50.065 19196 explorer.exe  [WH] [local@context-menu-overhaul] [2648:LogHandlerCandidates]: Handler candidates for 'Create &shortcut' (AllFilesystemObjects): ACShell, CopyAsPathMenu, DeleteFiles, MBAMShlExt, ModernSharing, SendTo, {474C98EE-CF3D-41f5-80E3-4AAB0AB04301}, {596AB062-B4D2-4215-9F74-E9109B0A8153}, {a2a9545d-a0c2-42b4-9708-a0b2badd77c8}
02:18:50.065 19196 explorer.exe  [WH] [local@context-menu-overhaul] [2691:ApplyRegistryIcons]: No registry icon for 'Create &shortcut' (verb 'link')
02:18:50.069 33728 explorer.exe  [WH] [local@context-menu-overhaul] [2648:LogHandlerCandidates]: Handler candidates for 'Cu&t' (exefile): Compatibility, NvAppShExt, OpenGLShExt, PintoStartScreen, RUShellExt, StartMenuExt
02:18:50.070 33728 explorer.exe  [WH] [local@context-menu-overhaul] [2648:LogHandlerCandidates]: Handler candidates for 'Cu&t' (*): {C52B9871-E5E9-41FD-B84D-C5ACADBEC7AE}
02:18:50.070 33728 explorer.exe  [WH] [local@context-menu-overhaul] [2648:LogHandlerCandidates]: Handler candidates for 'Cu&t' (*): 7-Zip, AccExt, Adobe.Acrobat.ContextMenu, ANotepad++64, EPP, IDriveMenu, Open With, Open With EncryptionMenu, Sharing, TortoiseSVN, WinRAR, WinRAR32
02:18:50.070 33728 explorer.exe  [WH] [local@context-menu-overhaul] [2648:LogHandlerCandidates]: Handler candidates for 'Cu&t' (AllFilesystemObjects): ACShell, CopyAsPathMenu, DeleteFiles, MBAMShlExt, ModernSharing, SendTo, {474C98EE-CF3D-41f5-80E3-4AAB0AB04301}, {596AB062-B4D2-4215-9F74-E9109B0A8153}, {a2a9545d-a0c2-42b4-9708-a0b2badd77c8}
02:18:50.070 33728 explorer.exe  [WH] [local@context-menu-overhaul] [2691:ApplyRegistryIcons]: No registry icon for 'Cu&t' (verb 'cut')
02:18:50.074 19196 explorer.exe  [WH] [local@context-menu-overhaul] [2648:LogHandlerCandidates]: Handler candidates for '&Delete' (*): {C52B9871-E5E9-41FD-B84D-C5ACADBEC7AE}
02:18:50.074 19196 explorer.exe  [WH] [local@context-menu-overhaul] [2648:LogHandlerCandidates]: Handler candidates for '&Delete' (*): 7-Zip, AccExt, Adobe.Acrobat.ContextMenu, ANotepad++64, EPP, IDriveMenu, Open With, Open With EncryptionMenu, Sharing, TortoiseSVN, WinRAR, WinRAR32
02:18:50.074 19196 explorer.exe  [WH] [local@context-menu-overhaul] [2648:LogHandlerCandidates]: Handler candidates for '&Delete' (AllFilesystemObjects): ACShell, CopyAsPathMenu, DeleteFiles, MBAMShlExt, ModernSharing, SendTo, {474C98EE-CF3D-41f5-80E3-4AAB0AB04301}, {596AB062-B4D2-4215-9F74-E9109B0A8153}, {a2a9545d-a0c2-42b4-9708-a0b2badd77c8}
02:18:50.074 19196 explorer.exe  [WH] [local@context-menu-overhaul] [2691:ApplyRegistryIcons]: No registry icon for '&Delete' (verb 'delete')
02:18:50.078 33728 explorer.exe  [WH] [local@context-menu-overhaul] [2648:LogHandlerCandidates]: Handler candidates for '&Copy' (exefile): Compatibility, NvAppShExt, OpenGLShExt, PintoStartScreen, RUShellExt, StartMenuExt
02:18:50.079 33728 explorer.exe  [WH] [local@context-menu-overhaul] [2648:LogHandlerCandidates]: Handler candidates for '&Copy' (*): {C52B9871-E5E9-41FD-B84D-C5ACADBEC7AE}
02:18:50.079 33728 explorer.exe  [WH] [local@context-menu-overhaul] [2648:LogHandlerCandidates]: Handler candidates for '&Copy' (*): 7-Zip, AccExt, Adobe.Acrobat.ContextMenu, ANotepad++64, EPP, IDriveMenu, Open With, Open With EncryptionMenu, Sharing, TortoiseSVN, WinRAR, WinRAR32
02:18:50.079 33728 explorer.exe  [WH] [local@context-menu-overhaul] [2648:LogHandlerCandidates]: Handler candidates for '&Copy' (AllFilesystemObjects): ACShell, CopyAsPathMenu, DeleteFiles, MBAMShlExt, ModernSharing, SendTo, {474C98EE-CF3D-41f5-80E3-4AAB0AB04301}, {596AB062-B4D2-4215-9F74-E9109B0A8153}, {a2a9545d-a0c2-42b4-9708-a0b2badd77c8}
02:18:50.079 33728 explorer.exe  [WH] [local@context-menu-overhaul] [2691:ApplyRegistryIcons]: No registry icon for '&Copy' (verb 'copy')
02:18:50.083 19196 explorer.exe  [WH] [local@context-menu-overhaul] [2648:LogHandlerCandidates]: Handler candidates for 'P&roperties' (*): {C52B9871-E5E9-41FD-B84D-C5ACADBEC7AE}
02:18:50.084 19196 explorer.exe  [WH] [local@context-menu-overhaul] [2648:LogHandlerCandidates]: Handler candidates for 'P&roperties' (*): 7-Zip, AccExt, Adobe.Acrobat.ContextMenu, ANotepad++64, EPP, IDriveMenu, Open With, Open With EncryptionMenu, Sharing, TortoiseSVN, WinRAR, WinRAR32
02:18:50.084 19196 explorer.exe  [WH] [local@context-menu-overhaul] [2648:LogHandlerCandidates]: Handler candidates for 'P&roperties' (AllFilesystemObjects): ACShell, CopyAsPathMenu, DeleteFiles, MBAMShlExt, ModernSharing, SendTo, {474C98EE-CF3D-41f5-80E3-4AAB0AB04301}, {596AB062-B4D2-4215-9F74-E9109B0A8153}, {a2a9545d-a0c2-42b4-9708-a0b2badd77c8}
02:18:50.084 19196 explorer.exe  [WH] [local@context-menu-overhaul] [2691:ApplyRegistryIcons]: No registry icon for 'P&roperties' (verb 'properties')
02:18:50.107 33728 explorer.exe  [WH] [local@context-menu-overhaul] [2648:LogHandlerCandidates]: Handler candidates for 'Create &shortcut' (exefile): Compatibility, NvAppShExt, OpenGLShExt, PintoStartScreen, RUShellExt, StartMenuExt
02:18:50.108 33728 explorer.exe  [WH] [local@context-menu-overhaul] [2648:LogHandlerCandidates]: Handler candidates for 'Create &shortcut' (*): {C52B9871-E5E9-41FD-B84D-C5ACADBEC7AE}
02:18:50.108 33728 explorer.exe  [WH] [local@context-menu-overhaul] [2648:LogHandlerCandidates]: Handler candidates for 'Create &shortcut' (*): 7-Zip, AccExt, Adobe.Acrobat.ContextMenu, ANotepad++64, EPP, IDriveMenu, Open With, Open With EncryptionMenu, Sharing, TortoiseSVN, WinRAR, WinRAR32
02:18:50.108 33728 explorer.exe  [WH] [local@context-menu-overhaul] [2648:LogHandlerCandidates]: Handler candidates for 'Create &shortcut' (AllFilesystemObjects): ACShell, CopyAsPathMenu, DeleteFiles, MBAMShlExt, ModernSharing, SendTo, {474C98EE-CF3D-41f5-80E3-4AAB0AB04301}, {596AB062-B4D2-4215-9F74-E9109B0A8153}, {a2a9545d-a0c2-42b4-9708-a0b2badd77c8}
02:18:50.109 33728 explorer.exe  [WH] [local@context-menu-overhaul] [2691:ApplyRegistryIcons]: No registry icon for 'Create &shortcut' (verb 'link')
02:18:50.120 33728 explorer.exe  [WH] [local@context-menu-overhaul] [2648:LogHandlerCandidates]: Handler candidates for '&Delete' (exefile): Compatibility, NvAppShExt, OpenGLShExt, PintoStartScreen, RUShellExt, StartMenuExt
02:18:50.120 33728 explorer.exe  [WH] [local@context-menu-overhaul] [2648:LogHandlerCandidates]: Handler candidates for '&Delete' (*): {C52B9871-E5E9-41FD-B84D-C5ACADBEC7AE}
02:18:50.120 33728 explorer.exe  [WH] [local@context-menu-overhaul] [2648:LogHandlerCandidates]: Handler candidates for '&Delete' (*): 7-Zip, AccExt, Adobe.Acrobat.ContextMenu, ANotepad++64, EPP, IDriveMenu, Open With, Open With EncryptionMenu, Sharing, TortoiseSVN, WinRAR, WinRAR32
02:18:50.121 33728 explorer.exe  [WH] [local@context-menu-overhaul] [2648:LogHandlerCandidates]: Handler candidates for '&Delete' (AllFilesystemObjects): ACShell, CopyAsPathMenu, DeleteFiles, MBAMShlExt, ModernSharing, SendTo, {474C98EE-CF3D-41f5-80E3-4AAB0AB04301}, {596AB062-B4D2-4215-9F74-E9109B0A8153}, {a2a9545d-a0c2-42b4-9708-a0b2badd77c8}
02:18:50.121 33728 explorer.exe  [WH] [local@context-menu-overhaul] [2691:ApplyRegistryIcons]: No registry icon for '&Delete' (verb 'delete')
02:18:50.129 33728 explorer.exe  [WH] [local@context-menu-overhaul] [2648:LogHandlerCandidates]: Handler candidates for 'P&roperties' (exefile): Compatibility, NvAppShExt, OpenGLShExt, PintoStartScreen, RUShellExt, StartMenuExt
02:18:50.130 33728 explorer.exe  [WH] [local@context-menu-overhaul] [2648:LogHandlerCandidates]: Handler candidates for 'P&roperties' (*): {C52B9871-E5E9-41FD-B84D-C5ACADBEC7AE}
02:18:50.130 33728 explorer.exe  [WH] [local@context-menu-overhaul] [2648:LogHandlerCandidates]: Handler candidates for 'P&roperties' (*): 7-Zip, AccExt, Adobe.Acrobat.ContextMenu, ANotepad++64, EPP, IDriveMenu, Open With, Open With EncryptionMenu, Sharing, TortoiseSVN, WinRAR, WinRAR32
02:18:50.130 33728 explorer.exe  [WH] [local@context-menu-overhaul] [2648:LogHandlerCandidates]: Handler candidates for 'P&roperties' (AllFilesystemObjects): ACShell, CopyAsPathMenu, DeleteFiles, MBAMShlExt, ModernSharing, SendTo, {474C98EE-CF3D-41f5-80E3-4AAB0AB04301}, {596AB062-B4D2-4215-9F74-E9109B0A8153}, {a2a9545d-a0c2-42b4-9708-a0b2badd77c8}
02:18:50.130 33728 explorer.exe  [WH] [local@context-menu-overhaul] [2691:ApplyRegistryIcons]: No registry icon for 'P&roperties' (verb 'properties')
02:18:50.245 33728 explorer.exe  [WH] [local@context-menu-overhaul] [2648:LogHandlerCandidates]: Handler candidates for 'Open file locat&ion' (lnkfile): NvAppShExt, OpenContainingFolderMenu, OpenGLShExt, StartMenuExt, TortoiseSVN, WinRAR, WinRAR32, {00021401-0000-0000-C000-000000000046}
02:18:50.245 33728 explorer.exe  [WH] [local@context-menu-overhaul] [2648:LogHandlerCandidates]: Handler candidates for 'Open file locat&ion' (*): {C52B9871-E5E9-41FD-B84D-C5ACADBEC7AE}
02:18:50.245 33728 explorer.exe  [WH] [local@context-menu-overhaul] [2648:LogHandlerCandidates]: Handler candidates for 'Open file locat&ion' (*): 7-Zip, AccExt, Adobe.Acrobat.ContextMenu, ANotepad++64, EPP, IDriveMenu, Open With, Open With EncryptionMenu, Sharing, TortoiseSVN, WinRAR, WinRAR32
02:18:50.246 33728 explorer.exe  [WH] [local@context-menu-overhaul] [2648:LogHandlerCandidates]: Handler candidates for 'Open file locat&ion' (AllFilesystemObjects): ACShell, CopyAsPathMenu, DeleteFiles, MBAMShlExt, ModernSharing, SendTo, {474C98EE-CF3D-41f5-80E3-4AAB0AB04301}, {596AB062-B4D2-4215-9F74-E9109B0A8153}, {a2a9545d-a0c2-42b4-9708-a0b2badd77c8}
02:18:50.246 33728 explorer.exe  [WH] [local@context-menu-overhaul] [2691:ApplyRegistryIcons]: No registry icon for 'Open file locat&ion' (verb 'opencontaining')
02:18:50.285 19196 explorer.exe  [WH] [local@context-menu-overhaul] [2648:LogHandlerCandidates]: Handler candidates for '&Open' (exefile): Compatibility, NvAppShExt, OpenGLShExt, PintoStartScreen, RUShellExt, StartMenuExt
02:18:50.285 19196 explorer.exe  [WH] [local@context-menu-overhaul] [2648:LogHandlerCandidates]: Handler candidates for '&Open' (*): {C52B9871-E5E9-41FD-B84D-C5ACADBEC7AE}
02:18:50.286 19196 explorer.exe  [WH] [local@context-menu-overhaul] [2648:LogHandlerCandidates]: Handler candidates for '&Open' (*): 7-Zip, AccExt, Adobe.Acrobat.ContextMenu, ANotepad++64, EPP, IDriveMenu, Open With, Open With EncryptionMenu, Sharing, TortoiseSVN, WinRAR, WinRAR32
02:18:50.286 19196 explorer.exe  [WH] [local@context-menu-overhaul] [2648:LogHandlerCandidates]: Handler candidates for '&Open' (AllFilesystemObjects): ACShell, CopyAsPathMenu, DeleteFiles, MBAMShlExt, ModernSharing, SendTo, {474C98EE-CF3D-41f5-80E3-4AAB0AB04301}, {596AB062-B4D2-4215-9F74-E9109B0A8153}, {a2a9545d-a0c2-42b4-9708-a0b2badd77c8}
02:18:50.286 19196 explorer.exe  [WH] [local@context-menu-overhaul] [2691:ApplyRegistryIcons]: No registry icon for '&Open' (verb 'open')
02:18:50.296 19196 explorer.exe  [WH] [local@context-menu-overhaul] [2648:LogHandlerCandidates]: Handler candidates for '&Browse with .NET Reflector' (exefile): Compatibility, NvAppShExt, OpenGLShExt, PintoStartScreen, RUShellExt, StartMenuExt
02:18:50.296 19196 explorer.exe  [WH] [local@context-menu-overhaul] [2648:LogHandlerCandidates]: Handler candidates for '&Browse with .NET Reflector' (*): {C52B9871-E5E9-41FD-B84D-C5ACADBEC7AE}
02:18:50.296 19196 explorer.exe  [WH] [local@context-menu-overhaul] [2648:LogHandlerCandidates]: Handler candidates for '&Browse with .NET Reflector' (*): 7-Zip, AccExt, Adobe.Acrobat.ContextMenu, ANotepad++64, EPP, IDriveMenu, Open With, Open With EncryptionMenu, Sharing, TortoiseSVN, WinRAR, WinRAR32
02:18:50.296 19196 explorer.exe  [WH] [local@context-menu-overhaul] [2648:LogHandlerCandidates]: Handler candidates for '&Browse with .NET Reflector' (AllFilesystemObjects): ACShell, CopyAsPathMenu, DeleteFiles, MBAMShlExt, ModernSharing, SendTo, {474C98EE-CF3D-41f5-80E3-4AAB0AB04301}, {596AB062-B4D2-4215-9F74-E9109B0A8153}, {a2a9545d-a0c2-42b4-9708-a0b2badd77c8}
02:18:50.297 19196 explorer.exe  [WH] [local@context-menu-overhaul] [2691:ApplyRegistryIcons]: No registry icon for '&Browse with .NET Reflector' (verb 'Browse with .NET Reflector')
02:18:50.329 33728 explorer.exe  [WH] [local@context-menu-overhaul] [2648:LogHandlerCandidates]: Handler candidates for 'Copy &as path' (lnkfile): NvAppShExt, OpenContainingFolderMenu, OpenGLShExt, StartMenuExt, TortoiseSVN, WinRAR, WinRAR32, {00021401-0000-0000-C000-000000000046}
02:18:50.329 33728 explorer.exe  [WH] [local@context-menu-overhaul] [2648:LogHandlerCandidates]: Handler candidates for 'Copy &as path' (*): {C52B9871-E5E9-41FD-B84D-C5ACADBEC7AE}
02:18:50.329 33728 explorer.exe  [WH] [local@context-menu-overhaul] [2648:LogHandlerCandidates]: Handler candidates for 'Copy &as path' (*): 7-Zip, AccExt, Adobe.Acrobat.ContextMenu, ANotepad++64, EPP, IDriveMenu, Open With, Open With EncryptionMenu, Sharing, TortoiseSVN, WinRAR, WinRAR32
02:18:50.330 33728 explorer.exe  [WH] [local@context-menu-overhaul] [2648:LogHandlerCandidates]: Handler candidates for 'Copy &as path' (AllFilesystemObjects): ACShell, CopyAsPathMenu, DeleteFiles, MBAMShlExt, ModernSharing, SendTo, {474C98EE-CF3D-41f5-80E3-4AAB0AB04301}, {596AB062-B4D2-4215-9F74-E9109B0A8153}, {a2a9545d-a0c2-42b4-9708-a0b2badd77c8}
02:18:50.330 33728 explorer.exe  [WH] [local@context-menu-overhaul] [2691:ApplyRegistryIcons]: No registry icon for 'Copy &as path' (verb 'copyaspath')
02:18:50.343 19196 explorer.exe  [WH] [local@context-menu-overhaul] [2648:LogHandlerCandidates]: Handler candidates for '' (exefile): Compatibility, NvAppShExt, OpenGLShExt, PintoStartScreen, RUShellExt, StartMenuExt
02:18:50.343 19196 explorer.exe  [WH] [local@context-menu-overhaul] [2648:LogHandlerCandidates]: Handler candidates for '' (*): {C52B9871-E5E9-41FD-B84D-C5ACADBEC7AE}
02:18:50.344 19196 explorer.exe  [WH] [local@context-menu-overhaul] [2648:LogHandlerCandidates]: Handler candidates for '' (*): 7-Zip, AccExt, Adobe.Acrobat.ContextMenu, ANotepad++64, EPP, IDriveMenu, Open With, Open With EncryptionMenu, Sharing, TortoiseSVN, WinRAR, WinRAR32
02:18:50.344 19196 explorer.exe  [WH] [local@context-menu-overhaul] [2648:LogHandlerCandidates]: Handler candidates for '' (AllFilesystemObjects): ACShell, CopyAsPathMenu, DeleteFiles, MBAMShlExt, ModernSharing, SendTo, {474C98EE-CF3D-41f5-80E3-4AAB0AB04301}, {596AB062-B4D2-4215-9F74-E9109B0A8153}, {a2a9545d-a0c2-42b4-9708-a0b2badd77c8}
02:18:50.344 19196 explorer.exe  [WH] [local@context-menu-overhaul] [2691:ApplyRegistryIcons]: No registry icon for '' (verb '')
02:18:50.357 33728 explorer.exe  [WH] [local@context-menu-overhaul] [2648:LogHandlerCandidates]: Handler candidates for 'Restore previous &versions' (lnkfile): NvAppShExt, OpenContainingFolderMenu, OpenGLShExt, StartMenuExt, TortoiseSVN, WinRAR, WinRAR32, {00021401-0000-0000-C000-000000000046}
02:18:50.357 33728 explorer.exe  [WH] [local@context-menu-overhaul] [2648:LogHandlerCandidates]: Handler candidates for 'Restore previous &versions' (*): {C52B9871-E5E9-41FD-B84D-C5ACADBEC7AE}
02:18:50.357 33728 explorer.exe  [WH] [local@context-menu-overhaul] [2648:LogHandlerCandidates]: Handler candidates for 'Restore previous &versions' (*): 7-Zip, AccExt, Adobe.Acrobat.ContextMenu, ANotepad++64, EPP, IDriveMenu, Open With, Open With EncryptionMenu, Sharing, TortoiseSVN, WinRAR, WinRAR32
02:18:50.358 33728 explorer.exe  [WH] [local@context-menu-overhaul] [2648:LogHandlerCandidates]: Handler candidates for 'Restore previous &versions' (AllFilesystemObjects): ACShell, CopyAsPathMenu, DeleteFiles, MBAMShlExt, ModernSharing, SendTo, {474C98EE-CF3D-41f5-80E3-4AAB0AB04301}, {596AB062-B4D2-4215-9F74-E9109B0A8153}, {a2a9545d-a0c2-42b4-9708-a0b2badd77c8}
02:18:50.358 33728 explorer.exe  [WH] [local@context-menu-overhaul] [2691:ApplyRegistryIcons]: No registry icon for 'Restore previous &versions' (verb 'PreviousVersions')
02:18:50.358 33728 explorer.exe  [WH] [local@context-menu-overhaul] [2648:LogHandlerCandidates]: Handler candidates for '' (lnkfile): NvAppShExt, OpenContainingFolderMenu, OpenGLShExt, StartMenuExt, TortoiseSVN, WinRAR, WinRAR32, {00021401-0000-0000-C000-000000000046}
02:18:50.358 33728 explorer.exe  [WH] [local@context-menu-overhaul] [2648:LogHandlerCandidates]: Handler candidates for '' (*): {C52B9871-E5E9-41FD-B84D-C5ACADBEC7AE}
02:18:50.359 33728 explorer.exe  [WH] [local@context-menu-overhaul] [2648:LogHandlerCandidates]: Handler candidates for '' (*): 7-Zip, AccExt, Adobe.Acrobat.ContextMenu, ANotepad++64, EPP, IDriveMenu, Open With, Open With EncryptionMenu, Sharing, TortoiseSVN, WinRAR, WinRAR32
02:18:50.359 33728 explorer.exe  [WH] [local@context-menu-overhaul] [2648:LogHandlerCandidates]: Handler candidates for '' (AllFilesystemObjects): ACShell, CopyAsPathMenu, DeleteFiles, MBAMShlExt, ModernSharing, SendTo, {474C98EE-CF3D-41f5-80E3-4AAB0AB04301}, {596AB062-B4D2-4215-9F74-E9109B0A8153}, {a2a9545d-a0c2-42b4-9708-a0b2badd77c8}
02:18:50.359 33728 explorer.exe  [WH] [local@context-menu-overhaul] [2691:ApplyRegistryIcons]: No registry icon for '' (verb '')
02:18:50.360 19196 explorer.exe  [WH] [local@context-menu-overhaul] [2648:LogHandlerCandidates]: Handler candidates for 'Add to &Favorites' (exefile): Compatibility, NvAppShExt, OpenGLShExt, PintoStartScreen, RUShellExt, StartMenuExt
02:18:50.360 19196 explorer.exe  [WH] [local@context-menu-overhaul] [2648:LogHandlerCandidates]: Handler candidates for 'Add to &Favorites' (*): {C52B9871-E5E9-41FD-B84D-C5ACADBEC7AE}
02:18:50.361 19196 explorer.exe  [WH] [local@context-menu-overhaul] [2648:LogHandlerCandidates]: Handler candidates for 'Add to &Favorites' (*): 7-Zip, AccExt, Adobe.Acrobat.ContextMenu, ANotepad++64, EPP, IDriveMenu, Open With, Open With EncryptionMenu, Sharing, TortoiseSVN, WinRAR, WinRAR32
02:18:50.361 19196 explorer.exe  [WH] [local@context-menu-overhaul] [2648:LogHandlerCandidates]: Handler candidates for 'Add to &Favorites' (AllFilesystemObjects): ACShell, CopyAsPathMenu, DeleteFiles, MBAMShlExt, ModernSharing, SendTo, {474C98EE-CF3D-41f5-80E3-4AAB0AB04301}, {596AB062-B4D2-4215-9F74-E9109B0A8153}, {a2a9545d-a0c2-42b4-9708-a0b2badd77c8}
02:18:50.362 19196 explorer.exe  [WH] [local@context-menu-overhaul] [2691:ApplyRegistryIcons]: No registry icon for 'Add to &Favorites' (verb 'pintohomefile')
02:18:50.383 33728 explorer.exe  [WH] [local@context-menu-overhaul] [2648:LogHandlerCandidates]: Handler candidates for 'Cu&t' (lnkfile): NvAppShExt, OpenContainingFolderMenu, OpenGLShExt, StartMenuExt, TortoiseSVN, WinRAR, WinRAR32, {00021401-0000-0000-C000-000000000046}
02:18:50.384 33728 explorer.exe  [WH] [local@context-menu-overhaul] [2648:LogHandlerCandidates]: Handler candidates for 'Cu&t' (*): {C52B9871-E5E9-41FD-B84D-C5ACADBEC7AE}
02:18:50.384 33728 explorer.exe  [WH] [local@context-menu-overhaul] [2648:LogHandlerCandidates]: Handler candidates for 'Cu&t' (*): 7-Zip, AccExt, Adobe.Acrobat.ContextMenu, ANotepad++64, EPP, IDriveMenu, Open With, Open With EncryptionMenu, Sharing, TortoiseSVN, WinRAR, WinRAR32
02:18:50.385 33728 explorer.exe  [WH] [local@context-menu-overhaul] [2648:LogHandlerCandidates]: Handler candidates for 'Cu&t' (AllFilesystemObjects): ACShell, CopyAsPathMenu, DeleteFiles, MBAMShlExt, ModernSharing, SendTo, {474C98EE-CF3D-41f5-80E3-4AAB0AB04301}, {596AB062-B4D2-4215-9F74-E9109B0A8153}, {a2a9545d-a0c2-42b4-9708-a0b2badd77c8}
02:18:50.385 33728 explorer.exe  [WH] [local@context-menu-overhaul] [2691:ApplyRegistryIcons]: No registry icon for 'Cu&t' (verb 'cut')
02:18:50.393 19196 explorer.exe  [WH] [local@context-menu-overhaul] [2648:LogHandlerCandidates]: Handler candidates for 'Troubleshoot compatibilit&y' (exefile): Compatibility, NvAppShExt, OpenGLShExt, PintoStartScreen, RUShellExt, StartMenuExt
02:18:50.393 19196 explorer.exe  [WH] [local@context-menu-overhaul] [2648:LogHandlerCandidates]: Handler candidates for 'Troubleshoot compatibilit&y' (*): {C52B9871-E5E9-41FD-B84D-C5ACADBEC7AE}
02:18:50.393 19196 explorer.exe  [WH] [local@context-menu-overhaul] [2648:LogHandlerCandidates]: Handler candidates for 'Troubleshoot compatibilit&y' (*): 7-Zip, AccExt, Adobe.Acrobat.ContextMenu, ANotepad++64, EPP, IDriveMenu, Open With, Open With EncryptionMenu, Sharing, TortoiseSVN, WinRAR, WinRAR32
02:18:50.394 19196 explorer.exe  [WH] [local@context-menu-overhaul] [2648:LogHandlerCandidates]: Handler candidates for 'Troubleshoot compatibilit&y' (AllFilesystemObjects): ACShell, CopyAsPathMenu, DeleteFiles, MBAMShlExt, ModernSharing, SendTo, {474C98EE-CF3D-41f5-80E3-4AAB0AB04301}, {596AB062-B4D2-4215-9F74-E9109B0A8153}, {a2a9545d-a0c2-42b4-9708-a0b2badd77c8}
02:18:50.394 19196 explorer.exe  [WH] [local@context-menu-overhaul] [2691:ApplyRegistryIcons]: No registry icon for 'Troubleshoot compatibilit&y' (verb 'Troubleshoot')
02:18:50.400 33728 explorer.exe  [WH] [local@context-menu-overhaul] [2648:LogHandlerCandidates]: Handler candidates for '&Copy' (lnkfile): NvAppShExt, OpenContainingFolderMenu, OpenGLShExt, StartMenuExt, TortoiseSVN, WinRAR, WinRAR32, {00021401-0000-0000-C000-000000000046}
02:18:50.400 33728 explorer.exe  [WH] [local@context-menu-overhaul] [2648:LogHandlerCandidates]: Handler candidates for '&Copy' (*): {C52B9871-E5E9-41FD-B84D-C5ACADBEC7AE}
02:18:50.400 33728 explorer.exe  [WH] [local@context-menu-overhaul] [2648:LogHandlerCandidates]: Handler candidates for '&Copy' (*): 7-Zip, AccExt, Adobe.Acrobat.ContextMenu, ANotepad++64, EPP, IDriveMenu, Open With, Open With EncryptionMenu, Sharing, TortoiseSVN, WinRAR, WinRAR32
02:18:50.401 33728 explorer.exe  [WH] [local@context-menu-overhaul] [2648:LogHandlerCandidates]: Handler candidates for '&Copy' (AllFilesystemObjects): ACShell, CopyAsPathMenu, DeleteFiles, MBAMShlExt, ModernSharing, SendTo, {474C98EE-CF3D-41f5-80E3-4AAB0AB04301}, {596AB062-B4D2-4215-9F74-E9109B0A8153}, {a2a9545d-a0c2-42b4-9708-a0b2badd77c8}
02:18:50.401 33728 explorer.exe  [WH] [local@context-menu-overhaul] [2691:ApplyRegistryIcons]: No registry icon for '&Copy' (verb 'copy')
02:18:50.413 33728 explorer.exe  [WH] [local@context-menu-overhaul] [2648:LogHandlerCandidates]: Handler candidates for 'Create &shortcut' (lnkfile): NvAppShExt, OpenContainingFolderMenu, OpenGLShExt, StartMenuExt, TortoiseSVN, WinRAR, WinRAR32, {00021401-0000-0000-C000-000000000046}
02:18:50.413 33728 explorer.exe  [WH] [local@context-menu-overhaul] [2648:LogHandlerCandidates]: Handler candidates for 'Create &shortcut' (*): {C52B9871-E5E9-41FD-B84D-C5ACADBEC7AE}
02:18:50.413 33728 explorer.exe  [WH] [local@context-menu-overhaul] [2648:LogHandlerCandidates]: Handler candidates for 'Create &shortcut' (*): 7-Zip, AccExt, Adobe.Acrobat.ContextMenu, ANotepad++64, EPP, IDriveMenu, Open With, Open With EncryptionMenu, Sharing, TortoiseSVN, WinRAR, WinRAR32
02:18:50.414 33728 explorer.exe  [WH] [local@context-menu-overhaul] [2648:LogHandlerCandidates]: Handler candidates for 'Create &shortcut' (AllFilesystemObjects): ACShell, CopyAsPathMenu, DeleteFiles, MBAMShlExt, ModernSharing, SendTo, {474C98EE-CF3D-41f5-80E3-4AAB0AB04301}, {596AB062-B4D2-4215-9F74-E9109B0A8153}, {a2a9545d-a0c2-42b4-9708-a0b2badd77c8}
02:18:50.414 33728 explorer.exe  [WH] [local@context-menu-overhaul] [2691:ApplyRegistryIcons]: No registry icon for 'Create &shortcut' (verb 'link')
02:18:50.424 33728 explorer.exe  [WH] [local@context-menu-overhaul] [2648:LogHandlerCandidates]: Handler candidates for '&Delete' (lnkfile): NvAppShExt, OpenContainingFolderMenu, OpenGLShExt, StartMenuExt, TortoiseSVN, WinRAR, WinRAR32, {00021401-0000-0000-C000-000000000046}
02:18:50.424 33728 explorer.exe  [WH] [local@context-menu-overhaul] [2648:LogHandlerCandidates]: Handler candidates for '&Delete' (*): {C52B9871-E5E9-41FD-B84D-C5ACADBEC7AE}
02:18:50.424 33728 explorer.exe  [WH] [local@context-menu-overhaul] [2648:LogHandlerCandidates]: Handler candidates for '&Delete' (*): 7-Zip, AccExt, Adobe.Acrobat.ContextMenu, ANotepad++64, EPP, IDriveMenu, Open With, Open With EncryptionMenu, Sharing, TortoiseSVN, WinRAR, WinRAR32
02:18:50.425 33728 explorer.exe  [WH] [local@context-menu-overhaul] [2648:LogHandlerCandidates]: Handler candidates for '&Delete' (AllFilesystemObjects): ACShell, CopyAsPathMenu, DeleteFiles, MBAMShlExt, ModernSharing, SendTo, {474C98EE-CF3D-41f5-80E3-4AAB0AB04301}, {596AB062-B4D2-4215-9F74-E9109B0A8153}, {a2a9545d-a0c2-42b4-9708-a0b2badd77c8}
02:18:50.425 33728 explorer.exe  [WH] [local@context-menu-overhaul] [2691:ApplyRegistryIcons]: No registry icon for '&Delete' (verb 'delete')
02:18:50.434 33728 explorer.exe  [WH] [local@context-menu-overhaul] [2648:LogHandlerCandidates]: Handler candidates for 'P&roperties' (lnkfile): NvAppShExt, OpenContainingFolderMenu, OpenGLShExt, StartMenuExt, TortoiseSVN, WinRAR, WinRAR32, {00021401-0000-0000-C000-000000000046}
02:18:50.434 33728 explorer.exe  [WH] [local@context-menu-overhaul] [2648:LogHandlerCandidates]: Handler candidates for 'P&roperties' (*): {C52B9871-E5E9-41FD-B84D-C5ACADBEC7AE}
02:18:50.435 33728 explorer.exe  [WH] [local@context-menu-overhaul] [2648:LogHandlerCandidates]: Handler candidates for 'P&roperties' (*): 7-Zip, AccExt, Adobe.Acrobat.ContextMenu, ANotepad++64, EPP, IDriveMenu, Open With, Open With EncryptionMenu, Sharing, TortoiseSVN, WinRAR, WinRAR32
02:18:50.435 33728 explorer.exe  [WH] [local@context-menu-overhaul] [2648:LogHandlerCandidates]: Handler candidates for 'P&roperties' (AllFilesystemObjects): ACShell, CopyAsPathMenu, DeleteFiles, MBAMShlExt, ModernSharing, SendTo, {474C98EE-CF3D-41f5-80E3-4AAB0AB04301}, {596AB062-B4D2-4215-9F74-E9109B0A8153}, {a2a9545d-a0c2-42b4-9708-a0b2badd77c8}
02:18:50.435 33728 explorer.exe  [WH] [local@context-menu-overhaul] [2691:ApplyRegistryIcons]: No registry icon for 'P&roperties' (verb 'properties')
02:18:50.509 19196 explorer.exe  [WH] [local@context-menu-overhaul] [2648:LogHandlerCandidates]: Handler candidates for 'Pin to tas&kbar' (exefile): Compatibility, NvAppShExt, OpenGLShExt, PintoStartScreen, RUShellExt, StartMenuExt
02:18:50.509 19196 explorer.exe  [WH] [local@context-menu-overhaul] [2648:LogHandlerCandidates]: Handler candidates for 'Pin to tas&kbar' (*): {C52B9871-E5E9-41FD-B84D-C5ACADBEC7AE}
02:18:50.509 19196 explorer.exe  [WH] [local@context-menu-overhaul] [2648:LogHandlerCandidates]: Handler candidates for 'Pin to tas&kbar' (*): 7-Zip, AccExt, Adobe.Acrobat.ContextMenu, ANotepad++64, EPP, IDriveMenu, Open With, Open With EncryptionMenu, Sharing, TortoiseSVN, WinRAR, WinRAR32
02:18:50.510 19196 explorer.exe  [WH] [local@context-menu-overhaul] [2648:LogHandlerCandidates]: Handler candidates for 'Pin to tas&kbar' (AllFilesystemObjects): ACShell, CopyAsPathMenu, DeleteFiles, MBAMShlExt, ModernSharing, SendTo, {474C98EE-CF3D-41f5-80E3-4AAB0AB04301}, {596AB062-B4D2-4215-9F74-E9109B0A8153}, {a2a9545d-a0c2-42b4-9708-a0b2badd77c8}
02:18:50.514 19196 explorer.exe  [WH] [local@context-menu-overhaul] [2691:ApplyRegistryIcons]: No registry icon for 'Pin to tas&kbar' (verb 'taskbarpin')
02:18:50.521 33728 explorer.exe  [WH] [local@context-menu-overhaul] [5033:Run]: Warm-up finished
02:18:50.528 19196 explorer.exe  [WH] [local@context-menu-overhaul] [2648:LogHandlerCandidates]: Handler candidates for 'Copy &as path' (exefile): Compatibility, NvAppShExt, OpenGLShExt, PintoStartScreen, RUShellExt, StartMenuExt
02:18:50.529 19196 explorer.exe  [WH] [local@context-menu-overhaul] [2648:LogHandlerCandidates]: Handler candidates for 'Copy &as path' (*): {C52B9871-E5E9-41FD-B84D-C5ACADBEC7AE}
02:18:50.529 19196 explorer.exe  [WH] [local@context-menu-overhaul] [2648:LogHandlerCandidates]: Handler candidates for 'Copy &as path' (*): 7-Zip, AccExt, Adobe.Acrobat.ContextMenu, ANotepad++64, EPP, IDriveMenu, Open With, Open With EncryptionMenu, Sharing, TortoiseSVN, WinRAR, WinRAR32
02:18:50.529 19196 explorer.exe  [WH] [local@context-menu-overhaul] [2648:LogHandlerCandidates]: Handler candidates for 'Copy &as path' (AllFilesystemObjects): ACShell, CopyAsPathMenu, DeleteFiles, MBAMShlExt, ModernSharing, SendTo, {474C98EE-CF3D-41f5-80E3-4AAB0AB04301}, {596AB062-B4D2-4215-9F74-E9109B0A8153}, {a2a9545d-a0c2-42b4-9708-a0b2badd77c8}
02:18:50.530 19196 explorer.exe  [WH] [local@context-menu-overhaul] [2691:ApplyRegistryIcons]: No registry icon for 'Copy &as path' (verb 'copyaspath')
02:18:50.568 19196 explorer.exe  [WH] [local@context-menu-overhaul] [2648:LogHandlerCandidates]: Handler candidates for 'Restore previous &versions' (exefile): Compatibility, NvAppShExt, OpenGLShExt, PintoStartScreen, RUShellExt, StartMenuExt
02:18:50.569 19196 explorer.exe  [WH] [local@context-menu-overhaul] [2648:LogHandlerCandidates]: Handler candidates for 'Restore previous &versions' (*): {C52B9871-E5E9-41FD-B84D-C5ACADBEC7AE}
02:18:50.569 19196 explorer.exe  [WH] [local@context-menu-overhaul] [2648:LogHandlerCandidates]: Handler candidates for 'Restore previous &versions' (*): 7-Zip, AccExt, Adobe.Acrobat.ContextMenu, ANotepad++64, EPP, IDriveMenu, Open With, Open With EncryptionMenu, Sharing, TortoiseSVN, WinRAR, WinRAR32
02:18:50.569 19196 explorer.exe  [WH] [local@context-menu-overhaul] [2648:LogHandlerCandidates]: Handler candidates for 'Restore previous &versions' (AllFilesystemObjects): ACShell, CopyAsPathMenu, DeleteFiles, MBAMShlExt, ModernSharing, SendTo, {474C98EE-CF3D-41f5-80E3-4AAB0AB04301}, {596AB062-B4D2-4215-9F74-E9109B0A8153}, {a2a9545d-a0c2-42b4-9708-a0b2badd77c8}
02:18:50.570 19196 explorer.exe  [WH] [local@context-menu-overhaul] [2691:ApplyRegistryIcons]: No registry icon for 'Restore previous &versions' (verb 'PreviousVersions')
02:18:50.660 19196 explorer.exe  [WH] [local@context-menu-overhaul] [2648:LogHandlerCandidates]: Handler candidates for 'Cu&t' (exefile): Compatibility, NvAppShExt, OpenGLShExt, PintoStartScreen, RUShellExt, StartMenuExt
02:18:50.660 19196 explorer.exe  [WH] [local@context-menu-overhaul] [2648:LogHandlerCandidates]: Handler candidates for 'Cu&t' (*): {C52B9871-E5E9-41FD-B84D-C5ACADBEC7AE}
02:18:50.661 19196 explorer.exe  [WH] [local@context-menu-overhaul] [2648:LogHandlerCandidates]: Handler candidates for 'Cu&t' (*): 7-Zip, AccExt, Adobe.Acrobat.ContextMenu, ANotepad++64, EPP, IDriveMenu, Open With, Open With EncryptionMenu, Sharing, TortoiseSVN, WinRAR, WinRAR32
02:18:50.661 19196 explorer.exe  [WH] [local@context-menu-overhaul] [2648:LogHandlerCandidates]: Handler candidates for 'Cu&t' (AllFilesystemObjects): ACShell, CopyAsPathMenu, DeleteFiles, MBAMShlExt, ModernSharing, SendTo, {474C98EE-CF3D-41f5-80E3-4AAB0AB04301}, {596AB062-B4D2-4215-9F74-E9109B0A8153}, {a2a9545d-a0c2-42b4-9708-a0b2badd77c8}
02:18:50.661 19196 explorer.exe  [WH] [local@context-menu-overhaul] [2691:ApplyRegistryIcons]: No registry icon for 'Cu&t' (verb 'cut')
02:18:50.672 19196 explorer.exe  [WH] [local@context-menu-overhaul] [2648:LogHandlerCandidates]: Handler candidates for '&Copy' (exefile): Compatibility, NvAppShExt, OpenGLShExt, PintoStartScreen, RUShellExt, StartMenuExt
02:18:50.672 19196 explorer.exe  [WH] [local@context-menu-overhaul] [2648:LogHandlerCandidates]: Handler candidates for '&Copy' (*): {C52B9871-E5E9-41FD-B84D-C5ACADBEC7AE}
02:18:50.672 19196 explorer.exe  [WH] [local@context-menu-overhaul] [2648:LogHandlerCandidates]: Handler candidates for '&Copy' (*): 7-Zip, AccExt, Adobe.Acrobat.ContextMenu, ANotepad++64, EPP, IDriveMenu, Open With, Open With EncryptionMenu, Sharing, TortoiseSVN, WinRAR, WinRAR32
02:18:50.672 19196 explorer.exe  [WH] [local@context-menu-overhaul] [2648:LogHandlerCandidates]: Handler candidates for '&Copy' (AllFilesystemObjects): ACShell, CopyAsPathMenu, DeleteFiles, MBAMShlExt, ModernSharing, SendTo, {474C98EE-CF3D-41f5-80E3-4AAB0AB04301}, {596AB062-B4D2-4215-9F74-E9109B0A8153}, {a2a9545d-a0c2-42b4-9708-a0b2badd77c8}
02:18:50.673 19196 explorer.exe  [WH] [local@context-menu-overhaul] [2691:ApplyRegistryIcons]: No registry icon for '&Copy' (verb 'copy')
02:18:50.689 19196 explorer.exe  [WH] [local@context-menu-overhaul] [2648:LogHandlerCandidates]: Handler candidates for 'Create &shortcut' (exefile): Compatibility, NvAppShExt, OpenGLShExt, PintoStartScreen, RUShellExt, StartMenuExt
02:18:50.690 19196 explorer.exe  [WH] [local@context-menu-overhaul] [2648:LogHandlerCandidates]: Handler candidates for 'Create &shortcut' (*): {C52B9871-E5E9-41FD-B84D-C5ACADBEC7AE}
02:18:50.691 19196 explorer.exe  [WH] [local@context-menu-overhaul] [2648:LogHandlerCandidates]: Handler candidates for 'Create &shortcut' (*): 7-Zip, AccExt, Adobe.Acrobat.ContextMenu, ANotepad++64, EPP, IDriveMenu, Open With, Open With EncryptionMenu, Sharing, TortoiseSVN, WinRAR, WinRAR32
02:18:50.692 19196 explorer.exe  [WH] [local@context-menu-overhaul] [2648:LogHandlerCandidates]: Handler candidates for 'Create &shortcut' (AllFilesystemObjects): ACShell, CopyAsPathMenu, DeleteFiles, MBAMShlExt, ModernSharing, SendTo, {474C98EE-CF3D-41f5-80E3-4AAB0AB04301}, {596AB062-B4D2-4215-9F74-E9109B0A8153}, {a2a9545d-a0c2-42b4-9708-a0b2badd77c8}
02:18:50.693 19196 explorer.exe  [WH] [local@context-menu-overhaul] [2691:ApplyRegistryIcons]: No registry icon for 'Create &shortcut' (verb 'link')
02:18:50.714 19196 explorer.exe  [WH] [local@context-menu-overhaul] [2648:LogHandlerCandidates]: Handler candidates for '&Delete' (exefile): Compatibility, NvAppShExt, OpenGLShExt, PintoStartScreen, RUShellExt, StartMenuExt
02:18:50.714 19196 explorer.exe  [WH] [local@context-menu-overhaul] [2648:LogHandlerCandidates]: Handler candidates for '&Delete' (*): {C52B9871-E5E9-41FD-B84D-C5ACADBEC7AE}
02:18:50.715 19196 explorer.exe  [WH] [local@context-menu-overhaul] [2648:LogHandlerCandidates]: Handler candidates for '&Delete' (*): 7-Zip, AccExt, Adobe.Acrobat.ContextMenu, ANotepad++64, EPP, IDriveMenu, Open With, Open With EncryptionMenu, Sharing, TortoiseSVN, WinRAR, WinRAR32
02:18:50.715 19196 explorer.exe  [WH] [local@context-menu-overhaul] [2648:LogHandlerCandidates]: Handler candidates for '&Delete' (AllFilesystemObjects): ACShell, CopyAsPathMenu, DeleteFiles, MBAMShlExt, ModernSharing, SendTo, {474C98EE-CF3D-41f5-80E3-4AAB0AB04301}, {596AB062-B4D2-4215-9F74-E9109B0A8153}, {a2a9545d-a0c2-42b4-9708-a0b2badd77c8}
02:18:50.716 19196 explorer.exe  [WH] [local@context-menu-overhaul] [2691:ApplyRegistryIcons]: No registry icon for '&Delete' (verb 'delete')
02:18:50.731 19196 explorer.exe  [WH] [local@context-menu-overhaul] [2648:LogHandlerCandidates]: Handler candidates for 'P&roperties' (exefile): Compatibility, NvAppShExt, OpenGLShExt, PintoStartScreen, RUShellExt, StartMenuExt
02:18:50.731 19196 explorer.exe  [WH] [local@context-menu-overhaul] [2648:LogHandlerCandidates]: Handler candidates for 'P&roperties' (*): {C52B9871-E5E9-41FD-B84D-C5ACADBEC7AE}
02:18:50.732 19196 explorer.exe  [WH] [local@context-menu-overhaul] [2648:LogHandlerCandidates]: Handler candidates for 'P&roperties' (*): 7-Zip, AccExt, Adobe.Acrobat.ContextMenu, ANotepad++64, EPP, IDriveMenu, Open With, Open With EncryptionMenu, Sharing, TortoiseSVN, WinRAR, WinRAR32
02:18:50.732 19196 explorer.exe  [WH] [local@context-menu-overhaul] [2648:LogHandlerCandidates]: Handler candidates for 'P&roperties' (AllFilesystemObjects): ACShell, CopyAsPathMenu, DeleteFiles, MBAMShlExt, ModernSharing, SendTo, {474C98EE-CF3D-41f5-80E3-4AAB0AB04301}, {596AB062-B4D2-4215-9F74-E9109B0A8153}, {a2a9545d-a0c2-42b4-9708-a0b2badd77c8}
02:18:50.733 19196 explorer.exe  [WH] [local@context-menu-overhaul] [2691:ApplyRegistryIcons]: No registry icon for 'P&roperties' (verb 'properties')
02:18:50.866 19196 explorer.exe  [WH] [local@context-menu-overhaul] [2648:LogHandlerCandidates]: Handler candidates for 'Open file locat&ion' (lnkfile): NvAppShExt, OpenContainingFolderMenu, OpenGLShExt, StartMenuExt, TortoiseSVN, WinRAR, WinRAR32, {00021401-0000-0000-C000-000000000046}
02:18:50.866 19196 explorer.exe  [WH] [local@context-menu-overhaul] [2648:LogHandlerCandidates]: Handler candidates for 'Open file locat&ion' (*): {C52B9871-E5E9-41FD-B84D-C5ACADBEC7AE}
02:18:50.867 19196 explorer.exe  [WH] [local@context-menu-overhaul] [2648:LogHandlerCandidates]: Handler candidates for 'Open file locat&ion' (*): 7-Zip, AccExt, Adobe.Acrobat.ContextMenu, ANotepad++64, EPP, IDriveMenu, Open With, Open With EncryptionMenu, Sharing, TortoiseSVN, WinRAR, WinRAR32
02:18:50.867 19196 explorer.exe  [WH] [local@context-menu-overhaul] [2648:LogHandlerCandidates]: Handler candidates for 'Open file locat&ion' (AllFilesystemObjects): ACShell, CopyAsPathMenu, DeleteFiles, MBAMShlExt, ModernSharing, SendTo, {474C98EE-CF3D-41f5-80E3-4AAB0AB04301}, {596AB062-B4D2-4215-9F74-E9109B0A8153}, {a2a9545d-a0c2-42b4-9708-a0b2badd77c8}
02:18:50.867 19196 explorer.exe  [WH] [local@context-menu-overhaul] [2691:ApplyRegistryIcons]: No registry icon for 'Open file locat&ion' (verb 'opencontaining')
02:18:50.966 19196 explorer.exe  [WH] [local@context-menu-overhaul] [2648:LogHandlerCandidates]: Handler candidates for 'Copy &as path' (lnkfile): NvAppShExt, OpenContainingFolderMenu, OpenGLShExt, StartMenuExt, TortoiseSVN, WinRAR, WinRAR32, {00021401-0000-0000-C000-000000000046}
02:18:50.966 19196 explorer.exe  [WH] [local@context-menu-overhaul] [2648:LogHandlerCandidates]: Handler candidates for 'Copy &as path' (*): {C52B9871-E5E9-41FD-B84D-C5ACADBEC7AE}
02:18:50.967 19196 explorer.exe  [WH] [local@context-menu-overhaul] [2648:LogHandlerCandidates]: Handler candidates for 'Copy &as path' (*): 7-Zip, AccExt, Adobe.Acrobat.ContextMenu, ANotepad++64, EPP, IDriveMenu, Open With, Open With EncryptionMenu, Sharing, TortoiseSVN, WinRAR, WinRAR32
02:18:50.967 19196 explorer.exe  [WH] [local@context-menu-overhaul] [2648:LogHandlerCandidates]: Handler candidates for 'Copy &as path' (AllFilesystemObjects): ACShell, CopyAsPathMenu, DeleteFiles, MBAMShlExt, ModernSharing, SendTo, {474C98EE-CF3D-41f5-80E3-4AAB0AB04301}, {596AB062-B4D2-4215-9F74-E9109B0A8153}, {a2a9545d-a0c2-42b4-9708-a0b2badd77c8}
02:18:50.967 19196 explorer.exe  [WH] [local@context-menu-overhaul] [2691:ApplyRegistryIcons]: No registry icon for 'Copy &as path' (verb 'copyaspath')
02:18:50.998 19196 explorer.exe  [WH] [local@context-menu-overhaul] [2648:LogHandlerCandidates]: Handler candidates for 'Restore previous &versions' (lnkfile): NvAppShExt, OpenContainingFolderMenu, OpenGLShExt, StartMenuExt, TortoiseSVN, WinRAR, WinRAR32, {00021401-0000-0000-C000-000000000046}
02:18:50.998 19196 explorer.exe  [WH] [local@context-menu-overhaul] [2648:LogHandlerCandidates]: Handler candidates for 'Restore previous &versions' (*): {C52B9871-E5E9-41FD-B84D-C5ACADBEC7AE}
02:18:50.998 19196 explorer.exe  [WH] [local@context-menu-overhaul] [2648:LogHandlerCandidates]: Handler candidates for 'Restore previous &versions' (*): 7-Zip, AccExt, Adobe.Acrobat.ContextMenu, ANotepad++64, EPP, IDriveMenu, Open With, Open With EncryptionMenu, Sharing, TortoiseSVN, WinRAR, WinRAR32
02:18:50.999 19196 explorer.exe  [WH] [local@context-menu-overhaul] [2648:LogHandlerCandidates]: Handler candidates for 'Restore previous &versions' (AllFilesystemObjects): ACShell, CopyAsPathMenu, DeleteFiles, MBAMShlExt, ModernSharing, SendTo, {474C98EE-CF3D-41f5-80E3-4AAB0AB04301}, {596AB062-B4D2-4215-9F74-E9109B0A8153}, {a2a9545d-a0c2-42b4-9708-a0b2badd77c8}
02:18:50.999 19196 explorer.exe  [WH] [local@context-menu-overhaul] [2691:ApplyRegistryIcons]: No registry icon for 'Restore previous &versions' (verb 'PreviousVersions')
02:18:50.999 19196 explorer.exe  [WH] [local@context-menu-overhaul] [2648:LogHandlerCandidates]: Handler candidates for '' (lnkfile): NvAppShExt, OpenContainingFolderMenu, OpenGLShExt, StartMenuExt, TortoiseSVN, WinRAR, WinRAR32, {00021401-0000-0000-C000-000000000046}
02:18:50.999 19196 explorer.exe  [WH] [local@context-menu-overhaul] [2648:LogHandlerCandidates]: Handler candidates for '' (*): {C52B9871-E5E9-41FD-B84D-C5ACADBEC7AE}
02:18:51.000 19196 explorer.exe  [WH] [local@context-menu-overhaul] [2648:LogHandlerCandidates]: Handler candidates for '' (*): 7-Zip, AccExt, Adobe.Acrobat.ContextMenu, ANotepad++64, EPP, IDriveMenu, Open With, Open With EncryptionMenu, Sharing, TortoiseSVN, WinRAR, WinRAR32
02:18:51.000 19196 explorer.exe  [WH] [local@context-menu-overhaul] [2648:LogHandlerCandidates]: Handler candidates for '' (AllFilesystemObjects): ACShell, CopyAsPathMenu, DeleteFiles, MBAMShlExt, ModernSharing, SendTo, {474C98EE-CF3D-41f5-80E3-4AAB0AB04301}, {596AB062-B4D2-4215-9F74-E9109B0A8153}, {a2a9545d-a0c2-42b4-9708-a0b2badd77c8}
02:18:51.000 19196 explorer.exe  [WH] [local@context-menu-overhaul] [2691:ApplyRegistryIcons]: No registry icon for '' (verb '')
02:18:51.022 19196 explorer.exe  [WH] [local@context-menu-overhaul] [2648:LogHandlerCandidates]: Handler candidates for 'Cu&t' (lnkfile): NvAppShExt, OpenContainingFolderMenu, OpenGLShExt, StartMenuExt, TortoiseSVN, WinRAR, WinRAR32, {00021401-0000-0000-C000-000000000046}
02:18:51.022 19196 explorer.exe  [WH] [local@context-menu-overhaul] [2648:LogHandlerCandidates]: Handler candidates for 'Cu&t' (*): {C52B9871-E5E9-41FD-B84D-C5ACADBEC7AE}
02:18:51.023 19196 explorer.exe  [WH] [local@context-menu-overhaul] [2648:LogHandlerCandidates]: Handler candidates for 'Cu&t' (*): 7-Zip, AccExt, Adobe.Acrobat.ContextMenu, ANotepad++64, EPP, IDriveMenu, Open With, Open With EncryptionMenu, Sharing, TortoiseSVN, WinRAR, WinRAR32
02:18:51.023 19196 explorer.exe  [WH] [local@context-menu-overhaul] [2648:LogHandlerCandidates]: Handler candidates for 'Cu&t' (AllFilesystemObjects): ACShell, CopyAsPathMenu, DeleteFiles, MBAMShlExt, ModernSharing, SendTo, {474C98EE-CF3D-41f5-80E3-4AAB0AB04301}, {596AB062-B4D2-4215-9F74-E9109B0A8153}, {a2a9545d-a0c2-42b4-9708-a0b2badd77c8}
02:18:51.023 19196 explorer.exe  [WH] [local@context-menu-overhaul] [2691:ApplyRegistryIcons]: No registry icon for 'Cu&t' (verb 'cut')
02:18:51.034 19196 explorer.exe  [WH] [local@context-menu-overhaul] [2648:LogHandlerCandidates]: Handler candidates for '&Copy' (lnkfile): NvAppShExt, OpenContainingFolderMenu, OpenGLShExt, StartMenuExt, TortoiseSVN, WinRAR, WinRAR32, {00021401-0000-0000-C000-000000000046}
02:18:51.034 19196 explorer.exe  [WH] [local@context-menu-overhaul] [2648:LogHandlerCandidates]: Handler candidates for '&Copy' (*): {C52B9871-E5E9-41FD-B84D-C5ACADBEC7AE}
02:18:51.035 19196 explorer.exe  [WH] [local@context-menu-overhaul] [2648:LogHandlerCandidates]: Handler candidates for '&Copy' (*): 7-Zip, AccExt, Adobe.Acrobat.ContextMenu, ANotepad++64, EPP, IDriveMenu, Open With, Open With EncryptionMenu, Sharing, TortoiseSVN, WinRAR, WinRAR32
02:18:51.035 19196 explorer.exe  [WH] [local@context-menu-overhaul] [2648:LogHandlerCandidates]: Handler candidates for '&Copy' (AllFilesystemObjects): ACShell, CopyAsPathMenu, DeleteFiles, MBAMShlExt, ModernSharing, SendTo, {474C98EE-CF3D-41f5-80E3-4AAB0AB04301}, {596AB062-B4D2-4215-9F74-E9109B0A8153}, {a2a9545d-a0c2-42b4-9708-a0b2badd77c8}
02:18:51.035 19196 explorer.exe  [WH] [local@context-menu-overhaul] [2691:ApplyRegistryIcons]: No registry icon for '&Copy' (verb 'copy')
02:18:51.054 19196 explorer.exe  [WH] [local@context-menu-overhaul] [2648:LogHandlerCandidates]: Handler candidates for 'Create &shortcut' (lnkfile): NvAppShExt, OpenContainingFolderMenu, OpenGLShExt, StartMenuExt, TortoiseSVN, WinRAR, WinRAR32, {00021401-0000-0000-C000-000000000046}
02:18:51.055 19196 explorer.exe  [WH] [local@context-menu-overhaul] [2648:LogHandlerCandidates]: Handler candidates for 'Create &shortcut' (*): {C52B9871-E5E9-41FD-B84D-C5ACADBEC7AE}
02:18:51.055 19196 explorer.exe  [WH] [local@context-menu-overhaul] [2648:LogHandlerCandidates]: Handler candidates for 'Create &shortcut' (*): 7-Zip, AccExt, Adobe.Acrobat.ContextMenu, ANotepad++64, EPP, IDriveMenu, Open With, Open With EncryptionMenu, Sharing, TortoiseSVN, WinRAR, WinRAR32
02:18:51.055 19196 explorer.exe  [WH] [local@context-menu-overhaul] [2648:LogHandlerCandidates]: Handler candidates for 'Create &shortcut' (AllFilesystemObjects): ACShell, CopyAsPathMenu, DeleteFiles, MBAMShlExt, ModernSharing, SendTo, {474C98EE-CF3D-41f5-80E3-4AAB0AB04301}, {596AB062-B4D2-4215-9F74-E9109B0A8153}, {a2a9545d-a0c2-42b4-9708-a0b2badd77c8}
02:18:51.055 19196 explorer.exe  [WH] [local@context-menu-overhaul] [2691:ApplyRegistryIcons]: No registry icon for 'Create &shortcut' (verb 'link')
02:18:51.073 19196 explorer.exe  [WH] [local@context-menu-overhaul] [2648:LogHandlerCandidates]: Handler candidates for '&Delete' (lnkfile): NvAppShExt, OpenContainingFolderMenu, OpenGLShExt, StartMenuExt, TortoiseSVN, WinRAR, WinRAR32, {00021401-0000-0000-C000-000000000046}
02:18:51.073 19196 explorer.exe  [WH] [local@context-menu-overhaul] [2648:LogHandlerCandidates]: Handler candidates for '&Delete' (*): {C52B9871-E5E9-41FD-B84D-C5ACADBEC7AE}
02:18:51.073 19196 explorer.exe  [WH] [local@context-menu-overhaul] [2648:LogHandlerCandidates]: Handler candidates for '&Delete' (*): 7-Zip, AccExt, Adobe.Acrobat.ContextMenu, ANotepad++64, EPP, IDriveMenu, Open With, Open With EncryptionMenu, Sharing, TortoiseSVN, WinRAR, WinRAR32
02:18:51.074 19196 explorer.exe  [WH] [local@context-menu-overhaul] [2648:LogHandlerCandidates]: Handler candidates for '&Delete' (AllFilesystemObjects): ACShell, CopyAsPathMenu, DeleteFiles, MBAMShlExt, ModernSharing, SendTo, {474C98EE-CF3D-41f5-80E3-4AAB0AB04301}, {596AB062-B4D2-4215-9F74-E9109B0A8153}, {a2a9545d-a0c2-42b4-9708-a0b2badd77c8}
02:18:51.074 19196 explorer.exe  [WH] [local@context-menu-overhaul] [2691:ApplyRegistryIcons]: No registry icon for '&Delete' (verb 'delete')
02:18:51.087 19196 explorer.exe  [WH] [local@context-menu-overhaul] [2648:LogHandlerCandidates]: Handler candidates for 'P&roperties' (lnkfile): NvAppShExt, OpenContainingFolderMenu, OpenGLShExt, StartMenuExt, TortoiseSVN, WinRAR, WinRAR32, {00021401-0000-0000-C000-000000000046}
02:18:51.088 19196 explorer.exe  [WH] [local@context-menu-overhaul] [2648:LogHandlerCandidates]: Handler candidates for 'P&roperties' (*): {C52B9871-E5E9-41FD-B84D-C5ACADBEC7AE}
02:18:51.088 19196 explorer.exe  [WH] [local@context-menu-overhaul] [2648:LogHandlerCandidates]: Handler candidates for 'P&roperties' (*): 7-Zip, AccExt, Adobe.Acrobat.ContextMenu, ANotepad++64, EPP, IDriveMenu, Open With, Open With EncryptionMenu, Sharing, TortoiseSVN, WinRAR, WinRAR32
02:18:51.088 19196 explorer.exe  [WH] [local@context-menu-overhaul] [2648:LogHandlerCandidates]: Handler candidates for 'P&roperties' (AllFilesystemObjects): ACShell, CopyAsPathMenu, DeleteFiles, MBAMShlExt, ModernSharing, SendTo, {474C98EE-CF3D-41f5-80E3-4AAB0AB04301}, {596AB062-B4D2-4215-9F74-E9109B0A8153}, {a2a9545d-a0c2-42b4-9708-a0b2badd77c8}
02:18:51.088 19196 explorer.exe  [WH] [local@context-menu-overhaul] [2691:ApplyRegistryIcons]: No registry icon for 'P&roperties' (verb 'properties')
02:18:51.150 19196 explorer.exe  [WH] [local@context-menu-overhaul] [5033:Run]: Warm-up finished
02:18:52.994 19196 explorer.exe  [WH] [local@context-menu-overhaul] [5564:IUnknown_QueryService_Hook]: Blocking modern context menu presenter
02:18:52.995 19196 explorer.exe  [WH] [local@context-menu-overhaul] [2158:QueryContextMenu_Hook]: QueryContextMenu deferred: this=00000000C6121DF0 idFirst=31010 flags=00020424
02:18:52.995 19196 explorer.exe  [WH] [local@context-menu-overhaul] [5495:TrackPopupMenu_Hook]: Replacing context menu: kind=2
02:18:52.995 19196 explorer.exe  [WH] [local@context-menu-overhaul] [5334:ShowReplacementMenu]: Cache miss: scope=2 key=* shape=0 paths=0
02:18:52.995 19196 explorer.exe  [WH] [local@context-menu-overhaul] [5366:ShowReplacementMenu]: Menu prep: 0 ms
02:18:53.322 19196 explorer.exe  [WH] [local@context-menu-overhaul] [3832:EnsureContextPopulated]: Population: 156 ms, 11 items
02:18:53.371 19196 explorer.exe  [WH] [local@context-menu-overhaul] [2648:LogHandlerCandidates]: Handler candidates for 'P&roperties' (Directory\Background): New, NvAppDesktopContext, NvCplDesktopContext, Sharing, TortoiseSVN, WorkFolders
02:18:53.371 19196 explorer.exe  [WH] [local@context-menu-overhaul] [2648:LogHandlerCandidates]: Handler candidates for 'P&roperties' (DesktopBackground): DesktopSlideshow
02:18:53.372 19196 explorer.exe  [WH] [local@context-menu-overhaul] [2691:ApplyRegistryIcons]: No registry icon for 'P&roperties' (verb 'properties')
02:18:53.416 19196 explorer.exe  [WH] [local@context-menu-overhaul] [3028:CaptureOwnerDrawIcons]: Owner-draw draw not handled for 'P&roperties' (verb 'properties')
02:18:53.416 19196 explorer.exe  [WH] [local@context-menu-overhaul] [3066:DiscoverIntoCache]: Discovered 11 menu items in 94 ms
02:18:53.417 19196 explorer.exe  [WH] [local@context-menu-overhaul] [2860:DumpModelItems]: [d0] kind=1 action=3 flags=0040 offset=0 verb='' label='Ne&w' children=8 icons=0
02:18:53.417 19196 explorer.exe  [WH] [local@context-menu-overhaul] [2860:DumpModelItems]: [d1] kind=0 action=1 flags=00C0 offset=32 verb='NewFolder' label='&Folder' children=0 icons=2304
02:18:53.417 19196 explorer.exe  [WH] [local@context-menu-overhaul] [2860:DumpModelItems]: [d1] kind=0 action=1 flags=00C0 offset=33 verb='NewLink' label='&Shortcut' children=0 icons=2304
02:18:53.417 19196 explorer.exe  [WH] [local@context-menu-overhaul] [2860:DumpModelItems]: [d1] kind=2 action=0 flags=0048 offset=0 verb='' label='' children=0 icons=0
02:18:53.417 19196 explorer.exe  [WH] [local@context-menu-overhaul] [2860:DumpModelItems]: [d1] kind=0 action=1 flags=00C0 offset=34 verb='.bmp' label='Bitmap image' children=0 icons=2304
02:18:53.417 19196 explorer.exe  [WH] [local@context-menu-overhaul] [2860:DumpModelItems]: [d1] kind=0 action=1 flags=00C0 offset=37 verb='.pptx' label='Microsoft PowerPoint Presentation' children=0 icons=2304
02:18:53.418 19196 explorer.exe  [WH] [local@context-menu-overhaul] [2860:DumpModelItems]: [d1] kind=0 action=1 flags=00C0 offset=38 verb='.psd' label='Adobe Photoshop Image 24' children=0 icons=2304
02:18:53.418 19196 explorer.exe  [WH] [local@context-menu-overhaul] [2860:DumpModelItems]: [d1] kind=0 action=1 flags=00C0 offset=39 verb='.txt' label='Text Document' children=0 icons=2304
02:18:53.418 19196 explorer.exe  [WH] [local@context-menu-overhaul] [2860:DumpModelItems]: [d1] kind=0 action=1 flags=00C0 offset=40 verb='.zip' label='Compressed (zipped) Folder' children=0 icons=2304
02:18:53.418 19196 explorer.exe  [WH] [local@context-menu-overhaul] [2860:DumpModelItems]: [d0] kind=2 action=0 flags=0048 offset=0 verb='' label='' children=0 icons=0
02:18:53.419 19196 explorer.exe  [WH] [local@context-menu-overhaul] [2860:DumpModelItems]: [d0] kind=0 action=1 flags=00C0 offset=0 verb='properties' label='P&roperties' children=0 icons=0
02:18:53.419 19196 explorer.exe  [WH] [local@context-menu-overhaul] [2860:DumpModelItems]: [d0] kind=2 action=0 flags=0048 offset=0 verb='' label='' children=0 icons=0
02:18:53.419 19196 explorer.exe  [WH] [local@context-menu-overhaul] [2860:DumpModelItems]: [d0] kind=0 action=1 flags=00C0 offset=95 verb='{9F156763-7844-4DC4-B2B1-901F640F5155}' label='Open in &Terminal' children=0 icons=2304
02:18:53.419 19196 explorer.exe  [WH] [local@context-menu-overhaul] [2860:DumpModelItems]: [d0] kind=0 action=1 flags=00C0 offset=99 verb='VSCode' label='Open w&ith Code' children=0 icons=2304
02:18:53.419 19196 explorer.exe  [WH] [local@context-menu-overhaul] [2860:DumpModelItems]: [d0] kind=2 action=0 flags=0048 offset=0 verb='' label='' children=0 icons=0
02:18:53.420 19196 explorer.exe  [WH] [local@context-menu-overhaul] [2860:DumpModelItems]: [d0] kind=1 action=3 flags=0040 offset=0 verb='' label='&Give access to' children=2 icons=0
02:18:53.420 19196 explorer.exe  [WH] [local@context-menu-overhaul] [2860:DumpModelItems]: [d1] kind=0 action=1 flags=00C0 offset=15 verb='' label='Remove access' children=0 icons=2304
02:18:53.421 19196 explorer.exe  [WH] [local@context-menu-overhaul] [2860:DumpModelItems]: [d1] kind=0 action=1 flags=00C0 offset=16 verb='' label='Specific people...' children=0 icons=2304
02:18:53.421 19196 explorer.exe  [WH] [local@context-menu-overhaul] [2860:DumpModelItems]: [d0] kind=2 action=0 flags=0048 offset=0 verb='' label='' children=0 icons=0
02:18:53.421 19196 explorer.exe  [WH] [local@context-menu-overhaul] [2860:DumpModelItems]: [d0] kind=0 action=1 flags=00C0 offset=2 verb='tsvn_checkout' label='SVN Chec&kout...' children=0 icons=2304
02:18:53.421 19196 explorer.exe  [WH] [local@context-menu-overhaul] [2860:DumpModelItems]: [d0] kind=1 action=3 flags=0240 offset=0 verb='' label='&TortoiseSVN' children=10 icons=2304
02:18:53.421 19196 explorer.exe  [WH] [local@context-menu-overhaul] [2860:DumpModelItems]: [d1] kind=0 action=1 flags=00C0 offset=3 verb='tsvn_repobrowse' label='&Repo-browser' children=0 icons=2304
02:18:53.421 19196 explorer.exe  [WH] [local@context-menu-overhaul] [2860:DumpModelItems]: [d1] kind=2 action=0 flags=0048 offset=0 verb='' label='' children=0 icons=0
02:18:53.422 19196 explorer.exe  [WH] [local@context-menu-overhaul] [2860:DumpModelItems]: [d1] kind=0 action=1 flags=00C0 offset=5 verb='tsvn_export' label='E&xport...' children=0 icons=2304
02:18:53.422 19196 explorer.exe  [WH] [local@context-menu-overhaul] [2860:DumpModelItems]: [d1] kind=2 action=0 flags=0048 offset=0 verb='' label='' children=0 icons=0
02:18:53.422 19196 explorer.exe  [WH] [local@context-menu-overhaul] [2860:DumpModelItems]: [d1] kind=0 action=1 flags=00C0 offset=7 verb='tsvn_createrepo' label='Create repositor&y here' children=0 icons=2304
02:18:53.422 19196 explorer.exe  [WH] [local@context-menu-overhaul] [2860:DumpModelItems]: [d1] kind=0 action=1 flags=00C0 offset=8 verb='tsvn_import' label='&Import...' children=0 icons=2304
02:18:53.423 19196 explorer.exe  [WH] [local@context-menu-overhaul] [2860:DumpModelItems]: [d1] kind=2 action=0 flags=0048 offset=0 verb='' label='' children=0 icons=0
02:18:53.423 19196 explorer.exe  [WH] [local@context-menu-overhaul] [2860:DumpModelItems]: [d1] kind=0 action=1 flags=00C0 offset=10 verb='tsvn_settings' label='&Settings' children=0 icons=2304
02:18:53.423 19196 explorer.exe  [WH] [local@context-menu-overhaul] [2860:DumpModelItems]: [d1] kind=0 action=1 flags=00C0 offset=11 verb='tsvn_help' label='&Help' children=0 icons=2304
02:18:53.423 19196 explorer.exe  [WH] [local@context-menu-overhaul] [2860:DumpModelItems]: [d1] kind=0 action=1 flags=00C0 offset=12 verb='tsvn_about' label='About' children=0 icons=2304
02:18:53.429 19196 explorer.exe  [WH] [local@context-menu-overhaul] [5334:ShowReplacementMenu]: Cache hit: scope=2 key=* shape=0 paths=0
02:18:53.429 19196 explorer.exe  [WH] [local@context-menu-overhaul] [510:ReorganizeAdvancedItems]: More options: moved 'Open in &Terminal' (verb '{9F156763-7844-4DC4-B2B1-901F640F5155}')
02:18:53.430 19196 explorer.exe  [WH] [local@context-menu-overhaul] [510:ReorganizeAdvancedItems]: More options: moved 'Open w&ith Code' (verb 'VSCode')
02:18:53.430 19196 explorer.exe  [WH] [local@context-menu-overhaul] [510:ReorganizeAdvancedItems]: More options: moved '&Give access to' (verb '')
02:18:53.430 19196 explorer.exe  [WH] [local@context-menu-overhaul] [510:ReorganizeAdvancedItems]: More options: moved 'SVN Chec&kout...' (verb 'tsvn_checkout')
02:18:53.430 19196 explorer.exe  [WH] [local@context-menu-overhaul] [510:ReorganizeAdvancedItems]: More options: moved '&TortoiseSVN' (verb '')
02:18:53.430 19196 explorer.exe  [WH] [local@context-menu-overhaul] [517:ReorganizeAdvancedItems]: More options: kept 'P&roperties' (verb 'properties')
02:18:53.430 19196 explorer.exe  [WH] [local@context-menu-overhaul] [5366:ShowReplacementMenu]: Menu prep: 438 ms
02:19:49.759 19196 explorer.exe  [WH] [local@context-menu-overhaul] [5564:IUnknown_QueryService_Hook]: Blocking modern context menu presenter
02:19:49.767 19196 explorer.exe  [WH] [local@context-menu-overhaul] [2158:QueryContextMenu_Hook]: QueryContextMenu deferred: this=00000000C6123430 idFirst=31010 flags=00020424
02:19:49.768 19196 explorer.exe  [WH] [local@context-menu-overhaul] [5495:TrackPopupMenu_Hook]: Replacing context menu: kind=2
02:19:49.768 19196 explorer.exe  [WH] [local@context-menu-overhaul] [5334:ShowReplacementMenu]: Cache hit: scope=2 key=* shape=0 paths=0
02:19:49.768 19196 explorer.exe  [WH] [local@context-menu-overhaul] [510:ReorganizeAdvancedItems]: More options: moved 'Open in &Terminal' (verb '{9F156763-7844-4DC4-B2B1-901F640F5155}')
02:19:49.768 19196 explorer.exe  [WH] [local@context-menu-overhaul] [510:ReorganizeAdvancedItems]: More options: moved 'Open w&ith Code' (verb 'VSCode')
02:19:49.768 19196 explorer.exe  [WH] [local@context-menu-overhaul] [510:ReorganizeAdvancedItems]: More options: moved '&Give access to' (verb '')
02:19:49.768 19196 explorer.exe  [WH] [local@context-menu-overhaul] [510:ReorganizeAdvancedItems]: More options: moved 'SVN Chec&kout...' (verb 'tsvn_checkout')
02:19:49.768 19196 explorer.exe  [WH] [local@context-menu-overhaul] [510:ReorganizeAdvancedItems]: More options: moved '&TortoiseSVN' (verb '')
02:19:49.768 19196 explorer.exe  [WH] [local@context-menu-overhaul] [517:ReorganizeAdvancedItems]: More options: kept 'P&roperties' (verb 'properties')
02:19:49.770 19196 explorer.exe  [WH] [local@context-menu-overhaul] [5366:ShowReplacementMenu]: Menu prep: 0 ms
02:19:51.653 19196 explorer.exe  [WH] [local@context-menu-overhaul] [2158:QueryContextMenu_Hook]: QueryContextMenu deferred: this=00000000C6125000 idFirst=31010 flags=00020524
02:19:51.654 19196 explorer.exe  [WH] [local@context-menu-overhaul] [5503:TrackPopupMenu_Hook]: Shift bypass: showing the native menu
02:19:51.929 19196 explorer.exe  [WH] [local@context-menu-overhaul] [3832:EnsureContextPopulated]: Population: 266 ms, 13 items
02:19:51.945 19196 explorer.exe  [WH] [local@context-menu-overhaul] [2842:DumpMenuTree]: [menu d0] submenu 'Ne&w' id=31041 state=0000 bmp=0 children=8
02:19:51.945 19196 explorer.exe  [WH] [local@context-menu-overhaul] [2849:DumpMenuTree]: [menu d1] item '&Folder' id=31042 offset=32 state=0000 bmp=-670736680
02:19:51.945 19196 explorer.exe  [WH] [local@context-menu-overhaul] [2849:DumpMenuTree]: [menu d1] item '&Shortcut' id=31043 offset=33 state=0000 bmp=1006962801
02:19:51.946 19196 explorer.exe  [WH] [local@context-menu-overhaul] [2849:DumpMenuTree]: [menu d1] item 'Bitmap image' id=31044 offset=34 state=0000 bmp=470127879
02:19:51.946 19196 explorer.exe  [WH] [local@context-menu-overhaul] [2849:DumpMenuTree]: [menu d1] item 'Microsoft PowerPoint Presentation' id=31047 offset=37 state=0000 bmp=1409619578
02:19:51.946 19196 explorer.exe  [WH] [local@context-menu-overhaul] [2849:DumpMenuTree]: [menu d1] item 'Adobe Photoshop Image 24' id=31048 offset=38 state=0000 bmp=-2012899375
02:19:51.946 19196 explorer.exe  [WH] [local@context-menu-overhaul] [2849:DumpMenuTree]: [menu d1] item 'Text Document' id=31049 offset=39 state=0000 bmp=587568390
02:19:51.946 19196 explorer.exe  [WH] [local@context-menu-overhaul] [2849:DumpMenuTree]: [menu d1] item 'Compressed (zipped) Folder' id=31050 offset=40 state=0000 bmp=822446535
02:19:51.946 19196 explorer.exe  [WH] [local@context-menu-overhaul] [2849:DumpMenuTree]: [menu d0] item 'P&roperties' id=31010 offset=0 state=0000 bmp=0
02:19:51.947 19196 explorer.exe  [WH] [local@context-menu-overhaul] [2849:DumpMenuTree]: [menu d0] item 'Open in &Terminal' id=31105 offset=95 state=0000 bmp=1057330909
02:19:51.947 19196 explorer.exe  [WH] [local@context-menu-overhaul] [2849:DumpMenuTree]: [menu d0] item 'Open Power&Shell window here' id=31108 offset=98 state=0000 bmp=0
02:19:51.947 19196 explorer.exe  [WH] [local@context-menu-overhaul] [2849:DumpMenuTree]: [menu d0] item 'Open w&ith Code' id=31109 offset=99 state=0000 bmp=855981840
02:19:51.947 19196 explorer.exe  [WH] [local@context-menu-overhaul] [2849:DumpMenuTree]: [menu d0] item 'Open &Linux shell here' id=31110 offset=100 state=0000 bmp=0
02:19:51.947 19196 explorer.exe  [WH] [local@context-menu-overhaul] [2842:DumpMenuTree]: [menu d0] submenu '&Give access to' id=31040 state=0000 bmp=0 children=2
02:19:51.947 19196 explorer.exe  [WH] [local@context-menu-overhaul] [2849:DumpMenuTree]: [menu d1] item 'Remove access' id=31025 offset=15 state=0000 bmp=235247184
02:19:51.948 19196 explorer.exe  [WH] [local@context-menu-overhaul] [2849:DumpMenuTree]: [menu d1] item 'Specific people...' id=31026 offset=16 state=0000 bmp=1342543638
02:19:51.948 19196 explorer.exe  [WH] [local@context-menu-overhaul] [2849:DumpMenuTree]: [menu d0] item 'SVN Chec&kout...' id=31012 offset=2 state=0000 bmp=252024534
02:19:51.948 19196 explorer.exe  [WH] [local@context-menu-overhaul] [2842:DumpMenuTree]: [menu d0] submenu '&TortoiseSVN' id=31023 state=0000 bmp=805672245 children=10
02:19:51.948 19196 explorer.exe  [WH] [local@context-menu-overhaul] [2849:DumpMenuTree]: [menu d1] item '&Repo-browser' id=31013 offset=3 state=0000 bmp=1409651950
02:19:51.948 19196 explorer.exe  [WH] [local@context-menu-overhaul] [2849:DumpMenuTree]: [menu d1] item 'E&xport...' id=31015 offset=5 state=0000 bmp=341078
02:19:51.948 19196 explorer.exe  [WH] [local@context-menu-overhaul] [2849:DumpMenuTree]: [menu d1] item 'Create repositor&y here' id=31017 offset=7 state=0000 bmp=-888825932
02:19:51.949 19196 explorer.exe  [WH] [local@context-menu-overhaul] [2849:DumpMenuTree]: [menu d1] item '&Import...' id=31018 offset=8 state=0000 bmp=-1291512807
02:19:51.949 19196 explorer.exe  [WH] [local@context-menu-overhaul] [2849:DumpMenuTree]: [menu d1] item '&Settings' id=31020 offset=10 state=0000 bmp=-553301139
02:19:51.949 19196 explorer.exe  [WH] [local@context-menu-overhaul] [2849:DumpMenuTree]: [menu d1] item '&Help' id=31021 offset=11 state=0000 bmp=1225102629
02:19:51.949 19196 explorer.exe  [WH] [local@context-menu-overhaul] [2849:DumpMenuTree]: [menu d1] item 'About' id=31022 offset=12 state=0000 bmp=-637186571
02:19:54.170 19196 explorer.exe  [WH] [local@context-menu-overhaul] [5564:IUnknown_QueryService_Hook]: Blocking modern context menu presenter
02:19:54.170 19196 explorer.exe  [WH] [local@context-menu-overhaul] [2158:QueryContextMenu_Hook]: QueryContextMenu deferred: this=00000000C6123430 idFirst=31010 flags=00020424
02:19:54.171 19196 explorer.exe  [WH] [local@context-menu-overhaul] [5495:TrackPopupMenu_Hook]: Replacing context menu: kind=2
02:19:54.171 19196 explorer.exe  [WH] [local@context-menu-overhaul] [5334:ShowReplacementMenu]: Cache hit: scope=2 key=* shape=0 paths=0
02:19:54.172 19196 explorer.exe  [WH] [local@context-menu-overhaul] [510:ReorganizeAdvancedItems]: More options: moved 'Open in &Terminal' (verb '{9F156763-7844-4DC4-B2B1-901F640F5155}')
02:19:54.172 19196 explorer.exe  [WH] [local@context-menu-overhaul] [510:ReorganizeAdvancedItems]: More options: moved 'Open w&ith Code' (verb 'VSCode')
02:19:54.172 19196 explorer.exe  [WH] [local@context-menu-overhaul] [510:ReorganizeAdvancedItems]: More options: moved '&Give access to' (verb '')
02:19:54.172 19196 explorer.exe  [WH] [local@context-menu-overhaul] [510:ReorganizeAdvancedItems]: More options: moved 'SVN Chec&kout...' (verb 'tsvn_checkout')
02:19:54.172 19196 explorer.exe  [WH] [local@context-menu-overhaul] [510:ReorganizeAdvancedItems]: More options: moved '&TortoiseSVN' (verb '')
02:19:54.172 19196 explorer.exe  [WH] [local@context-menu-overhaul] [517:ReorganizeAdvancedItems]: More options: kept 'P&roperties' (verb 'properties')
02:19:54.172 19196 explorer.exe  [WH] [local@context-menu-overhaul] [5366:ShowReplacementMenu]: Menu prep: 0 ms
02:19:54.971 19196 explorer.exe  [WH] [local@context-menu-overhaul] [3832:EnsureContextPopulated]: Population: 62 ms, 11 items
02:19:54.977 19196 explorer.exe  [WH] [local@context-menu-overhaul] [5422:ShowReplacementMenu]: Invoke 'Sort by' -> 1
02:19:54.978 19196 explorer.exe  [WH] [local@context-menu-overhaul] [2842:DumpMenuTree]: [menu d0] submenu 'Ne&w' id=31041 state=0000 bmp=0 children=1
02:19:54.978 19196 explorer.exe  [WH] [local@context-menu-overhaul] [2849:DumpMenuTree]: [menu d1] item 'Ne&w' id=31044 offset=34 state=0000 bmp=0
02:19:54.980 19196 explorer.exe  [WH] [local@context-menu-overhaul] [2849:DumpMenuTree]: [menu d0] item 'P&roperties' id=31010 offset=0 state=0000 bmp=0
02:19:54.980 19196 explorer.exe  [WH] [local@context-menu-overhaul] [2849:DumpMenuTree]: [menu d0] item 'Open in &Terminal' id=31105 offset=95 state=0000 bmp=1560647517
02:19:54.980 19196 explorer.exe  [WH] [local@context-menu-overhaul] [2849:DumpMenuTree]: [menu d0] item 'Open w&ith Code' id=31109 offset=99 state=0000 bmp=-603632139
02:19:54.980 19196 explorer.exe  [WH] [local@context-menu-overhaul] [2842:DumpMenuTree]: [menu d0] submenu '&Give access to' id=31040 state=0000 bmp=0 children=2
02:19:54.980 19196 explorer.exe  [WH] [local@context-menu-overhaul] [2849:DumpMenuTree]: [menu d1] item 'Remove access' id=31025 offset=15 state=0000 bmp=-1677360745
02:19:54.980 19196 explorer.exe  [WH] [local@context-menu-overhaul] [2849:DumpMenuTree]: [menu d1] item 'Specific people...' id=31026 offset=16 state=0000 bmp=-603650626
02:19:54.981 19196 explorer.exe  [WH] [local@context-menu-overhaul] [2849:DumpMenuTree]: [menu d0] item 'SVN Chec&kout...' id=31012 offset=2 state=0000 bmp=1258654244
02:19:54.981 19196 explorer.exe  [WH] [local@context-menu-overhaul] [2842:DumpMenuTree]: [menu d0] submenu '&TortoiseSVN' id=31023 state=0000 bmp=1241879845 children=10
02:19:54.981 19196 explorer.exe  [WH] [local@context-menu-overhaul] [2849:DumpMenuTree]: [menu d1] item '&Repo-browser' id=31013 offset=3 state=0000 bmp=1426396794
02:19:54.981 19196 explorer.exe  [WH] [local@context-menu-overhaul] [2849:DumpMenuTree]: [menu d1] item 'E&xport...' id=31015 offset=5 state=0000 bmp=1023740017
02:19:54.981 19196 explorer.exe  [WH] [local@context-menu-overhaul] [2849:DumpMenuTree]: [menu d1] item 'Create repositor&y here' id=31017 offset=7 state=0000 bmp=486905095
02:19:54.982 19196 explorer.exe  [WH] [local@context-menu-overhaul] [2849:DumpMenuTree]: [menu d1] item '&Import...' id=31018 offset=8 state=0000 bmp=1359320854
02:19:54.982 19196 explorer.exe  [WH] [local@context-menu-overhaul] [2849:DumpMenuTree]: [menu d1] item '&Settings' id=31020 offset=10 state=0000 bmp=252024400
02:19:54.982 19196 explorer.exe  [WH] [local@context-menu-overhaul] [2849:DumpMenuTree]: [menu d1] item '&Help' id=31021 offset=11 state=0000 bmp=822449461
02:19:54.982 19196 explorer.exe  [WH] [local@context-menu-overhaul] [2849:DumpMenuTree]: [menu d1] item 'About' id=31022 offset=12 state=0000 bmp=1426429166
02:19:57.979 19196 explorer.exe  [WH] [local@context-menu-overhaul] [2158:QueryContextMenu_Hook]: QueryContextMenu deferred: this=00000000C6125000 idFirst=31010 flags=00020524
02:19:57.979 19196 explorer.exe  [WH] [local@context-menu-overhaul] [5503:TrackPopupMenu_Hook]: Shift bypass: showing the native menu
02:19:58.028 19196 explorer.exe  [WH] [local@context-menu-overhaul] [3832:EnsureContextPopulated]: Population: 47 ms, 13 items
02:19:58.039 19196 explorer.exe  [WH] [local@context-menu-overhaul] [2842:DumpMenuTree]: [menu d0] submenu 'Ne&w' id=31041 state=0000 bmp=0 children=8
02:19:58.040 19196 explorer.exe  [WH] [local@context-menu-overhaul] [2849:DumpMenuTree]: [menu d1] item '&Folder' id=31042 offset=32 state=0000 bmp=1325763710
02:19:58.040 19196 explorer.exe  [WH] [local@context-menu-overhaul] [2849:DumpMenuTree]: [menu d1] item '&Shortcut' id=31043 offset=33 state=0000 bmp=-1241181159
02:19:58.040 19196 explorer.exe  [WH] [local@context-menu-overhaul] [2849:DumpMenuTree]: [menu d1] item 'Bitmap image' id=31044 offset=34 state=0000 bmp=-1794795823
02:19:58.040 19196 explorer.exe  [WH] [local@context-menu-overhaul] [2849:DumpMenuTree]: [menu d1] item 'Microsoft PowerPoint Presentation' id=31047 offset=37 state=0000 bmp=1308985892
02:19:58.040 19196 explorer.exe  [WH] [local@context-menu-overhaul] [2849:DumpMenuTree]: [menu d1] item 'Adobe Photoshop Image 24' id=31048 offset=38 state=0000 bmp=1376063768
02:19:58.041 19196 explorer.exe  [WH] [local@context-menu-overhaul] [2849:DumpMenuTree]: [menu d1] item 'Text Document' id=31049 offset=39 state=0000 bmp=365981
02:19:58.041 19196 explorer.exe  [WH] [local@context-menu-overhaul] [2849:DumpMenuTree]: [menu d1] item 'Compressed (zipped) Folder' id=31050 offset=40 state=0000 bmp=-570073384
02:19:58.041 19196 explorer.exe  [WH] [local@context-menu-overhaul] [2849:DumpMenuTree]: [menu d0] item 'P&roperties' id=31010 offset=0 state=0000 bmp=0
02:19:58.042 19196 explorer.exe  [WH] [local@context-menu-overhaul] [2849:DumpMenuTree]: [menu d0] item 'Open in &Terminal' id=31105 offset=95 state=0000 bmp=1728416199
02:19:58.042 19196 explorer.exe  [WH] [local@context-menu-overhaul] [2849:DumpMenuTree]: [menu d0] item 'Open Power&Shell window here' id=31108 offset=98 state=0000 bmp=0
02:19:58.042 19196 explorer.exe  [WH] [local@context-menu-overhaul] [2849:DumpMenuTree]: [menu d0] item 'Open w&ith Code' id=31109 offset=99 state=0000 bmp=-821717068
02:19:58.042 19196 explorer.exe  [WH] [local@context-menu-overhaul] [2849:DumpMenuTree]: [menu d0] item 'Open &Linux shell here' id=31110 offset=100 state=0000 bmp=0
02:19:58.043 19196 explorer.exe  [WH] [local@context-menu-overhaul] [2842:DumpMenuTree]: [menu d0] submenu '&Give access to' id=31040 state=0000 bmp=0 children=2
02:19:58.043 19196 explorer.exe  [WH] [local@context-menu-overhaul] [2849:DumpMenuTree]: [menu d1] item 'Remove access' id=31025 offset=15 state=0000 bmp=755340550
02:19:58.043 19196 explorer.exe  [WH] [local@context-menu-overhaul] [2849:DumpMenuTree]: [menu d1] item 'Specific people...' id=31026 offset=16 state=0000 bmp=2030371380
02:19:58.044 19196 explorer.exe  [WH] [local@context-menu-overhaul] [2849:DumpMenuTree]: [menu d0] item 'SVN Chec&kout...' id=31012 offset=2 state=0000 bmp=-586873410
02:19:58.044 19196 explorer.exe  [WH] [local@context-menu-overhaul] [2842:DumpMenuTree]: [menu d0] submenu '&TortoiseSVN' id=31023 state=0000 bmp=1359320639 children=10
02:19:58.044 19196 explorer.exe  [WH] [local@context-menu-overhaul] [2849:DumpMenuTree]: [menu d1] item '&Repo-browser' id=31013 offset=3 state=0000 bmp=-1912252808
02:19:58.044 19196 explorer.exe  [WH] [local@context-menu-overhaul] [2849:DumpMenuTree]: [menu d1] item 'E&xport...' id=31015 offset=5 state=0000 bmp=386242322
02:19:58.045 19196 explorer.exe  [WH] [local@context-menu-overhaul] [2849:DumpMenuTree]: [menu d1] item 'Create repositor&y here' id=31017 offset=7 state=0000 bmp=1543864643
02:19:58.045 19196 explorer.exe  [WH] [local@context-menu-overhaul] [2849:DumpMenuTree]: [menu d1] item '&Import...' id=31018 offset=8 state=0000 bmp=-385547236
02:19:58.045 19196 explorer.exe  [WH] [local@context-menu-overhaul] [2849:DumpMenuTree]: [menu d1] item '&Settings' id=31020 offset=10 state=0000 bmp=738563246
02:19:58.045 19196 explorer.exe  [WH] [local@context-menu-overhaul] [2849:DumpMenuTree]: [menu d1] item '&Help' id=31021 offset=11 state=0000 bmp=-670731844
02:19:58.045 19196 explorer.exe  [WH] [local@context-menu-overhaul] [2849:DumpMenuTree]: [menu d1] item 'About' id=31022 offset=12 state=0000 bmp=1258652071
02:19:58.812 19196 explorer.exe  [WH] [local@context-menu-overhaul] [5564:IUnknown_QueryService_Hook]: Blocking modern context menu presenter
02:19:58.813 19196 explorer.exe  [WH] [local@context-menu-overhaul] [2158:QueryContextMenu_Hook]: QueryContextMenu deferred: this=00000000C6125000 idFirst=31010 flags=00020424
02:19:58.813 19196 explorer.exe  [WH] [local@context-menu-overhaul] [5495:TrackPopupMenu_Hook]: Replacing context menu: kind=2
02:19:58.814 19196 explorer.exe  [WH] [local@context-menu-overhaul] [5334:ShowReplacementMenu]: Cache hit: scope=2 key=* shape=0 paths=0
02:19:58.814 19196 explorer.exe  [WH] [local@context-menu-overhaul] [510:ReorganizeAdvancedItems]: More options: moved 'Open in &Terminal' (verb '{9F156763-7844-4DC4-B2B1-901F640F5155}')
02:19:58.814 19196 explorer.exe  [WH] [local@context-menu-overhaul] [510:ReorganizeAdvancedItems]: More options: moved 'Open w&ith Code' (verb 'VSCode')
02:19:58.814 19196 explorer.exe  [WH] [local@context-menu-overhaul] [510:ReorganizeAdvancedItems]: More options: moved '&Give access to' (verb '')
02:19:58.814 19196 explorer.exe  [WH] [local@context-menu-overhaul] [510:ReorganizeAdvancedItems]: More options: moved 'SVN Chec&kout...' (verb 'tsvn_checkout')
02:19:58.814 19196 explorer.exe  [WH] [local@context-menu-overhaul] [510:ReorganizeAdvancedItems]: More options: moved '&TortoiseSVN' (verb '')
02:19:58.814 19196 explorer.exe  [WH] [local@context-menu-overhaul] [517:ReorganizeAdvancedItems]: More options: kept 'P&roperties' (verb 'properties')
02:19:58.815 19196 explorer.exe  [WH] [local@context-menu-overhaul] [5366:ShowReplacementMenu]: Menu prep: 0 ms
02:20:07.573 19196 explorer.exe  [WH] [local@context-menu-overhaul] [5564:IUnknown_QueryService_Hook]: Blocking modern context menu presenter
02:20:07.574 19196 explorer.exe  [WH] [local@context-menu-overhaul] [2158:QueryContextMenu_Hook]: QueryContextMenu deferred: this=00000000C6121DF0 idFirst=30977 flags=00020494
02:20:07.574 19196 explorer.exe  [WH] [local@context-menu-overhaul] [5495:TrackPopupMenu_Hook]: Replacing context menu: kind=2
02:20:07.575 19196 explorer.exe  [WH] [local@context-menu-overhaul] [5334:ShowReplacementMenu]: Cache miss: scope=0 key=.md shape=0 paths=1
02:20:07.575 19196 explorer.exe  [WH] [local@context-menu-overhaul] [5366:ShowReplacementMenu]: Menu prep: 16 ms
02:20:08.555 19196 explorer.exe  [WH] [local@context-menu-overhaul] [3832:EnsureContextPopulated]: Population: 813 ms, 29 items
02:20:08.648 19196 explorer.exe  [WH] [local@context-menu-overhaul] [2648:LogHandlerCandidates]: Handler candidates for '&Open' (*): {C52B9871-E5E9-41FD-B84D-C5ACADBEC7AE}
02:20:08.648 19196 explorer.exe  [WH] [local@context-menu-overhaul] [2648:LogHandlerCandidates]: Handler candidates for '&Open' (*): 7-Zip, AccExt, Adobe.Acrobat.ContextMenu, ANotepad++64, EPP, IDriveMenu, Open With, Open With EncryptionMenu, Sharing, TortoiseSVN, WinRAR, WinRAR32
02:20:08.648 19196 explorer.exe  [WH] [local@context-menu-overhaul] [2648:LogHandlerCandidates]: Handler candidates for '&Open' (AllFilesystemObjects): ACShell, CopyAsPathMenu, DeleteFiles, MBAMShlExt, ModernSharing, SendTo, {474C98EE-CF3D-41f5-80E3-4AAB0AB04301}, {596AB062-B4D2-4215-9F74-E9109B0A8153}, {a2a9545d-a0c2-42b4-9708-a0b2badd77c8}
02:20:08.648 19196 explorer.exe  [WH] [local@context-menu-overhaul] [2691:ApplyRegistryIcons]: No registry icon for '&Open' (verb 'open')
02:20:08.673 19196 explorer.exe  [WH] [local@context-menu-overhaul] [2648:LogHandlerCandidates]: Handler candidates for 'Add to &Favorites' (*): {C52B9871-E5E9-41FD-B84D-C5ACADBEC7AE}
02:20:08.673 19196 explorer.exe  [WH] [local@context-menu-overhaul] [2648:LogHandlerCandidates]: Handler candidates for 'Add to &Favorites' (*): 7-Zip, AccExt, Adobe.Acrobat.ContextMenu, ANotepad++64, EPP, IDriveMenu, Open With, Open With EncryptionMenu, Sharing, TortoiseSVN, WinRAR, WinRAR32
02:20:08.673 19196 explorer.exe  [WH] [local@context-menu-overhaul] [2648:LogHandlerCandidates]: Handler candidates for 'Add to &Favorites' (AllFilesystemObjects): ACShell, CopyAsPathMenu, DeleteFiles, MBAMShlExt, ModernSharing, SendTo, {474C98EE-CF3D-41f5-80E3-4AAB0AB04301}, {596AB062-B4D2-4215-9F74-E9109B0A8153}, {a2a9545d-a0c2-42b4-9708-a0b2badd77c8}
02:20:08.674 19196 explorer.exe  [WH] [local@context-menu-overhaul] [2691:ApplyRegistryIcons]: No registry icon for 'Add to &Favorites' (verb 'pintohomefile')
02:20:08.748 19196 explorer.exe  [WH] [local@context-menu-overhaul] [2648:LogHandlerCandidates]: Handler candidates for '&Choose another app' (*): {C52B9871-E5E9-41FD-B84D-C5ACADBEC7AE}
02:20:08.750 19196 explorer.exe  [WH] [local@context-menu-overhaul] [2648:LogHandlerCandidates]: Handler candidates for '&Choose another app' (*): 7-Zip, AccExt, Adobe.Acrobat.ContextMenu, ANotepad++64, EPP, IDriveMenu, Open With, Open With EncryptionMenu, Sharing, TortoiseSVN, WinRAR, WinRAR32
02:20:08.750 19196 explorer.exe  [WH] [local@context-menu-overhaul] [2648:LogHandlerCandidates]: Handler candidates for '&Choose another app' (AllFilesystemObjects): ACShell, CopyAsPathMenu, DeleteFiles, MBAMShlExt, ModernSharing, SendTo, {474C98EE-CF3D-41f5-80E3-4AAB0AB04301}, {596AB062-B4D2-4215-9F74-E9109B0A8153}, {a2a9545d-a0c2-42b4-9708-a0b2badd77c8}
02:20:08.750 19196 explorer.exe  [WH] [local@context-menu-overhaul] [2691:ApplyRegistryIcons]: No registry icon for '&Choose another app' (verb 'openas')
02:20:08.864 19196 explorer.exe  [WH] [local@context-menu-overhaul] [2648:LogHandlerCandidates]: Handler candidates for 'Copy &as path' (*): {C52B9871-E5E9-41FD-B84D-C5ACADBEC7AE}
02:20:08.864 19196 explorer.exe  [WH] [local@context-menu-overhaul] [2648:LogHandlerCandidates]: Handler candidates for 'Copy &as path' (*): 7-Zip, AccExt, Adobe.Acrobat.ContextMenu, ANotepad++64, EPP, IDriveMenu, Open With, Open With EncryptionMenu, Sharing, TortoiseSVN, WinRAR, WinRAR32
02:20:08.864 19196 explorer.exe  [WH] [local@context-menu-overhaul] [2648:LogHandlerCandidates]: Handler candidates for 'Copy &as path' (AllFilesystemObjects): ACShell, CopyAsPathMenu, DeleteFiles, MBAMShlExt, ModernSharing, SendTo, {474C98EE-CF3D-41f5-80E3-4AAB0AB04301}, {596AB062-B4D2-4215-9F74-E9109B0A8153}, {a2a9545d-a0c2-42b4-9708-a0b2badd77c8}
02:20:08.865 19196 explorer.exe  [WH] [local@context-menu-overhaul] [2691:ApplyRegistryIcons]: No registry icon for 'Copy &as path' (verb 'copyaspath')
02:20:08.890 19196 explorer.exe  [WH] [local@context-menu-overhaul] [2648:LogHandlerCandidates]: Handler candidates for 'Restore previous &versions' (*): {C52B9871-E5E9-41FD-B84D-C5ACADBEC7AE}
02:20:08.891 19196 explorer.exe  [WH] [local@context-menu-overhaul] [2648:LogHandlerCandidates]: Handler candidates for 'Restore previous &versions' (*): 7-Zip, AccExt, Adobe.Acrobat.ContextMenu, ANotepad++64, EPP, IDriveMenu, Open With, Open With EncryptionMenu, Sharing, TortoiseSVN, WinRAR, WinRAR32
02:20:08.891 19196 explorer.exe  [WH] [local@context-menu-overhaul] [2648:LogHandlerCandidates]: Handler candidates for 'Restore previous &versions' (AllFilesystemObjects): ACShell, CopyAsPathMenu, DeleteFiles, MBAMShlExt, ModernSharing, SendTo, {474C98EE-CF3D-41f5-80E3-4AAB0AB04301}, {596AB062-B4D2-4215-9F74-E9109B0A8153}, {a2a9545d-a0c2-42b4-9708-a0b2badd77c8}
02:20:08.891 19196 explorer.exe  [WH] [local@context-menu-overhaul] [2691:ApplyRegistryIcons]: No registry icon for 'Restore previous &versions' (verb 'PreviousVersions')
02:20:08.990 19196 explorer.exe  [WH] [local@context-menu-overhaul] [2648:LogHandlerCandidates]: Handler candidates for 'Cu&t' (*): {C52B9871-E5E9-41FD-B84D-C5ACADBEC7AE}
02:20:08.990 19196 explorer.exe  [WH] [local@context-menu-overhaul] [2648:LogHandlerCandidates]: Handler candidates for 'Cu&t' (*): 7-Zip, AccExt, Adobe.Acrobat.ContextMenu, ANotepad++64, EPP, IDriveMenu, Open With, Open With EncryptionMenu, Sharing, TortoiseSVN, WinRAR, WinRAR32
02:20:08.990 19196 explorer.exe  [WH] [local@context-menu-overhaul] [2648:LogHandlerCandidates]: Handler candidates for 'Cu&t' (AllFilesystemObjects): ACShell, CopyAsPathMenu, DeleteFiles, MBAMShlExt, ModernSharing, SendTo, {474C98EE-CF3D-41f5-80E3-4AAB0AB04301}, {596AB062-B4D2-4215-9F74-E9109B0A8153}, {a2a9545d-a0c2-42b4-9708-a0b2badd77c8}
02:20:08.991 19196 explorer.exe  [WH] [local@context-menu-overhaul] [2691:ApplyRegistryIcons]: No registry icon for 'Cu&t' (verb 'cut')
02:20:09.000 19196 explorer.exe  [WH] [local@context-menu-overhaul] [2648:LogHandlerCandidates]: Handler candidates for '&Copy' (*): {C52B9871-E5E9-41FD-B84D-C5ACADBEC7AE}
02:20:09.000 19196 explorer.exe  [WH] [local@context-menu-overhaul] [2648:LogHandlerCandidates]: Handler candidates for '&Copy' (*): 7-Zip, AccExt, Adobe.Acrobat.ContextMenu, ANotepad++64, EPP, IDriveMenu, Open With, Open With EncryptionMenu, Sharing, TortoiseSVN, WinRAR, WinRAR32
02:20:09.000 19196 explorer.exe  [WH] [local@context-menu-overhaul] [2648:LogHandlerCandidates]: Handler candidates for '&Copy' (AllFilesystemObjects): ACShell, CopyAsPathMenu, DeleteFiles, MBAMShlExt, ModernSharing, SendTo, {474C98EE-CF3D-41f5-80E3-4AAB0AB04301}, {596AB062-B4D2-4215-9F74-E9109B0A8153}, {a2a9545d-a0c2-42b4-9708-a0b2badd77c8}
02:20:09.000 19196 explorer.exe  [WH] [local@context-menu-overhaul] [2691:ApplyRegistryIcons]: No registry icon for '&Copy' (verb 'copy')
02:20:09.009 19196 explorer.exe  [WH] [local@context-menu-overhaul] [2648:LogHandlerCandidates]: Handler candidates for 'Create &shortcut' (*): {C52B9871-E5E9-41FD-B84D-C5ACADBEC7AE}
02:20:09.010 19196 explorer.exe  [WH] [local@context-menu-overhaul] [2648:LogHandlerCandidates]: Handler candidates for 'Create &shortcut' (*): 7-Zip, AccExt, Adobe.Acrobat.ContextMenu, ANotepad++64, EPP, IDriveMenu, Open With, Open With EncryptionMenu, Sharing, TortoiseSVN, WinRAR, WinRAR32
02:20:09.010 19196 explorer.exe  [WH] [local@context-menu-overhaul] [2648:LogHandlerCandidates]: Handler candidates for 'Create &shortcut' (AllFilesystemObjects): ACShell, CopyAsPathMenu, DeleteFiles, MBAMShlExt, ModernSharing, SendTo, {474C98EE-CF3D-41f5-80E3-4AAB0AB04301}, {596AB062-B4D2-4215-9F74-E9109B0A8153}, {a2a9545d-a0c2-42b4-9708-a0b2badd77c8}
02:20:09.010 19196 explorer.exe  [WH] [local@context-menu-overhaul] [2691:ApplyRegistryIcons]: No registry icon for 'Create &shortcut' (verb 'link')
02:20:09.018 19196 explorer.exe  [WH] [local@context-menu-overhaul] [2648:LogHandlerCandidates]: Handler candidates for '&Delete' (*): {C52B9871-E5E9-41FD-B84D-C5ACADBEC7AE}
02:20:09.018 19196 explorer.exe  [WH] [local@context-menu-overhaul] [2648:LogHandlerCandidates]: Handler candidates for '&Delete' (*): 7-Zip, AccExt, Adobe.Acrobat.ContextMenu, ANotepad++64, EPP, IDriveMenu, Open With, Open With EncryptionMenu, Sharing, TortoiseSVN, WinRAR, WinRAR32
02:20:09.018 19196 explorer.exe  [WH] [local@context-menu-overhaul] [2648:LogHandlerCandidates]: Handler candidates for '&Delete' (AllFilesystemObjects): ACShell, CopyAsPathMenu, DeleteFiles, MBAMShlExt, ModernSharing, SendTo, {474C98EE-CF3D-41f5-80E3-4AAB0AB04301}, {596AB062-B4D2-4215-9F74-E9109B0A8153}, {a2a9545d-a0c2-42b4-9708-a0b2badd77c8}
02:20:09.020 19196 explorer.exe  [WH] [local@context-menu-overhaul] [2691:ApplyRegistryIcons]: No registry icon for '&Delete' (verb 'delete')
02:20:09.028 19196 explorer.exe  [WH] [local@context-menu-overhaul] [2648:LogHandlerCandidates]: Handler candidates for 'Rena&me' (*): {C52B9871-E5E9-41FD-B84D-C5ACADBEC7AE}
02:20:09.029 19196 explorer.exe  [WH] [local@context-menu-overhaul] [2648:LogHandlerCandidates]: Handler candidates for 'Rena&me' (*): 7-Zip, AccExt, Adobe.Acrobat.ContextMenu, ANotepad++64, EPP, IDriveMenu, Open With, Open With EncryptionMenu, Sharing, TortoiseSVN, WinRAR, WinRAR32
02:20:09.029 19196 explorer.exe  [WH] [local@context-menu-overhaul] [2648:LogHandlerCandidates]: Handler candidates for 'Rena&me' (AllFilesystemObjects): ACShell, CopyAsPathMenu, DeleteFiles, MBAMShlExt, ModernSharing, SendTo, {474C98EE-CF3D-41f5-80E3-4AAB0AB04301}, {596AB062-B4D2-4215-9F74-E9109B0A8153}, {a2a9545d-a0c2-42b4-9708-a0b2badd77c8}
02:20:09.029 19196 explorer.exe  [WH] [local@context-menu-overhaul] [2691:ApplyRegistryIcons]: No registry icon for 'Rena&me' (verb 'rename')
02:20:09.037 19196 explorer.exe  [WH] [local@context-menu-overhaul] [2648:LogHandlerCandidates]: Handler candidates for 'P&roperties' (*): {C52B9871-E5E9-41FD-B84D-C5ACADBEC7AE}
02:20:09.037 19196 explorer.exe  [WH] [local@context-menu-overhaul] [2648:LogHandlerCandidates]: Handler candidates for 'P&roperties' (*): 7-Zip, AccExt, Adobe.Acrobat.ContextMenu, ANotepad++64, EPP, IDriveMenu, Open With, Open With EncryptionMenu, Sharing, TortoiseSVN, WinRAR, WinRAR32
02:20:09.037 19196 explorer.exe  [WH] [local@context-menu-overhaul] [2648:LogHandlerCandidates]: Handler candidates for 'P&roperties' (AllFilesystemObjects): ACShell, CopyAsPathMenu, DeleteFiles, MBAMShlExt, ModernSharing, SendTo, {474C98EE-CF3D-41f5-80E3-4AAB0AB04301}, {596AB062-B4D2-4215-9F74-E9109B0A8153}, {a2a9545d-a0c2-42b4-9708-a0b2badd77c8}
02:20:09.037 19196 explorer.exe  [WH] [local@context-menu-overhaul] [2691:ApplyRegistryIcons]: No registry icon for 'P&roperties' (verb 'properties')
02:20:09.038 19196 explorer.exe  [WH] [local@context-menu-overhaul] [3028:CaptureOwnerDrawIcons]: Owner-draw draw not handled for '&Open' (verb 'open')
02:20:09.038 19196 explorer.exe  [WH] [local@context-menu-overhaul] [3028:CaptureOwnerDrawIcons]: Owner-draw draw not handled for 'Add to &Favorites' (verb 'pintohomefile')
02:20:09.038 19196 explorer.exe  [WH] [local@context-menu-overhaul] [3028:CaptureOwnerDrawIcons]: Owner-draw draw not handled for '&Choose another app' (verb 'openas')
02:20:09.038 19196 explorer.exe  [WH] [local@context-menu-overhaul] [3028:CaptureOwnerDrawIcons]: Owner-draw draw not handled for 'Copy &as path' (verb 'copyaspath')
02:20:09.038 19196 explorer.exe  [WH] [local@context-menu-overhaul] [3028:CaptureOwnerDrawIcons]: Owner-draw draw not handled for 'Restore previous &versions' (verb 'PreviousVersions')
02:20:09.038 19196 explorer.exe  [WH] [local@context-menu-overhaul] [3028:CaptureOwnerDrawIcons]: Owner-draw draw not handled for 'Cu&t' (verb 'cut')
02:20:09.038 19196 explorer.exe  [WH] [local@context-menu-overhaul] [3028:CaptureOwnerDrawIcons]: Owner-draw draw not handled for '&Copy' (verb 'copy')
02:20:09.038 19196 explorer.exe  [WH] [local@context-menu-overhaul] [3028:CaptureOwnerDrawIcons]: Owner-draw draw not handled for 'Create &shortcut' (verb 'link')
02:20:09.040 19196 explorer.exe  [WH] [local@context-menu-overhaul] [3028:CaptureOwnerDrawIcons]: Owner-draw draw not handled for '&Delete' (verb 'delete')
02:20:09.040 19196 explorer.exe  [WH] [local@context-menu-overhaul] [3028:CaptureOwnerDrawIcons]: Owner-draw draw not handled for 'Rena&me' (verb 'rename')
02:20:09.040 19196 explorer.exe  [WH] [local@context-menu-overhaul] [3028:CaptureOwnerDrawIcons]: Owner-draw draw not handled for 'P&roperties' (verb 'properties')
02:20:09.040 19196 explorer.exe  [WH] [local@context-menu-overhaul] [3066:DiscoverIntoCache]: Discovered 29 menu items in 484 ms
02:20:09.040 19196 explorer.exe  [WH] [local@context-menu-overhaul] [2860:DumpModelItems]: [d0] kind=0 action=1 flags=00C1 offset=127 verb='open' label='&Open' children=0 icons=0
02:20:09.040 19196 explorer.exe  [WH] [local@context-menu-overhaul] [2860:DumpModelItems]: [d0] kind=0 action=1 flags=02C0 offset=129 verb='{CA6CC9F1-867A-481E-951E-A28C5E4F01EA}' label='Edit in Notepad' children=0 icons=2304
02:20:09.041 19196 explorer.exe  [WH] [local@context-menu-overhaul] [2860:DumpModelItems]: [d0] kind=1 action=3 flags=0240 offset=0 verb='' label='WinRAR' children=1 icons=2304
02:20:09.041 19196 explorer.exe  [WH] [local@context-menu-overhaul] [2860:DumpModelItems]: [d1] kind=0 action=1 flags=00C0 offset=138 verb='' label='&Add to archive...' children=0 icons=2304
02:20:09.041 19196 explorer.exe  [WH] [local@context-menu-overhaul] [2860:DumpModelItems]: [d0] kind=0 action=1 flags=00C0 offset=133 verb='pintohomefile' label='Add to &Favorites' children=0 icons=0
02:20:09.041 19196 explorer.exe  [WH] [local@context-menu-overhaul] [2860:DumpModelItems]: [d0] kind=0 action=1 flags=00C0 offset=135 verb='runas' label='Grant Admin Full Control' children=0 icons=2304
02:20:09.041 19196 explorer.exe  [WH] [local@context-menu-overhaul] [2860:DumpModelItems]: [d0] kind=0 action=1 flags=00C0 offset=137 verb='VSCode' label='Open w&ith Code' children=0 icons=2304
02:20:09.042 19196 explorer.exe  [WH] [local@context-menu-overhaul] [2860:DumpModelItems]: [d0] kind=0 action=1 flags=02C0 offset=126 verb='' label='Edit with &Notepad++' children=0 icons=2500
02:20:09.042 19196 explorer.exe  [WH] [local@context-menu-overhaul] [2860:DumpModelItems]: [d0] kind=1 action=3 flags=0040 offset=0 verb='' label='Open wit&h' children=7 icons=0
02:20:09.042 19196 explorer.exe  [WH] [local@context-menu-overhaul] [2860:DumpModelItems]: [d1] kind=0 action=1 flags=02C0 offset=111 verb='' label='Notepad++ : a free (GNU) source code editor' children=0 icons=2304
02:20:09.042 19196 explorer.exe  [WH] [local@context-menu-overhaul] [2860:DumpModelItems]: [d1] kind=0 action=1 flags=00C0 offset=112 verb='' label='The calibre e-book viewer' children=0 icons=2304
02:20:09.042 19196 explorer.exe  [WH] [local@context-menu-overhaul] [2860:DumpModelItems]: [d1] kind=0 action=1 flags=00C0 offset=113 verb='' label='The main calibre program' children=0 icons=2304
02:20:09.042 19196 explorer.exe  [WH] [local@context-menu-overhaul] [2860:DumpModelItems]: [d1] kind=0 action=1 flags=00C0 offset=114 verb='' label='Visual Studio Code' children=0 icons=2304
02:20:09.043 19196 explorer.exe  [WH] [local@context-menu-overhaul] [2860:DumpModelItems]: [d1] kind=2 action=0 flags=0048 offset=0 verb='' label='' children=0 icons=0
02:20:09.043 19196 explorer.exe  [WH] [local@context-menu-overhaul] [2860:DumpModelItems]: [d1] kind=0 action=1 flags=00C0 offset=110 verb='' label='&Search the Microsoft Store' children=0 icons=2304
02:20:09.043 19196 explorer.exe  [WH] [local@context-menu-overhaul] [2860:DumpModelItems]: [d1] kind=0 action=1 flags=00C0 offset=109 verb='openas' label='&Choose another app' children=0 icons=0
02:20:09.043 19196 explorer.exe  [WH] [local@context-menu-overhaul] [2860:DumpModelItems]: [d0] kind=2 action=0 flags=0048 offset=0 verb='' label='' children=0 icons=0
02:20:09.043 19196 explorer.exe  [WH] [local@context-menu-overhaul] [2860:DumpModelItems]: [d0] kind=1 action=3 flags=0040 offset=0 verb='' label='&Give access to' children=2 icons=0
02:20:09.044 19196 explorer.exe  [WH] [local@context-menu-overhaul] [2860:DumpModelItems]: [d1] kind=0 action=1 flags=00C0 offset=93 verb='' label='Remove access' children=0 icons=2304
02:20:09.044 19196 explorer.exe  [WH] [local@context-menu-overhaul] [2860:DumpModelItems]: [d1] kind=0 action=1 flags=00C0 offset=94 verb='' label='Specific people...' children=0 icons=2304
02:20:09.044 19196 explorer.exe  [WH] [local@context-menu-overhaul] [2860:DumpModelItems]: [d0] kind=2 action=0 flags=0048 offset=0 verb='' label='' children=0 icons=0
02:20:09.044 19196 explorer.exe  [WH] [local@context-menu-overhaul] [2860:DumpModelItems]: [d0] kind=1 action=3 flags=0240 offset=0 verb='' label='&TortoiseSVN' children=7 icons=2304
02:20:09.044 19196 explorer.exe  [WH] [local@context-menu-overhaul] [2860:DumpModelItems]: [d1] kind=0 action=1 flags=00C0 offset=84 verb='tsvn_difflater' label='Diff later' children=0 icons=2304
02:20:09.044 19196 explorer.exe  [WH] [local@context-menu-overhaul] [2860:DumpModelItems]: [d1] kind=0 action=1 flags=00C0 offset=85 verb='tsvn_diffnow' label='Diff with "C:\Users\B0LT...\persistent - Copy.txt"' children=0 icons=2304
02:20:09.045 19196 explorer.exe  [WH] [local@context-menu-overhaul] [2860:DumpModelItems]: [d1] kind=0 action=1 flags=00C0 offset=86 verb='tsvn_repobrowse' label='&Repo-browser' children=0 icons=2304
02:20:09.045 19196 explorer.exe  [WH] [local@context-menu-overhaul] [2860:DumpModelItems]: [d1] kind=2 action=0 flags=0048 offset=0 verb='' label='' children=0 icons=0
02:20:09.045 19196 explorer.exe  [WH] [local@context-menu-overhaul] [2860:DumpModelItems]: [d1] kind=0 action=1 flags=00C0 offset=88 verb='tsvn_settings' label='&Settings' children=0 icons=2304
02:20:09.045 19196 explorer.exe  [WH] [local@context-menu-overhaul] [2860:DumpModelItems]: [d1] kind=0 action=1 flags=00C0 offset=89 verb='tsvn_help' label='&Help' children=0 icons=2304
02:20:09.045 19196 explorer.exe  [WH] [local@context-menu-overhaul] [2860:DumpModelItems]: [d1] kind=0 action=1 flags=00C0 offset=90 verb='tsvn_about' label='About' children=0 icons=2304
02:20:09.046 19196 explorer.exe  [WH] [local@context-menu-overhaul] [2860:DumpModelItems]: [d0] kind=2 action=0 flags=0048 offset=0 verb='' label='' children=0 icons=0
02:20:09.046 19196 explorer.exe  [WH] [local@context-menu-overhaul] [2860:DumpModelItems]: [d0] kind=1 action=3 flags=0240 offset=0 verb='' label='&WinRAR' children=1 icons=2304
02:20:09.046 19196 explorer.exe  [WH] [local@context-menu-overhaul] [2860:DumpModelItems]: [d1] kind=0 action=1 flags=00C0 offset=82 verb='WinRAR.AddOptions' label='&Add to archive...' children=0 icons=2304
02:20:09.046 19196 explorer.exe  [WH] [local@context-menu-overhaul] [2860:DumpModelItems]: [d0] kind=0 action=1 flags=00C0 offset=79 verb='copyaspath' label='Copy &as path' children=0 icons=0
02:20:09.046 19196 explorer.exe  [WH] [local@context-menu-overhaul] [2860:DumpModelItems]: [d0] kind=0 action=1 flags=02C0 offset=78 verb='' label='Scan with Malwarebytes' children=0 icons=2500
02:20:09.047 19196 explorer.exe  [WH] [local@context-menu-overhaul] [2860:DumpModelItems]: [d0] kind=0 action=1 flags=00C0 offset=77 verb='Windows.ModernShare' label='&Share' children=0 icons=2500
02:20:09.047 19196 explorer.exe  [WH] [local@context-menu-overhaul] [2860:DumpModelItems]: [d0] kind=0 action=1 flags=00C0 offset=27 verb='PreviousVersions' label='Restore previous &versions' children=0 icons=0
02:20:09.047 19196 explorer.exe  [WH] [local@context-menu-overhaul] [2860:DumpModelItems]: [d0] kind=2 action=0 flags=0048 offset=0 verb='' label='' children=0 icons=0
02:20:09.047 19196 explorer.exe  [WH] [local@context-menu-overhaul] [2860:DumpModelItems]: [d0] kind=1 action=3 flags=0040 offset=0 verb='' label='Se&nd to' children=10 icons=0
02:20:09.047 19196 explorer.exe  [WH] [local@context-menu-overhaul] [2860:DumpModelItems]: [d1] kind=0 action=1 flags=00C0 offset=29 verb='' label='Bluetooth device' children=0 icons=2304
02:20:09.047 19196 explorer.exe  [WH] [local@context-menu-overhaul] [2860:DumpModelItems]: [d1] kind=0 action=1 flags=00C0 offset=30 verb='' label='Compressed (zipped) folder' children=0 icons=2304
02:20:09.048 19196 explorer.exe  [WH] [local@context-menu-overhaul] [2860:DumpModelItems]: [d1] kind=0 action=1 flags=00C0 offset=31 verb='' label='Desktop (create shortcut)' children=0 icons=2304
02:20:09.048 19196 explorer.exe  [WH] [local@context-menu-overhaul] [2860:DumpModelItems]: [d1] kind=0 action=1 flags=00C0 offset=32 verb='' label='Documents' children=0 icons=2304
02:20:09.048 19196 explorer.exe  [WH] [local@context-menu-overhaul] [2860:DumpModelItems]: [d1] kind=0 action=1 flags=00C0 offset=33 verb='' label='Fax recipient' children=0 icons=2304
02:20:09.048 19196 explorer.exe  [WH] [local@context-menu-overhaul] [2860:DumpModelItems]: [d1] kind=0 action=1 flags=00C0 offset=34 verb='' label='Mail recipient' children=0 icons=2304
02:20:09.048 19196 explorer.exe  [WH] [local@context-menu-overhaul] [2860:DumpModelItems]: [d1] kind=0 action=1 flags=00C0 offset=35 verb='' label='Manga Reader' children=0 icons=2304
02:20:09.049 19196 explorer.exe  [WH] [local@context-menu-overhaul] [2860:DumpModelItems]: [d1] kind=0 action=1 flags=00C0 offset=36 verb='' label='ShareX' children=0 icons=2304
02:20:09.049 19196 explorer.exe  [WH] [local@context-menu-overhaul] [2860:DumpModelItems]: [d1] kind=0 action=1 flags=00C0 offset=37 verb='' label='Skype' children=0 icons=2304
02:20:09.049 19196 explorer.exe  [WH] [local@context-menu-overhaul] [2860:DumpModelItems]: [d1] kind=0 action=1 flags=00C0 offset=38 verb='' label='TeamViewer' children=0 icons=2304
02:20:09.050 19196 explorer.exe  [WH] [local@context-menu-overhaul] [2860:DumpModelItems]: [d0] kind=2 action=0 flags=0048 offset=0 verb='' label='' children=0 icons=0
02:20:09.050 19196 explorer.exe  [WH] [local@context-menu-overhaul] [2860:DumpModelItems]: [d0] kind=0 action=1 flags=00C0 offset=24 verb='cut' label='Cu&t' children=0 icons=0
02:20:09.050 19196 explorer.exe  [WH] [local@context-menu-overhaul] [2860:DumpModelItems]: [d0] kind=0 action=1 flags=00C0 offset=25 verb='copy' label='&Copy' children=0 icons=0
02:20:09.050 19196 explorer.exe  [WH] [local@context-menu-overhaul] [2860:DumpModelItems]: [d0] kind=2 action=0 flags=0048 offset=0 verb='' label='' children=0 icons=0
02:20:09.051 19196 explorer.exe  [WH] [local@context-menu-overhaul] [2860:DumpModelItems]: [d0] kind=0 action=1 flags=00C0 offset=16 verb='link' label='Create &shortcut' children=0 icons=0
02:20:09.051 19196 explorer.exe  [WH] [local@context-menu-overhaul] [2860:DumpModelItems]: [d0] kind=0 action=1 flags=00C0 offset=17 verb='delete' label='&Delete' children=0 icons=0
02:20:09.051 19196 explorer.exe  [WH] [local@context-menu-overhaul] [2860:DumpModelItems]: [d0] kind=0 action=1 flags=00C0 offset=18 verb='rename' label='Rena&me' children=0 icons=0
02:20:09.052 19196 explorer.exe  [WH] [local@context-menu-overhaul] [2860:DumpModelItems]: [d0] kind=2 action=0 flags=0048 offset=0 verb='' label='' children=0 icons=0
02:20:09.052 19196 explorer.exe  [WH] [local@context-menu-overhaul] [2860:DumpModelItems]: [d0] kind=0 action=1 flags=00C0 offset=19 verb='properties' label='P&roperties' children=0 icons=0
02:20:09.058 19196 explorer.exe  [WH] [local@context-menu-overhaul] [5334:ShowReplacementMenu]: Cache hit: scope=0 key=.md shape=0 paths=1
02:20:09.058 19196 explorer.exe  [WH] [local@context-menu-overhaul] [510:ReorganizeAdvancedItems]: More options: moved 'Edit in Notepad' (verb '{CA6CC9F1-867A-481E-951E-A28C5E4F01EA}')
02:20:09.058 19196 explorer.exe  [WH] [local@context-menu-overhaul] [510:ReorganizeAdvancedItems]: More options: moved 'WinRAR' (verb '')
02:20:09.058 19196 explorer.exe  [WH] [local@context-menu-overhaul] [510:ReorganizeAdvancedItems]: More options: moved 'Add to &Favorites' (verb 'pintohomefile')
02:20:09.060 19196 explorer.exe  [WH] [local@context-menu-overhaul] [510:ReorganizeAdvancedItems]: More options: moved 'Open w&ith Code' (verb 'VSCode')
02:20:09.060 19196 explorer.exe  [WH] [local@context-menu-overhaul] [510:ReorganizeAdvancedItems]: More options: moved 'Edit with &Notepad++' (verb '')
02:20:09.060 19196 explorer.exe  [WH] [local@context-menu-overhaul] [510:ReorganizeAdvancedItems]: More options: moved '&Give access to' (verb '')
02:20:09.061 19196 explorer.exe  [WH] [local@context-menu-overhaul] [510:ReorganizeAdvancedItems]: More options: moved '&TortoiseSVN' (verb '')
02:20:09.061 19196 explorer.exe  [WH] [local@context-menu-overhaul] [510:ReorganizeAdvancedItems]: More options: moved '&WinRAR' (verb '')
02:20:09.061 19196 explorer.exe  [WH] [local@context-menu-overhaul] [510:ReorganizeAdvancedItems]: More options: moved 'Scan with Malwarebytes' (verb '')
02:20:09.061 19196 explorer.exe  [WH] [local@context-menu-overhaul] [510:ReorganizeAdvancedItems]: More options: moved '&Share' (verb 'Windows.ModernShare')
02:20:09.062 19196 explorer.exe  [WH] [local@context-menu-overhaul] [510:ReorganizeAdvancedItems]: More options: moved 'Restore previous &versions' (verb 'PreviousVersions')
02:20:09.062 19196 explorer.exe  [WH] [local@context-menu-overhaul] [517:ReorganizeAdvancedItems]: More options: kept 'Grant Admin Full Control' (verb 'runas')
02:20:09.062 19196 explorer.exe  [WH] [local@context-menu-overhaul] [5366:ShowReplacementMenu]: Menu prep: 1500 ms
02:20:09.776 19196 explorer.exe  [WH] [local@context-menu-overhaul] [5564:IUnknown_QueryService_Hook]: Blocking modern context menu presenter
02:20:09.777 19196 explorer.exe  [WH] [local@context-menu-overhaul] [2158:QueryContextMenu_Hook]: QueryContextMenu deferred: this=00000000C6125000 idFirst=30977 flags=00020494
02:20:09.777 19196 explorer.exe  [WH] [local@context-menu-overhaul] [5495:TrackPopupMenu_Hook]: Replacing context menu: kind=2
02:20:09.777 19196 explorer.exe  [WH] [local@context-menu-overhaul] [5334:ShowReplacementMenu]: Cache miss: scope=0 key=.log shape=0 paths=1
02:20:09.777 19196 explorer.exe  [WH] [local@context-menu-overhaul] [5366:ShowReplacementMenu]: Menu prep: 0 ms
02:20:10.086 19196 explorer.exe  [WH] [local@context-menu-overhaul] [3832:EnsureContextPopulated]: Population: 156 ms, 31 items
02:20:10.122 19196 explorer.exe  [WH] [local@context-menu-overhaul] [2648:LogHandlerCandidates]: Handler candidates for '&Open' (*): {C52B9871-E5E9-41FD-B84D-C5ACADBEC7AE}
02:20:10.122 19196 explorer.exe  [WH] [local@context-menu-overhaul] [2648:LogHandlerCandidates]: Handler candidates for '&Open' (*): 7-Zip, AccExt, Adobe.Acrobat.ContextMenu, ANotepad++64, EPP, IDriveMenu, Open With, Open With EncryptionMenu, Sharing, TortoiseSVN, WinRAR, WinRAR32
02:20:10.122 19196 explorer.exe  [WH] [local@context-menu-overhaul] [2648:LogHandlerCandidates]: Handler candidates for '&Open' (AllFilesystemObjects): ACShell, CopyAsPathMenu, DeleteFiles, MBAMShlExt, ModernSharing, SendTo, {474C98EE-CF3D-41f5-80E3-4AAB0AB04301}, {596AB062-B4D2-4215-9F74-E9109B0A8153}, {a2a9545d-a0c2-42b4-9708-a0b2badd77c8}
02:20:10.123 19196 explorer.exe  [WH] [local@context-menu-overhaul] [2691:ApplyRegistryIcons]: No registry icon for '&Open' (verb 'open')
02:20:10.131 19196 explorer.exe  [WH] [local@context-menu-overhaul] [2648:LogHandlerCandidates]: Handler candidates for 'Edit' (*): {C52B9871-E5E9-41FD-B84D-C5ACADBEC7AE}
02:20:10.131 19196 explorer.exe  [WH] [local@context-menu-overhaul] [2648:LogHandlerCandidates]: Handler candidates for 'Edit' (*): 7-Zip, AccExt, Adobe.Acrobat.ContextMenu, ANotepad++64, EPP, IDriveMenu, Open With, Open With EncryptionMenu, Sharing, TortoiseSVN, WinRAR, WinRAR32
02:20:10.131 19196 explorer.exe  [WH] [local@context-menu-overhaul] [2648:LogHandlerCandidates]: Handler candidates for 'Edit' (AllFilesystemObjects): ACShell, CopyAsPathMenu, DeleteFiles, MBAMShlExt, ModernSharing, SendTo, {474C98EE-CF3D-41f5-80E3-4AAB0AB04301}, {596AB062-B4D2-4215-9F74-E9109B0A8153}, {a2a9545d-a0c2-42b4-9708-a0b2badd77c8}
02:20:10.132 19196 explorer.exe  [WH] [local@context-menu-overhaul] [2691:ApplyRegistryIcons]: No registry icon for 'Edit' (verb 'Edit')
02:20:10.140 19196 explorer.exe  [WH] [local@context-menu-overhaul] [2648:LogHandlerCandidates]: Handler candidates for 'Print' (*): {C52B9871-E5E9-41FD-B84D-C5ACADBEC7AE}
02:20:10.140 19196 explorer.exe  [WH] [local@context-menu-overhaul] [2648:LogHandlerCandidates]: Handler candidates for 'Print' (*): 7-Zip, AccExt, Adobe.Acrobat.ContextMenu, ANotepad++64, EPP, IDriveMenu, Open With, Open With EncryptionMenu, Sharing, TortoiseSVN, WinRAR, WinRAR32
02:20:10.140 19196 explorer.exe  [WH] [local@context-menu-overhaul] [2648:LogHandlerCandidates]: Handler candidates for 'Print' (AllFilesystemObjects): ACShell, CopyAsPathMenu, DeleteFiles, MBAMShlExt, ModernSharing, SendTo, {474C98EE-CF3D-41f5-80E3-4AAB0AB04301}, {596AB062-B4D2-4215-9F74-E9109B0A8153}, {a2a9545d-a0c2-42b4-9708-a0b2badd77c8}
02:20:10.141 19196 explorer.exe  [WH] [local@context-menu-overhaul] [2691:ApplyRegistryIcons]: No registry icon for 'Print' (verb 'Print')
02:20:10.163 19196 explorer.exe  [WH] [local@context-menu-overhaul] [2648:LogHandlerCandidates]: Handler candidates for 'Add to &Favorites' (*): {C52B9871-E5E9-41FD-B84D-C5ACADBEC7AE}
02:20:10.163 19196 explorer.exe  [WH] [local@context-menu-overhaul] [2648:LogHandlerCandidates]: Handler candidates for 'Add to &Favorites' (*): 7-Zip, AccExt, Adobe.Acrobat.ContextMenu, ANotepad++64, EPP, IDriveMenu, Open With, Open With EncryptionMenu, Sharing, TortoiseSVN, WinRAR, WinRAR32
02:20:10.164 19196 explorer.exe  [WH] [local@context-menu-overhaul] [2648:LogHandlerCandidates]: Handler candidates for 'Add to &Favorites' (AllFilesystemObjects): ACShell, CopyAsPathMenu, DeleteFiles, MBAMShlExt, ModernSharing, SendTo, {474C98EE-CF3D-41f5-80E3-4AAB0AB04301}, {596AB062-B4D2-4215-9F74-E9109B0A8153}, {a2a9545d-a0c2-42b4-9708-a0b2badd77c8}
02:20:10.164 19196 explorer.exe  [WH] [local@context-menu-overhaul] [2691:ApplyRegistryIcons]: No registry icon for 'Add to &Favorites' (verb 'pintohomefile')
02:20:10.188 19196 explorer.exe  [WH] [local@context-menu-overhaul] [2648:LogHandlerCandidates]: Handler candidates for 'Open wit&h...' (*): {C52B9871-E5E9-41FD-B84D-C5ACADBEC7AE}
02:20:10.189 19196 explorer.exe  [WH] [local@context-menu-overhaul] [2648:LogHandlerCandidates]: Handler candidates for 'Open wit&h...' (*): 7-Zip, AccExt, Adobe.Acrobat.ContextMenu, ANotepad++64, EPP, IDriveMenu, Open With, Open With EncryptionMenu, Sharing, TortoiseSVN, WinRAR, WinRAR32
02:20:10.189 19196 explorer.exe  [WH] [local@context-menu-overhaul] [2648:LogHandlerCandidates]: Handler candidates for 'Open wit&h...' (AllFilesystemObjects): ACShell, CopyAsPathMenu, DeleteFiles, MBAMShlExt, ModernSharing, SendTo, {474C98EE-CF3D-41f5-80E3-4AAB0AB04301}, {596AB062-B4D2-4215-9F74-E9109B0A8153}, {a2a9545d-a0c2-42b4-9708-a0b2badd77c8}
02:20:10.189 19196 explorer.exe  [WH] [local@context-menu-overhaul] [2691:ApplyRegistryIcons]: No registry icon for 'Open wit&h...' (verb 'openas')
02:20:10.290 19196 explorer.exe  [WH] [local@context-menu-overhaul] [2648:LogHandlerCandidates]: Handler candidates for 'Copy &as path' (*): {C52B9871-E5E9-41FD-B84D-C5ACADBEC7AE}
02:20:10.290 19196 explorer.exe  [WH] [local@context-menu-overhaul] [2648:LogHandlerCandidates]: Handler candidates for 'Copy &as path' (*): 7-Zip, AccExt, Adobe.Acrobat.ContextMenu, ANotepad++64, EPP, IDriveMenu, Open With, Open With EncryptionMenu, Sharing, TortoiseSVN, WinRAR, WinRAR32
02:20:10.291 19196 explorer.exe  [WH] [local@context-menu-overhaul] [2648:LogHandlerCandidates]: Handler candidates for 'Copy &as path' (AllFilesystemObjects): ACShell, CopyAsPathMenu, DeleteFiles, MBAMShlExt, ModernSharing, SendTo, {474C98EE-CF3D-41f5-80E3-4AAB0AB04301}, {596AB062-B4D2-4215-9F74-E9109B0A8153}, {a2a9545d-a0c2-42b4-9708-a0b2badd77c8}
02:20:10.291 19196 explorer.exe  [WH] [local@context-menu-overhaul] [2691:ApplyRegistryIcons]: No registry icon for 'Copy &as path' (verb 'copyaspath')
02:20:10.313 19196 explorer.exe  [WH] [local@context-menu-overhaul] [2648:LogHandlerCandidates]: Handler candidates for 'Restore previous &versions' (*): {C52B9871-E5E9-41FD-B84D-C5ACADBEC7AE}
02:20:10.313 19196 explorer.exe  [WH] [local@context-menu-overhaul] [2648:LogHandlerCandidates]: Handler candidates for 'Restore previous &versions' (*): 7-Zip, AccExt, Adobe.Acrobat.ContextMenu, ANotepad++64, EPP, IDriveMenu, Open With, Open With EncryptionMenu, Sharing, TortoiseSVN, WinRAR, WinRAR32
02:20:10.313 19196 explorer.exe  [WH] [local@context-menu-overhaul] [2648:LogHandlerCandidates]: Handler candidates for 'Restore previous &versions' (AllFilesystemObjects): ACShell, CopyAsPathMenu, DeleteFiles, MBAMShlExt, ModernSharing, SendTo, {474C98EE-CF3D-41f5-80E3-4AAB0AB04301}, {596AB062-B4D2-4215-9F74-E9109B0A8153}, {a2a9545d-a0c2-42b4-9708-a0b2badd77c8}
02:20:10.314 19196 explorer.exe  [WH] [local@context-menu-overhaul] [2691:ApplyRegistryIcons]: No registry icon for 'Restore previous &versions' (verb 'PreviousVersions')
02:20:10.401 19196 explorer.exe  [WH] [local@context-menu-overhaul] [2648:LogHandlerCandidates]: Handler candidates for 'Cu&t' (*): {C52B9871-E5E9-41FD-B84D-C5ACADBEC7AE}
02:20:10.401 19196 explorer.exe  [WH] [local@context-menu-overhaul] [2648:LogHandlerCandidates]: Handler candidates for 'Cu&t' (*): 7-Zip, AccExt, Adobe.Acrobat.ContextMenu, ANotepad++64, EPP, IDriveMenu, Open With, Open With EncryptionMenu, Sharing, TortoiseSVN, WinRAR, WinRAR32
02:20:10.401 19196 explorer.exe  [WH] [local@context-menu-overhaul] [2648:LogHandlerCandidates]: Handler candidates for 'Cu&t' (AllFilesystemObjects): ACShell, CopyAsPathMenu, DeleteFiles, MBAMShlExt, ModernSharing, SendTo, {474C98EE-CF3D-41f5-80E3-4AAB0AB04301}, {596AB062-B4D2-4215-9F74-E9109B0A8153}, {a2a9545d-a0c2-42b4-9708-a0b2badd77c8}
02:20:10.401 19196 explorer.exe  [WH] [local@context-menu-overhaul] [2691:ApplyRegistryIcons]: No registry icon for 'Cu&t' (verb 'cut')
02:20:10.409 19196 explorer.exe  [WH] [local@context-menu-overhaul] [2648:LogHandlerCandidates]: Handler candidates for '&Copy' (*): {C52B9871-E5E9-41FD-B84D-C5ACADBEC7AE}
02:20:10.409 19196 explorer.exe  [WH] [local@context-menu-overhaul] [2648:LogHandlerCandidates]: Handler candidates for '&Copy' (*): 7-Zip, AccExt, Adobe.Acrobat.ContextMenu, ANotepad++64, EPP, IDriveMenu, Open With, Open With EncryptionMenu, Sharing, TortoiseSVN, WinRAR, WinRAR32
02:20:10.410 19196 explorer.exe  [WH] [local@context-menu-overhaul] [2648:LogHandlerCandidates]: Handler candidates for '&Copy' (AllFilesystemObjects): ACShell, CopyAsPathMenu, DeleteFiles, MBAMShlExt, ModernSharing, SendTo, {474C98EE-CF3D-41f5-80E3-4AAB0AB04301}, {596AB062-B4D2-4215-9F74-E9109B0A8153}, {a2a9545d-a0c2-42b4-9708-a0b2badd77c8}
02:20:10.410 19196 explorer.exe  [WH] [local@context-menu-overhaul] [2691:ApplyRegistryIcons]: No registry icon for '&Copy' (verb 'copy')
02:20:10.420 19196 explorer.exe  [WH] [local@context-menu-overhaul] [2648:LogHandlerCandidates]: Handler candidates for 'Create &shortcut' (*): {C52B9871-E5E9-41FD-B84D-C5ACADBEC7AE}
02:20:10.420 19196 explorer.exe  [WH] [local@context-menu-overhaul] [2648:LogHandlerCandidates]: Handler candidates for 'Create &shortcut' (*): 7-Zip, AccExt, Adobe.Acrobat.ContextMenu, ANotepad++64, EPP, IDriveMenu, Open With, Open With EncryptionMenu, Sharing, TortoiseSVN, WinRAR, WinRAR32
02:20:10.421 19196 explorer.exe  [WH] [local@context-menu-overhaul] [2648:LogHandlerCandidates]: Handler candidates for 'Create &shortcut' (AllFilesystemObjects): ACShell, CopyAsPathMenu, DeleteFiles, MBAMShlExt, ModernSharing, SendTo, {474C98EE-CF3D-41f5-80E3-4AAB0AB04301}, {596AB062-B4D2-4215-9F74-E9109B0A8153}, {a2a9545d-a0c2-42b4-9708-a0b2badd77c8}
02:20:10.421 19196 explorer.exe  [WH] [local@context-menu-overhaul] [2691:ApplyRegistryIcons]: No registry icon for 'Create &shortcut' (verb 'link')
02:20:10.434 19196 explorer.exe  [WH] [local@context-menu-overhaul] [2648:LogHandlerCandidates]: Handler candidates for '&Delete' (*): {C52B9871-E5E9-41FD-B84D-C5ACADBEC7AE}
02:20:10.434 19196 explorer.exe  [WH] [local@context-menu-overhaul] [2648:LogHandlerCandidates]: Handler candidates for '&Delete' (*): 7-Zip, AccExt, Adobe.Acrobat.ContextMenu, ANotepad++64, EPP, IDriveMenu, Open With, Open With EncryptionMenu, Sharing, TortoiseSVN, WinRAR, WinRAR32
02:20:10.435 19196 explorer.exe  [WH] [local@context-menu-overhaul] [2648:LogHandlerCandidates]: Handler candidates for '&Delete' (AllFilesystemObjects): ACShell, CopyAsPathMenu, DeleteFiles, MBAMShlExt, ModernSharing, SendTo, {474C98EE-CF3D-41f5-80E3-4AAB0AB04301}, {596AB062-B4D2-4215-9F74-E9109B0A8153}, {a2a9545d-a0c2-42b4-9708-a0b2badd77c8}
02:20:10.435 19196 explorer.exe  [WH] [local@context-menu-overhaul] [2691:ApplyRegistryIcons]: No registry icon for '&Delete' (verb 'delete')
02:20:10.447 19196 explorer.exe  [WH] [local@context-menu-overhaul] [2648:LogHandlerCandidates]: Handler candidates for 'Rena&me' (*): {C52B9871-E5E9-41FD-B84D-C5ACADBEC7AE}
02:20:10.447 19196 explorer.exe  [WH] [local@context-menu-overhaul] [2648:LogHandlerCandidates]: Handler candidates for 'Rena&me' (*): 7-Zip, AccExt, Adobe.Acrobat.ContextMenu, ANotepad++64, EPP, IDriveMenu, Open With, Open With EncryptionMenu, Sharing, TortoiseSVN, WinRAR, WinRAR32
02:20:10.447 19196 explorer.exe  [WH] [local@context-menu-overhaul] [2648:LogHandlerCandidates]: Handler candidates for 'Rena&me' (AllFilesystemObjects): ACShell, CopyAsPathMenu, DeleteFiles, MBAMShlExt, ModernSharing, SendTo, {474C98EE-CF3D-41f5-80E3-4AAB0AB04301}, {596AB062-B4D2-4215-9F74-E9109B0A8153}, {a2a9545d-a0c2-42b4-9708-a0b2badd77c8}
02:20:10.448 19196 explorer.exe  [WH] [local@context-menu-overhaul] [2691:ApplyRegistryIcons]: No registry icon for 'Rena&me' (verb 'rename')
02:20:10.457 19196 explorer.exe  [WH] [local@context-menu-overhaul] [2648:LogHandlerCandidates]: Handler candidates for 'P&roperties' (*): {C52B9871-E5E9-41FD-B84D-C5ACADBEC7AE}
02:20:10.457 19196 explorer.exe  [WH] [local@context-menu-overhaul] [2648:LogHandlerCandidates]: Handler candidates for 'P&roperties' (*): 7-Zip, AccExt, Adobe.Acrobat.ContextMenu, ANotepad++64, EPP, IDriveMenu, Open With, Open With EncryptionMenu, Sharing, TortoiseSVN, WinRAR, WinRAR32
02:20:10.457 19196 explorer.exe  [WH] [local@context-menu-overhaul] [2648:LogHandlerCandidates]: Handler candidates for 'P&roperties' (AllFilesystemObjects): ACShell, CopyAsPathMenu, DeleteFiles, MBAMShlExt, ModernSharing, SendTo, {474C98EE-CF3D-41f5-80E3-4AAB0AB04301}, {596AB062-B4D2-4215-9F74-E9109B0A8153}, {a2a9545d-a0c2-42b4-9708-a0b2badd77c8}
02:20:10.458 19196 explorer.exe  [WH] [local@context-menu-overhaul] [2691:ApplyRegistryIcons]: No registry icon for 'P&roperties' (verb 'properties')
02:20:10.458 19196 explorer.exe  [WH] [local@context-menu-overhaul] [3028:CaptureOwnerDrawIcons]: Owner-draw draw not handled for '&Open' (verb 'open')
02:20:10.458 19196 explorer.exe  [WH] [local@context-menu-overhaul] [3028:CaptureOwnerDrawIcons]: Owner-draw draw not handled for 'Edit' (verb 'Edit')
02:20:10.458 19196 explorer.exe  [WH] [local@context-menu-overhaul] [3028:CaptureOwnerDrawIcons]: Owner-draw draw not handled for 'Print' (verb 'Print')
02:20:10.458 19196 explorer.exe  [WH] [local@context-menu-overhaul] [3028:CaptureOwnerDrawIcons]: Owner-draw draw not handled for 'Add to &Favorites' (verb 'pintohomefile')
02:20:10.459 19196 explorer.exe  [WH] [local@context-menu-overhaul] [3028:CaptureOwnerDrawIcons]: Owner-draw draw not handled for 'Open wit&h...' (verb 'openas')
02:20:10.459 19196 explorer.exe  [WH] [local@context-menu-overhaul] [3028:CaptureOwnerDrawIcons]: Owner-draw draw not handled for 'Copy &as path' (verb 'copyaspath')
02:20:10.459 19196 explorer.exe  [WH] [local@context-menu-overhaul] [3028:CaptureOwnerDrawIcons]: Owner-draw draw not handled for 'Restore previous &versions' (verb 'PreviousVersions')
02:20:10.459 19196 explorer.exe  [WH] [local@context-menu-overhaul] [3028:CaptureOwnerDrawIcons]: Owner-draw draw not handled for 'Cu&t' (verb 'cut')
02:20:10.459 19196 explorer.exe  [WH] [local@context-menu-overhaul] [3028:CaptureOwnerDrawIcons]: Owner-draw draw not handled for '&Copy' (verb 'copy')
02:20:10.460 19196 explorer.exe  [WH] [local@context-menu-overhaul] [3028:CaptureOwnerDrawIcons]: Owner-draw draw not handled for 'Create &shortcut' (verb 'link')
02:20:10.460 19196 explorer.exe  [WH] [local@context-menu-overhaul] [3028:CaptureOwnerDrawIcons]: Owner-draw draw not handled for '&Delete' (verb 'delete')
02:20:10.460 19196 explorer.exe  [WH] [local@context-menu-overhaul] [3028:CaptureOwnerDrawIcons]: Owner-draw draw not handled for 'Rena&me' (verb 'rename')
02:20:10.460 19196 explorer.exe  [WH] [local@context-menu-overhaul] [3028:CaptureOwnerDrawIcons]: Owner-draw draw not handled for 'P&roperties' (verb 'properties')
02:20:10.460 19196 explorer.exe  [WH] [local@context-menu-overhaul] [3066:DiscoverIntoCache]: Discovered 31 menu items in 375 ms
02:20:10.460 19196 explorer.exe  [WH] [local@context-menu-overhaul] [2860:DumpModelItems]: [d0] kind=0 action=1 flags=00C1 offset=127 verb='open' label='&Open' children=0 icons=0
02:20:10.461 19196 explorer.exe  [WH] [local@context-menu-overhaul] [2860:DumpModelItems]: [d0] kind=0 action=1 flags=00C0 offset=128 verb='Edit' label='Edit' children=0 icons=0
02:20:10.461 19196 explorer.exe  [WH] [local@context-menu-overhaul] [2860:DumpModelItems]: [d0] kind=0 action=1 flags=00C0 offset=129 verb='Print' label='Print' children=0 icons=0
02:20:10.461 19196 explorer.exe  [WH] [local@context-menu-overhaul] [2860:DumpModelItems]: [d0] kind=0 action=1 flags=02C0 offset=132 verb='{CA6CC9F1-867A-481E-951E-A28C5E4F01EA}' label='Edit in Notepad' children=0 icons=2304
02:20:10.461 19196 explorer.exe  [WH] [local@context-menu-overhaul] [2860:DumpModelItems]: [d0] kind=1 action=3 flags=0240 offset=0 verb='' label='WinRAR' children=1 icons=2304
02:20:10.461 19196 explorer.exe  [WH] [local@context-menu-overhaul] [2860:DumpModelItems]: [d1] kind=0 action=1 flags=00C0 offset=141 verb='' label='&Add to archive...' children=0 icons=2304
02:20:10.462 19196 explorer.exe  [WH] [local@context-menu-overhaul] [2860:DumpModelItems]: [d0] kind=0 action=1 flags=00C0 offset=136 verb='pintohomefile' label='Add to &Favorites' children=0 icons=0
02:20:10.462 19196 explorer.exe  [WH] [local@context-menu-overhaul] [2860:DumpModelItems]: [d0] kind=0 action=1 flags=00C0 offset=138 verb='runas' label='Grant Admin Full Control' children=0 icons=2304
02:20:10.462 19196 explorer.exe  [WH] [local@context-menu-overhaul] [2860:DumpModelItems]: [d0] kind=0 action=1 flags=00C0 offset=140 verb='VSCode' label='Open w&ith Code' children=0 icons=2304
02:20:10.463 19196 explorer.exe  [WH] [local@context-menu-overhaul] [2860:DumpModelItems]: [d0] kind=0 action=1 flags=02C0 offset=126 verb='' label='Edit with &Notepad++' children=0 icons=2500
02:20:10.463 19196 explorer.exe  [WH] [local@context-menu-overhaul] [2860:DumpModelItems]: [d0] kind=0 action=1 flags=00C0 offset=109 verb='openas' label='Open wit&h...' children=0 icons=0
02:20:10.463 19196 explorer.exe  [WH] [local@context-menu-overhaul] [2860:DumpModelItems]: [d0] kind=2 action=0 flags=0048 offset=0 verb='' label='' children=0 icons=0
02:20:10.463 19196 explorer.exe  [WH] [local@context-menu-overhaul] [2860:DumpModelItems]: [d0] kind=1 action=3 flags=0040 offset=0 verb='' label='&Give access to' children=2 icons=0
02:20:10.463 19196 explorer.exe  [WH] [local@context-menu-overhaul] [2860:DumpModelItems]: [d1] kind=0 action=1 flags=00C0 offset=93 verb='' label='Remove access' children=0 icons=2304
02:20:10.464 19196 explorer.exe  [WH] [local@context-menu-overhaul] [2860:DumpModelItems]: [d1] kind=0 action=1 flags=00C0 offset=94 verb='' label='Specific people...' children=0 icons=2304
02:20:10.464 19196 explorer.exe  [WH] [local@context-menu-overhaul] [2860:DumpModelItems]: [d0] kind=2 action=0 flags=0048 offset=0 verb='' label='' children=0 icons=0
02:20:10.464 19196 explorer.exe  [WH] [local@context-menu-overhaul] [2860:DumpModelItems]: [d0] kind=1 action=3 flags=0240 offset=0 verb='' label='&TortoiseSVN' children=7 icons=2304
02:20:10.464 19196 explorer.exe  [WH] [local@context-menu-overhaul] [2860:DumpModelItems]: [d1] kind=0 action=1 flags=00C0 offset=84 verb='tsvn_difflater' label='Diff later' children=0 icons=2304
02:20:10.464 19196 explorer.exe  [WH] [local@context-menu-overhaul] [2860:DumpModelItems]: [d1] kind=0 action=1 flags=00C0 offset=85 verb='tsvn_diffnow' label='Diff with "C:\Users\B0LT...\persistent - Copy.txt"' children=0 icons=2304
02:20:10.465 19196 explorer.exe  [WH] [local@context-menu-overhaul] [2860:DumpModelItems]: [d1] kind=0 action=1 flags=00C0 offset=86 verb='tsvn_repobrowse' label='&Repo-browser' children=0 icons=2304
02:20:10.465 19196 explorer.exe  [WH] [local@context-menu-overhaul] [2860:DumpModelItems]: [d1] kind=2 action=0 flags=0048 offset=0 verb='' label='' children=0 icons=0
02:20:10.465 19196 explorer.exe  [WH] [local@context-menu-overhaul] [2860:DumpModelItems]: [d1] kind=0 action=1 flags=00C0 offset=88 verb='tsvn_settings' label='&Settings' children=0 icons=2304
02:20:10.465 19196 explorer.exe  [WH] [local@context-menu-overhaul] [2860:DumpModelItems]: [d1] kind=0 action=1 flags=00C0 offset=89 verb='tsvn_help' label='&Help' children=0 icons=2304
02:20:10.465 19196 explorer.exe  [WH] [local@context-menu-overhaul] [2860:DumpModelItems]: [d1] kind=0 action=1 flags=00C0 offset=90 verb='tsvn_about' label='About' children=0 icons=2304
02:20:10.465 19196 explorer.exe  [WH] [local@context-menu-overhaul] [2860:DumpModelItems]: [d0] kind=2 action=0 flags=0048 offset=0 verb='' label='' children=0 icons=0
02:20:10.466 19196 explorer.exe  [WH] [local@context-menu-overhaul] [2860:DumpModelItems]: [d0] kind=1 action=3 flags=0240 offset=0 verb='' label='&WinRAR' children=1 icons=2304
02:20:10.466 19196 explorer.exe  [WH] [local@context-menu-overhaul] [2860:DumpModelItems]: [d1] kind=0 action=1 flags=00C0 offset=82 verb='WinRAR.AddOptions' label='&Add to archive...' children=0 icons=2304
02:20:10.466 19196 explorer.exe  [WH] [local@context-menu-overhaul] [2860:DumpModelItems]: [d0] kind=0 action=1 flags=00C0 offset=79 verb='copyaspath' label='Copy &as path' children=0 icons=0
02:20:10.466 19196 explorer.exe  [WH] [local@context-menu-overhaul] [2860:DumpModelItems]: [d0] kind=0 action=1 flags=02C0 offset=78 verb='' label='Scan with Malwarebytes' children=0 icons=2500
02:20:10.466 19196 explorer.exe  [WH] [local@context-menu-overhaul] [2860:DumpModelItems]: [d0] kind=0 action=1 flags=00C0 offset=77 verb='Windows.ModernShare' label='&Share' children=0 icons=2500
02:20:10.466 19196 explorer.exe  [WH] [local@context-menu-overhaul] [2860:DumpModelItems]: [d0] kind=0 action=1 flags=00C0 offset=27 verb='PreviousVersions' label='Restore previous &versions' children=0 icons=0
02:20:10.467 19196 explorer.exe  [WH] [local@context-menu-overhaul] [2860:DumpModelItems]: [d0] kind=2 action=0 flags=0048 offset=0 verb='' label='' children=0 icons=0
02:20:10.467 19196 explorer.exe  [WH] [local@context-menu-overhaul] [2860:DumpModelItems]: [d0] kind=1 action=3 flags=0040 offset=0 verb='' label='Se&nd to' children=8 icons=0
02:20:10.467 19196 explorer.exe  [WH] [local@context-menu-overhaul] [2860:DumpModelItems]: [d1] kind=0 action=1 flags=00C0 offset=29 verb='' label='Bluetooth device' children=0 icons=2304
02:20:10.467 19196 explorer.exe  [WH] [local@context-menu-overhaul] [2860:DumpModelItems]: [d1] kind=0 action=1 flags=00C0 offset=30 verb='' label='Compressed (zipped) folder' children=0 icons=2304
02:20:10.467 19196 explorer.exe  [WH] [local@context-menu-overhaul] [2860:DumpModelItems]: [d1] kind=0 action=1 flags=00C0 offset=31 verb='' label='Desktop (create shortcut)' children=0 icons=2304
02:20:10.468 19196 explorer.exe  [WH] [local@context-menu-overhaul] [2860:DumpModelItems]: [d1] kind=0 action=1 flags=00C0 offset=32 verb='' label='Documents' children=0 icons=2304
02:20:10.468 19196 explorer.exe  [WH] [local@context-menu-overhaul] [2860:DumpModelItems]: [d1] kind=0 action=1 flags=00C0 offset=33 verb='' label='Fax recipient' children=0 icons=2304
02:20:10.468 19196 explorer.exe  [WH] [local@context-menu-overhaul] [2860:DumpModelItems]: [d1] kind=0 action=1 flags=00C0 offset=34 verb='' label='Mail recipient' children=0 icons=2304
02:20:10.468 19196 explorer.exe  [WH] [local@context-menu-overhaul] [2860:DumpModelItems]: [d1] kind=0 action=1 flags=00C0 offset=35 verb='' label='Manga Reader' children=0 icons=2304
02:20:10.468 19196 explorer.exe  [WH] [local@context-menu-overhaul] [2860:DumpModelItems]: [d1] kind=0 action=1 flags=00C0 offset=36 verb='' label='ShareX' children=0 icons=2304
02:20:10.468 19196 explorer.exe  [WH] [local@context-menu-overhaul] [2860:DumpModelItems]: [d0] kind=2 action=0 flags=0048 offset=0 verb='' label='' children=0 icons=0
02:20:10.469 19196 explorer.exe  [WH] [local@context-menu-overhaul] [2860:DumpModelItems]: [d0] kind=0 action=1 flags=00C0 offset=24 verb='cut' label='Cu&t' children=0 icons=0
02:20:10.469 19196 explorer.exe  [WH] [local@context-menu-overhaul] [2860:DumpModelItems]: [d0] kind=0 action=1 flags=00C0 offset=25 verb='copy' label='&Copy' children=0 icons=0
02:20:10.469 19196 explorer.exe  [WH] [local@context-menu-overhaul] [2860:DumpModelItems]: [d0] kind=2 action=0 flags=0048 offset=0 verb='' label='' children=0 icons=0
02:20:10.469 19196 explorer.exe  [WH] [local@context-menu-overhaul] [2860:DumpModelItems]: [d0] kind=0 action=1 flags=00C0 offset=16 verb='link' label='Create &shortcut' children=0 icons=0
02:20:10.469 19196 explorer.exe  [WH] [local@context-menu-overhaul] [2860:DumpModelItems]: [d0] kind=0 action=1 flags=00C0 offset=17 verb='delete' label='&Delete' children=0 icons=0
02:20:10.470 19196 explorer.exe  [WH] [local@context-menu-overhaul] [2860:DumpModelItems]: [d0] kind=0 action=1 flags=00C0 offset=18 verb='rename' label='Rena&me' children=0 icons=0
02:20:10.470 19196 explorer.exe  [WH] [local@context-menu-overhaul] [2860:DumpModelItems]: [d0] kind=2 action=0 flags=0048 offset=0 verb='' label='' children=0 icons=0
02:20:10.470 19196 explorer.exe  [WH] [local@context-menu-overhaul] [2860:DumpModelItems]: [d0] kind=0 action=1 flags=00C0 offset=19 verb='properties' label='P&roperties' children=0 icons=0
02:20:10.475 19196 explorer.exe  [WH] [local@context-menu-overhaul] [5334:ShowReplacementMenu]: Cache hit: scope=0 key=.log shape=0 paths=1
02:20:10.476 19196 explorer.exe  [WH] [local@context-menu-overhaul] [510:ReorganizeAdvancedItems]: More options: moved 'Edit in Notepad' (verb '{CA6CC9F1-867A-481E-951E-A28C5E4F01EA}')
02:20:10.476 19196 explorer.exe  [WH] [local@context-menu-overhaul] [510:ReorganizeAdvancedItems]: More options: moved 'WinRAR' (verb '')
02:20:10.476 19196 explorer.exe  [WH] [local@context-menu-overhaul] [510:ReorganizeAdvancedItems]: More options: moved 'Add to &Favorites' (verb 'pintohomefile')
02:20:10.476 19196 explorer.exe  [WH] [local@context-menu-overhaul] [510:ReorganizeAdvancedItems]: More options: moved 'Open w&ith Code' (verb 'VSCode')
02:20:10.476 19196 explorer.exe  [WH] [local@context-menu-overhaul] [510:ReorganizeAdvancedItems]: More options: moved 'Edit with &Notepad++' (verb '')
02:20:10.476 19196 explorer.exe  [WH] [local@context-menu-overhaul] [510:ReorganizeAdvancedItems]: More options: moved '&Give access to' (verb '')
02:20:10.476 19196 explorer.exe  [WH] [local@context-menu-overhaul] [510:ReorganizeAdvancedItems]: More options: moved '&TortoiseSVN' (verb '')
02:20:10.477 19196 explorer.exe  [WH] [local@context-menu-overhaul] [510:ReorganizeAdvancedItems]: More options: moved '&WinRAR' (verb '')
02:20:10.477 19196 explorer.exe  [WH] [local@context-menu-overhaul] [510:ReorganizeAdvancedItems]: More options: moved 'Scan with Malwarebytes' (verb '')
02:20:10.477 19196 explorer.exe  [WH] [local@context-menu-overhaul] [510:ReorganizeAdvancedItems]: More options: moved '&Share' (verb 'Windows.ModernShare')
02:20:10.477 19196 explorer.exe  [WH] [local@context-menu-overhaul] [510:ReorganizeAdvancedItems]: More options: moved 'Restore previous &versions' (verb 'PreviousVersions')
02:20:10.477 19196 explorer.exe  [WH] [local@context-menu-overhaul] [517:ReorganizeAdvancedItems]: More options: kept 'Edit' (verb 'Edit')
02:20:10.477 19196 explorer.exe  [WH] [local@context-menu-overhaul] [517:ReorganizeAdvancedItems]: More options: kept 'Print' (verb 'Print')
02:20:10.478 19196 explorer.exe  [WH] [local@context-menu-overhaul] [517:ReorganizeAdvancedItems]: More options: kept 'Grant Admin Full Control' (verb 'runas')
02:20:10.478 19196 explorer.exe  [WH] [local@context-menu-overhaul] [5366:ShowReplacementMenu]: Menu prep: 703 ms
